country,year,continent,iso3c,happiness,life_expectancy,gdp_per_cap
Finland,2024,Europe,FIN,7.736,82.3365853658537,45075.1684940688
Denmark,2024,Europe,DNK,7.521,82.2536585365854,60772.8624276041
Iceland,2024,Europe,ISL,7.515,82.809756097561,59053.5648370451
Sweden,2024,Europe,SWE,7.345,84.0634146341463,54316.2619329718
Netherlands,2024,Europe,NLD,7.306,81.9658536585366,51174.8997297902
Costa Rica,2024,Americas,CRI,7.274,80.996,15052.9149924743
Norway,2024,Europe,NOR,7.262,83.1609756097561,83487.1332276928
Israel,2024,Asia,ISR,7.234,83.1975609756098,41882.0474698252
Luxembourg,2024,Europe,LUX,7.122,83.1951219512195,104147.111291588
Mexico,2024,Americas,MEX,6.979,75.264,10284.0336925726
Australia,2024,Oceania,AUS,6.974,83.0512195121951,61486.38147544
New Zealand,2024,Oceania,NZL,6.952,82.009756097561,41415.4670639187
Switzerland,2024,Europe,CHE,6.935,84.4073170731707,93018.3768706697
Belgium,2024,Europe,BEL,6.91,82.3,45019.6989654607
Ireland,2024,Europe,IRL,6.889,83.009756097561,94474.9879707069
Lithuania,2024,Europe,LTU,6.829,77.1951219512195,19205.4152293136
Austria,2024,Europe,AUT,6.81,81.9951219512195,45958.8250071261
Canada,2024,Americas,CAN,6.803,82.1080487804878,45061.3864587285
Slovenia,2024,Europe,SVN,6.792,82.2853658536585,26134.627203987
Czechia,2024,Europe,CZE,6.775,79.9780487804878,20449.1135911311
United Arab Emirates,2024,Asia,ARE,6.759,83.069,41605.4138706908
Germany,2024,Europe,DEU,6.753,80.7926829268293,44027.7631554469
United Kingdom,2024,Europe,GBR,6.728,81.3868536585366,47900.9680144146
United States,2024,Americas,USA,6.724,78.890243902439,66856.5131698371
Belize,2024,Americas,BLZ,6.711,73.739,6290.49294452749
Poland,2024,Europe,POL,6.673,78.409756097561,18000.5034591285
Uruguay,2024,Americas,URY,6.661,78.287,19024.1204266155
Kosovo,2024,Europe,XKX,6.659,78.222,5631.67958854422
Kuwait,2024,Asia,KWT,6.629,84.580487804878,24140.3257964584
Serbia,2024,Europe,SRB,6.606,75.9682926829268,8580.26105823259
Saudi Arabia,2024,Asia,SAU,6.6,78.982,25123.0122060281
France,2024,Europe,FRA,6.593,82.9804878048781,39683.3953489029
Singapore,2024,Asia,SGP,6.565,83.3463414634146,68129.6960402288
Romania,2024,Europe,ROU,6.563,76.4585365853659,12459.9112061891
Brazil,2024,Americas,BRA,6.494,76.023,9566.74518687619
El Salvador,2024,Americas,SLV,6.492,72.302,4576.55846613444
Spain,2024,Europe,ESP,6.466,83.8878048780488,29245.2192451729
Estonia,2024,Europe,EST,6.417,79.2951219512195,20078.1397620993
Italy,2024,Europe,ITA,6.415,83.9512195121951,34508.1235191237
Panama,2024,Americas,PAN,6.407,79.775,17122.7168795289
Argentina,2024,Americas,ARG,6.397,77.543,12774.3506596628
Kazakhstan,2024,Asia,KAZ,6.378,74.531,11872.7842626298
Guatemala,2024,Americas,GTM,6.362,72.746,4564.21378502908
Chile,2024,Americas,CHL,6.361,81.359,14616.9287938028
Viet Nam,2024,Asia,VNM,6.352,74.736,4012.50779921084
Nicaragua,2024,Americas,NIC,6.33,75.1,2290.31991989418
Malta,2024,Europe,MLT,6.316,82.9560975609756,34501.7892727094
Thailand,2024,Asia,THA,6.222,76.564,6616.58539335928
Slovakia,2024,Europe,SVK,6.221,78.3707317073171,19776.1758069498
Latvia,2024,Europe,LVA,6.207,76.4292682926829,16376.2565245797
Oman,2024,Asia,OMN,6.197,80.246,17347.2911298513
Uzbekistan,2024,Asia,UZB,6.193,72.528,4477.90745486742
Paraguay,2024,Americas,PRY,6.172,73.982,6670.6995656958
Japan,2024,Asia,JPN,6.147,84.0363414634146,37976.6371788298
Bosnia and Herzegovina,2024,Europe,BIH,6.136,78.044,6746.95366547249
Philippines,2024,Asia,PHL,6.107,69.946,3926.14900894495
Republic of Korea,2024,Asia,KOR,6.038,83.6292682926829,37048.4264001496
Bahrain,2024,Asia,BHR,6.03,81.423,25886.2393152311
Portugal,2024,Europe,PRT,6.013,82.3829268292683,22663.993126225
Colombia,2024,Americas,COL,6.004,77.913,6865.31283944628
Ecuador,2024,Americas,ECU,5.965,77.579,5993.74697758454
Honduras,2024,Americas,HND,5.964,73.044,2575.32081187859
Malaysia,2024,Asia,MYS,5.955,76.821,11883.79127749
Peru,2024,Americas,PER,5.947,77.941,6732.27773809578
Russian Federation,2024,Europe,RUS,5.945,73.4404878048781,11092.6337890625
Cyprus,2024,Asia,CYP,5.942,81.821,32757.541015625
China,2024,Asia,CHN,5.921,78.017,13119.1076099516
Hungary,2024,Europe,HUN,5.915,76.7243902439025,16543.1049095203
Trinidad and Tobago,2024,Americas,TTO,5.905,73.617,16312.4849555716
Montenegro,2024,Europe,MNE,5.877,77.890243902439,8540.00427762252
Croatia,2024,Europe,HRV,5.87,78.9292682926829,17854.3262648378
Jamaica,2024,Americas,JAM,5.87,71.606,6096.4327030963
Bolivia,2024,Americas,BOL,5.868,68.739,3045.61476620329
Kyrgyzstan,2024,Asia,KGZ,5.858,72.4,1423.58624650541
Dominican Republic,2024,Americas,DOM,5.846,73.868,9168.45418897141
Mongolia,2024,Asia,MNG,5.833,72.3980487804878,4626.79609644243
Mauritius,2024,Africa,MUS,5.832,73.7890243902439,11918.8045212095
Libya,2024,Africa,LBY,5.82,71.121,7696.0807819319
Republic of Moldova,2024,Europe,MDA,5.819,71.332,3855.56940382925
Greece,2024,Europe,GRC,5.776,81.8390243902439,21494.6856060599
Venezuela,2024,Americas,VEN,5.683,72.673,1501.22207949327
Indonesia,2024,Asia,IDN,5.617,71.288,4367.94741847938
Algeria,2024,Africa,DZA,5.571,76.475,4765.72900168387
Bulgaria,2024,Europe,BGR,5.554,75.7609756097561,10127.4152566236
North Macedonia,2024,Europe,MKD,5.503,76.6165853658537,6628.84686594032
Armenia,2024,Asia,ARM,5.494,78.319512195122,5378.31799981682
Hong Kong SAR of China,2024,Asia,HKG,5.491,85.3926829268293,44734.4365296835
Albania,2024,Europe,ALB,5.411,79.776,6549.23387415397
Tajikistan,2024,Asia,TJK,5.411,71.927,1496.33813395037
Georgia,2024,Asia,GEO,5.4,74.657,6606.35772271858
Nepal,2024,Asia,NPL,5.311,70.636,1179.95499311034
Lao PDR,2024,Asia,LAO,5.301,69.225,2721.07810663122
Türkiye,2024,Asia,TUR,5.262,77.421,15395.0278894893
South Africa,2024,Africa,ZAF,5.213,66.312,5715.47531469148
Mozambique,2024,Africa,MOZ,5.19,63.797,605.763481416969
Gabon,2024,Africa,GAB,5.12,68.511,6618.9868586134
Côte d’Ivoire,2024,Africa,CIV,5.102,62.11,2395.65916961845
Iran,2024,Asia,IRN,5.093,77.854,5834.44296939863
Congo,2024,Africa,COG,5.03,66.001,1671.7266018229
Iraq,2024,Asia,IRQ,4.976,72.424,4180.29619477317
Guinea,2024,Africa,GIN,4.929,60.904,1045.92207475792
Namibia,2024,Africa,NAM,4.911,67.516,4032.40150676649
Cameroon,2024,Africa,CMR,4.887,63.968,1480.73097431993
Nigeria,2024,Africa,NGA,4.885,54.635,2324.59702394542
Azerbaijan,2024,Asia,AZE,4.875,74.576,5876.03295533913
Senegal,2024,Africa,SEN,4.856,68.924,1517.61838829684
State of Palestine,2024,Asia,PSE,4.78,69.213,2258.20698667764
Pakistan,2024,Asia,PAK,4.768,67.799,1635.08731167091
Niger,2024,Africa,NER,4.725,61.433,589.085643279512
Ukraine,2024,Europe,UKR,4.68,74.692,2226.05810546875
Morocco,2024,Africa,MAR,4.622,75.493,3516.15405273438
Tunisia,2024,Africa,TUN,4.552,76.711,4006.20588267443
Mauritania,2024,Africa,MRT,4.542,68.713,1692.84166088843
Kenya,2024,Africa,KEN,4.51,63.834,1858.87650030024
Uganda,2024,Africa,UGA,4.461,68.487,986.090145363924
Gambia,2024,Africa,GMB,4.423,66.057,758.965888826955
India,2024,Asia,IND,4.389,72.235,2366.8328910323
Chad,2024,Africa,TCD,4.384,55.238,855.999353179333
Burkina Faso,2024,Africa,BFA,4.383,61.292,764.082625588818
Benin,2024,Africa,BEN,4.357,60.961,1324.78312597434
Somalia,2024,Africa,SOM,4.347,58.967,467.269910194458
Mali,2024,Africa,MLI,4.345,60.675,910.300376300627
Cambodia,2024,Asia,KHM,4.341,70.817,2183.55682401667
Ghana,2024,Africa,GHA,4.34,65.695,2173.00329800201
Myanmar,2024,Asia,MMR,4.321,67.095,1158.47928097728
Togo,2024,Africa,TGO,4.315,62.935,1053.81653764697
Jordan,2024,Asia,JOR,4.31,77.981,4441.03974922351
Liberia,2024,Africa,LBR,4.277,62.324,665.101337624192
Madagascar,2024,Africa,MDG,4.157,63.835,453.957809653992
Zambia,2024,Africa,ZMB,3.912,66.528,1343.38966380353
Ethiopia,2024,Africa,ETH,3.898,67.603,883.458588614999
Sri Lanka,2024,Asia,LKA,3.891,77.672,4198.74513727898
Bangladesh,2024,Asia,BGD,3.851,74.93,1941.27874360025
Egypt,2024,Africa,EGY,3.817,71.806,4137.6092923313
Tanzania,2024,Africa,TZA,3.8,67.212,1120.77416992188
Eswatini,2024,Africa,SWZ,3.774,64.264,3866.37127926695
Lesotho,2024,Africa,LSO,3.757,57.798,1012.59379523386
Comoros,2024,Africa,COM,3.754,67.023,1402.52614298112
DR Congo,2024,Africa,COD,3.469,62.074,554.117609962628
Botswana,2024,Africa,BWA,3.438,69.293,6952.34770386661
Zimbabwe,2024,Africa,ZWE,3.396,63.064,1416.80065463874
Malawi,2024,Africa,MWI,3.26,67.561,551.95152347056
Lebanon,2024,Asia,LBN,3.188,77.945,5391.22914209501
Sierra Leone,2024,Africa,SLE,2.998,61.964,1137.29005648131
Afghanistan,2024,Asia,AFG,1.364,66.289,374.37669620849
Finland,2023,Europe,FIN,7.741,81.5853658536585,45196.4814400136
Denmark,2023,Europe,DNK,7.583,81.7536585365854,59026.9843650999
Iceland,2023,Europe,ISL,7.525,82.4560975609756,59951.7537739692
Sweden,2023,Europe,SWE,7.344,83.309756097561,53937.7967122429
Israel,2023,Asia,ISR,7.341,83.1951219512195,42131.7415675806
Netherlands,2023,Europe,NLD,7.319,81.8634146341464,50960.7810305308
Norway,2023,Europe,NOR,7.302,83.0121951219512,83100.7944645872
Luxembourg,2023,Europe,LUX,7.122,83.309756097561,105422.764660192
Switzerland,2023,Europe,CHE,7.06,84.1560975609756,92947.9424441568
Australia,2023,Oceania,AUS,7.057,83.0512195121951,61869.082498576
New Zealand,2023,Oceania,NZL,7.029,81.7585365853659,42501.4932044968
Costa Rica,2023,Americas,CRI,6.955,80.799,14531.5005137466
Kuwait,2023,Asia,KWT,6.951,83.1878048780488,24722.8143701857
Austria,2023,Europe,AUT,6.905,81.7926829268293,46497.9114640341
Canada,2023,Americas,CAN,6.9,81.6263414634146,45495.5100892605
Belgium,2023,Europe,BEL,6.894,82.4,44828.2274521244
Ireland,2023,Europe,IRL,6.838,82.8073170731707,93541.9643678381
Czechia,2023,Europe,CZE,6.822,79.8268292682927,20272.5874017334
Lithuania,2023,Europe,LTU,6.818,77.290243902439,18748.9302647191
United Kingdom,2023,Europe,GBR,6.749,81.2380975609756,47911.1540134832
Slovenia,2023,Europe,SVN,6.743,81.9292682926829,25773.9015835069
United Arab Emirates,2023,Asia,ARE,6.733,82.909,41926.5773498407
United States,2023,Americas,USA,6.725,78.3853658536585,65667.281580468
Germany,2023,Europe,DEU,6.719,81.0414634146342,44368.9920074881
Mexico,2023,Americas,MEX,6.678,75.069,10234.6840265651
Uruguay,2023,Americas,URY,6.611,78.138,18403.6753125157
France,2023,Europe,FRA,6.609,82.8317073170732,39319.4152227295
Saudi Arabia,2023,Asia,SAU,6.594,78.732,25634.8237547841
Kosovo,2023,Europe,XKX,6.561,78.033,5102.74674921908
Singapore,2023,Asia,SGP,6.523,83.0975609756098,65976.7068036903
Romania,2023,Europe,ROU,6.491,76.4048780487805,12340.8170509969
El Salvador,2023,Americas,SLV,6.469,72.099,4481.19664108356
Estonia,2023,Europe,EST,6.448,78.7926829268293,20126.3730486957
Poland,2023,Europe,POL,6.442,78.2585365853659,17410.3830137066
Spain,2023,Europe,ESP,6.421,83.9341463414634,28558.6319817501
Serbia,2023,Europe,SRB,6.411,76.1414634146341,8208.4786891507
Chile,2023,Americas,CHL,6.36,81.167,14294.7106635595
Panama,2023,Americas,PAN,6.358,79.594,16877.1543425646
Malta,2023,Europe,MLT,6.346,83.3560975609756,33429.8172092336
Italy,2023,Europe,ITA,6.324,83.3512195121951,34221.7182928271
Guatemala,2023,Americas,GTM,6.287,72.602,4469.05514652918
Nicaragua,2023,Americas,NIC,6.284,74.947,2241.1228811163
Brazil,2023,Americas,BRA,6.272,75.848,9288.02701470069
Slovakia,2023,Europe,SVK,6.257,78.119512195122,19383.3732009401
Latvia,2023,Europe,LVA,6.234,75.4268292682927,16229.3844520245
Uzbekistan,2023,Asia,UZB,6.195,72.388,4281.20542121225
Argentina,2023,Americas,ARG,6.188,77.395,12993.0928872416
Kazakhstan,2023,Asia,KAZ,6.188,74.402,11453.3952725363
Cyprus,2023,Asia,CYP,6.068,81.648,32022.01953125
Japan,2023,Asia,JPN,6.06,84.0412195121951,37902.5492204411
Republic of Korea,2023,Asia,KOR,6.058,83.4292682926829,36347.7036392553
Philippines,2023,Asia,PHL,6.048,69.833,3744.69763802686
Viet Nam,2023,Asia,VNM,6.043,74.588,3772.36029116103
Portugal,2023,Europe,PRT,6.03,82.3292682926829,22417.1634060906
Hungary,2023,Europe,HUN,6.017,76.5707317073171,16375.0462724192
Paraguay,2023,Americas,PRY,5.977,73.844,6452.28566840034
Thailand,2023,Asia,THA,5.976,76.412,6423.99101164149
Malaysia,2023,Asia,MYS,5.975,76.657,11445.3925275079
China,2023,Asia,CHN,5.973,77.953,12483.9791101249
Honduras,2023,Americas,HND,5.968,72.884,2527.27366333188
Bahrain,2023,Asia,BHR,5.959,81.284,25342.6226641572
Croatia,2023,Europe,HRV,5.942,78.4731707317073,17225.4504515697
Greece,2023,Europe,GRC,5.934,81.7365853658537,21050.8648111581
Bosnia and Herzegovina,2023,Europe,BIH,5.877,77.85,6493.32400514463
Libya,2023,Africa,LBY,5.866,69.339,7630.49664928174
Jamaica,2023,Americas,JAM,5.842,71.479,6127.90771263434
Peru,2023,Americas,PER,5.841,77.74,6575.18295502228
Dominican Republic,2023,Americas,DOM,5.823,73.72,8809.96335385949
Mauritius,2023,Africa,MUS,5.816,73.4121951219512,11330.7335655767
Republic of Moldova,2023,Europe,MDA,5.816,71.198,3758.3688194082
Russian Federation,2023,Europe,RUS,5.785,73.2546341463415,10560.4658203125
Bolivia,2023,Americas,BOL,5.784,68.581,3122.77049466223
Ecuador,2023,Americas,ECU,5.725,77.392,6165.40977555695
Kyrgyzstan,2023,Asia,KGZ,5.714,72.2487804878049,1298.25724482211
Montenegro,2023,Europe,MNE,5.707,77.5878048780488,8278.02461006262
Mongolia,2023,Asia,MNG,5.696,72.1224390243902,4456.53627552726
Colombia,2023,Americas,COL,5.695,77.725,6837.37392084534
Venezuela,2023,Americas,VEN,5.607,72.514,1427.88655943805
Indonesia,2023,Asia,IDN,5.568,71.146,4192.64401034181
Bulgaria,2023,Europe,BGR,5.463,75.7560975609756,9787.76510584614
Armenia,2023,Asia,ARM,5.455,77.4658536585366,5197.23509013575
South Africa,2023,Africa,ZAF,5.422,66.139,5756.55049453121
North Macedonia,2023,Europe,MKD,5.369,75.3160975609756,6423.99221393369
Algeria,2023,Africa,DZA,5.364,76.261,4660.40545687895
Hong Kong SAR of China,2023,Asia,HKG,5.316,85.2473170731707,43518.9311789918
Albania,2023,Europe,ALB,5.304,79.602,6204.43525612114
Tajikistan,2023,Asia,TJK,5.281,71.79,1407.1075436221
Congo,2023,Africa,COG,5.221,65.772,1677.08549205924
Mozambique,2023,Africa,MOZ,5.216,63.611,610.591041611538
Georgia,2023,Asia,GEO,5.185,74.496,6180.6206023429
Iraq,2023,Asia,IRQ,5.166,72.324,4337.0870532422005
Nepal,2023,Asia,NPL,5.158,70.354,1136.4276931197
Lao PDR,2023,Asia,LAO,5.139,68.964,2648.88726608035
Gabon,2023,Africa,GAB,5.106,68.337,6541.25368618042
Côte d’Ivoire,2023,Africa,CIV,5.08,61.944,2315.36434710324
Guinea,2023,Africa,GIN,5.023,60.74,1016.88094800324
Türkiye,2023,Asia,TUR,4.975,77.156,14932.8851363122
Senegal,2023,Africa,SEN,4.969,68.683,1458.9664233275
Iran,2023,Asia,IRN,4.923,77.654,5687.84396268742
Azerbaijan,2023,Asia,AZE,4.893,74.429,5668.61021317029
Nigeria,2023,Africa,NGA,4.881,54.462,2280.67777167162
State of Palestine,2023,Asia,PSE,4.879,65.17,2997.22694077849
Cameroon,2023,Africa,CMR,4.874,63.7,1468.17837007337
Ukraine,2023,Europe,UKR,4.873,73.422,2164.26123046875
Namibia,2023,Africa,NAM,4.832,67.385,3973.49010579998
Morocco,2023,Africa,MAR,4.795,75.313,3421.21704101563
Pakistan,2023,Asia,PAK,4.657,67.649,1610.33122837537
Niger,2023,Africa,NER,4.556,61.183,561.960694711722
Burkina Faso,2023,Africa,BFA,4.548,61.092,745.405334618409
Mauritania,2023,Africa,MRT,4.505,68.484,1638.99221583023
Gambia,2023,Africa,GMB,4.485,65.86,735.612384062616
Chad,2023,Africa,TCD,4.471,55.069,856.985507283698
Kenya,2023,Africa,KEN,4.47,63.646,1811.21651838425
Tunisia,2023,Africa,TUN,4.422,76.508,3967.33387634534
Benin,2023,Africa,BEN,4.377,60.774,1263.62158336368
Uganda,2023,Africa,UGA,4.372,68.252,955.745797275462
Myanmar,2023,Asia,MMR,4.354,66.889,1177.76649645563
Cambodia,2023,Asia,KHM,4.341,70.668,2085.05748462122
Ghana,2023,Africa,GHA,4.289,65.498,2091.81335596465
Liberia,2023,Africa,LBR,4.269,62.163,653.329188343162
Mali,2023,Africa,MLI,4.232,60.439,892.689219532429
Madagascar,2023,Africa,MDG,4.228,63.632,445.874102052267
Togo,2023,Africa,TGO,4.214,62.74,1011.2308927823
Jordan,2023,Asia,JOR,4.186,77.814,4373.38088482368
India,2023,Asia,IND,4.054,72.003,2229.71491223037
Egypt,2023,Africa,EGY,3.977,71.633,4111.3118479018
Sri Lanka,2023,Asia,LKA,3.898,77.483,3977.13564995085
Bangladesh,2023,Asia,BGD,3.886,74.672,1885.37733613545
Ethiopia,2023,Africa,ETH,3.861,67.315,842.446604881663
Tanzania,2023,Africa,TZA,3.781,66.995,1092.86413574219
Comoros,2023,Africa,COM,3.566,66.777,1383.64201759575
Zambia,2023,Africa,ZMB,3.502,66.349,1330.85998216751
Eswatini,2023,Africa,SWZ,3.502,64.123,3790.16576788091
Malawi,2023,Africa,MWI,3.421,67.353,557.03523965791
Botswana,2023,Africa,BWA,3.383,69.163,7269.05170664457
Zimbabwe,2023,Africa,ZWE,3.341,62.775,1418.47184628799
DR Congo,2023,Africa,COD,3.295,61.895,539.45912637913
Sierra Leone,2023,Africa,SLE,3.245,61.786,1113.86837500697
Lesotho,2023,Africa,LSO,3.186,57.375,973.116561960912
Lebanon,2023,Asia,LBN,2.707,77.817,5834.63415739394
Afghanistan,2023,Asia,AFG,1.721,66.035,378.06630312259
Finland,2022,Europe,FIN,7.804,81.1878048780488,46016.1492103929
Denmark,2022,Europe,DNK,7.586,81.3048780487805,59108.7449374068
Iceland,2022,Europe,ISL,7.53,82.119512195122,57626.2533717585
Israel,2022,Asia,ISR,7.473,82.7,42539.2748766689
Netherlands,2022,Europe,NLD,7.403,81.6146341463415,51777.5314828276
Sweden,2022,Europe,SWE,7.395,83.0585365853659,54304.1877501033
Norway,2022,Europe,NOR,7.315,82.509756097561,83756.7383805061
Switzerland,2022,Europe,CHE,7.24,83.6048780487805,93360.440112464
Luxembourg,2022,Europe,LUX,7.228,82.9463414634147,107467.123965307
New Zealand,2022,Oceania,NZL,7.123,81.9585365853658,42716.0866783034
Austria,2022,Europe,AUT,7.097,81.2951219512195,47332.4240357971
Australia,2022,Oceania,AUS,7.095,83.2,61200.4588964781
Canada,2022,Americas,CAN,6.961,81.0948780487805,45883.0058941892
Ireland,2022,Europe,IRL,6.911,82.509756097561,97793.5366671697
United States,2022,Americas,USA,6.894,77.4341463414634,64322.2332819139
Germany,2022,Europe,DEU,6.892,80.6080487804878,44817.1316331389
Belgium,2022,Europe,BEL,6.859,81.7487804878049,44516.002160801
Czechia,2022,Europe,CZE,6.845,78.9292682926829,20627.348651011
United Kingdom,2022,Europe,GBR,6.796,81.0112195121951,48410.095170282
Lithuania,2022,Europe,LTU,6.763,75.6439024390244,18873.8427527274
France,2022,Europe,FRA,6.661,82.1292682926829,38868.3303330557
Slovenia,2022,Europe,SVN,6.65,81.2829268292683,25275.715967757
Costa Rica,2022,Americas,CRI,6.609,79.316,13931.8461614764
Romania,2022,Europe,ROU,6.589,75.1536585365854,12076.3033811896
Singapore,2022,Asia,SGP,6.587,82.8951219512195,68271.0897525302
United Arab Emirates,2022,Asia,ARE,6.571,80.487,41828.5686923546
Uruguay,2022,Americas,URY,6.494,76.468,18249.2912168828
Slovakia,2022,Europe,SVK,6.469,76.9658536585366,18964.8298400624
Saudi Arabia,2022,Asia,SAU,6.463,77.31,26706.917926066
Estonia,2022,Europe,EST,6.455,77.8439024390244,21023.2994937246
Spain,2022,Europe,ESP,6.436,83.1341463414634,28203.1093419474
Italy,2022,Europe,ITA,6.405,82.7,33891.8866526216
Kosovo,2022,Europe,XKX,6.368,77.623,4666.38918595784
Chile,2022,Americas,CHL,6.334,79.176,14275.4094646211
Mexico,2022,Americas,MEX,6.33,73.973,10013.2479227064
Malta,2022,Europe,MLT,6.3,82.2975609756098,31447.3917315418
Panama,2022,Americas,PAN,6.265,79.324,15956.0671087873
Poland,2022,Europe,POL,6.26,77.1560975609756,17303.64494323
Nicaragua,2022,Americas,NIC,6.259,74.463,2175.73845893874
Latvia,2022,Europe,LVA,6.213,74.2780487804878,16421.3748596
Bahrain,2022,Asia,BHR,6.173,80.992,25234.40256182
Guatemala,2022,Americas,GTM,6.15,71.206,4383.90326160481
Kazakhstan,2022,Asia,KAZ,6.144,73.503,11058.3482413407
Serbia,2022,Europe,SRB,6.144,75.2365853658537,7862.95387364846
Cyprus,2022,Asia,CYP,6.13,80.434,31505.2109375
Japan,2022,Asia,JPN,6.129,83.9963414634146,37448.3504824849
Croatia,2022,Europe,HRV,6.125,77.5756097560976,16618.3333786183
Brazil,2022,Americas,BRA,6.125,74.872,9032.08481566299
El Salvador,2022,Americas,SLV,6.122,71.969,4355.96037108555
Hungary,2022,Europe,HUN,6.041,75.8682926829268,16487.7973935944
Argentina,2022,Americas,ARG,6.024,75.806,13276.8232110189
Honduras,2022,Americas,HND,6.023,72.715,2482.22384904714
Uzbekistan,2022,Asia,UZB,6.014,72.147,4109.08421031655
Malaysia,2022,Asia,MYS,6.012,75.444,11191.6511756943
Portugal,2022,Europe,PRT,5.968,81.6317073170732,22042.8680283647
Republic of Korea,2022,Asia,KOR,5.951,82.6804878048781,35809.0138105144
Greece,2022,Europe,GRC,5.931,80.7878048780488,20550.5049158297
Mauritius,2022,Africa,MUS,5.902,73.5146341463415,10703.2364271462
Thailand,2022,Asia,THA,5.843,75.291,6279.82250415973
Mongolia,2022,Asia,MNG,5.84,71.9007317073171,4205.88554513551
Kyrgyzstan,2022,Asia,KGZ,5.825,72.0487804878049,1212.17812721768
Republic of Moldova,2022,Europe,MDA,5.819,71.546,3610.14315344719
China,2022,Asia,CHN,5.818,78.202,11830.298767861
Viet Nam,2022,Asia,VNM,5.763,74.502,3617.66311280437
Paraguay,2022,Americas,PRY,5.738,72.319,6204.20811531911
Montenegro,2022,Europe,MNE,5.722,76.1878048780488,7773.59958791074
Jamaica,2022,Americas,JAM,5.703,71.481,5965.46127464873
Bolivia,2022,Americas,BOL,5.684,67.434,3088.24126173436
Russian Federation,2022,Europe,RUS,5.661,72.5456097560976,10119.115234375
Bosnia and Herzegovina,2022,Europe,BIH,5.633,76.777,6327.16206849174
Colombia,2022,Americas,COL,5.63,76.508,6856.72590505374
Dominican Republic,2022,Americas,DOM,5.569,74.211,8698.13592094395
Ecuador,2022,Americas,ECU,5.559,76.577,6107.49495006543
Peru,2022,Americas,PER,5.526,76.834,6671.28902042137
Philippines,2022,Asia,PHL,5.523,69.472,3577.70136573244
Bulgaria,2022,Europe,BGR,5.466,74.1609756097561,9598.35828571579
Nepal,2022,Asia,NPL,5.36,70.087,1113.55462341223
Armenia,2022,Asia,ARM,5.342,74.7658536585366,4791.00481712183
Tajikistan,2022,Asia,TJK,5.33,71.562,1325.75545290849
Algeria,2022,Africa,DZA,5.329,76.129,4544.46688060372
Hong Kong SAR of China,2022,Asia,HKG,5.308,83.6609756097561,43281.0067309646
Albania,2022,Europe,ALB,5.277,78.769,5867.65096230557
Indonesia,2022,Asia,IDN,5.277,70.925,4024.91225288391
South Africa,2022,Africa,ZAF,5.275,65.454,5786.86505344736
Congo,2022,Africa,COG,5.267,65,1686.00234391385
North Macedonia,2022,Europe,MKD,5.254,74.4248780487805,6250.62720952063
Venezuela,2022,Americas,VEN,5.211,72.566,1376.93801227125
Lao PDR,2022,Asia,LAO,5.111,68.715,2589.05015191628
Georgia,2022,Asia,GEO,5.109,74.141,5736.30449578597
Guinea,2022,Africa,GIN,5.072,60.432,987.502501465337
Ukraine,2022,Europe,UKR,5.071,72.658,1874.66296386719
Côte d’Ivoire,2022,Africa,CIV,5.053,61.562,2227.08197820584
Gabon,2022,Africa,GAB,5.035,67.713,6527.48207901861
Nigeria,2022,Africa,NGA,4.981,54.079,2254.29080414598
Cameroon,2022,Africa,CMR,4.973,62.443,1458.66180431693
Mozambique,2022,Africa,MOZ,4.954,63.011,596.086630918965
Iraq,2022,Asia,IRQ,4.941,72.037,4412.99733146512
State of Palestine,2022,Asia,PSE,4.908,76.662,3099.9609010368
Morocco,2022,Africa,MAR,4.903,75.161,3334.91162109375
Iran,2022,Asia,IRN,4.876,76.799,5465.31447539413
Senegal,2022,Africa,SEN,4.855,67.788,1433.19918752288
Mauritania,2022,Africa,MRT,4.724,68.281,1580.70391528747
Burkina Faso,2022,Africa,BFA,4.638,60.7,740.306319930259
Namibia,2022,Africa,NAM,4.631,64.19,3905.55135268164
Türkiye,2022,Asia,TUR,4.614,77.591,14273.5747654873
Ghana,2022,Africa,GHA,4.605,65.246,2067.20895855521
Pakistan,2022,Asia,PAK,4.555,67.417,1642.28066974826
Niger,2022,Africa,NER,4.501,60.398,565.873385794358
Tunisia,2022,Africa,TUN,4.497,76.05,3986.54558325666
Kenya,2022,Africa,KEN,4.487,63.549,1747.53198804428
Sri Lanka,2022,Asia,LKA,4.442,77.3,4033.14560306744
Uganda,2022,Africa,UGA,4.432,67.675,933.094056370423
Chad,2022,Africa,TCD,4.397,54.528,862.602128172536
Cambodia,2022,Asia,KHM,4.393,70.528,2011.27433313262
Benin,2022,Africa,BEN,4.374,60.475,1218.49668929091
Myanmar,2022,Asia,MMR,4.372,66.506,1174.76697945755
Bangladesh,2022,Asia,BGD,4.282,74.265,1804.3493461776
Gambia,2022,Africa,GMB,4.279,64.859,710.686979216316
Mali,2022,Africa,MLI,4.198,60.035,877.817842434642
Egypt,2022,Africa,EGY,4.17,71.01,4029.78295458204
Togo,2022,Africa,TGO,4.137,62.292,970.535975822983
Jordan,2022,Asia,JOR,4.12,77.088,4309.61432856804
Ethiopia,2022,Africa,ETH,4.091,66.897,811.177729337321
Liberia,2022,Africa,LBR,4.042,61.934,638.005183858289
India,2022,Asia,IND,4.036,71.698,2098.21124476122
Madagascar,2022,Africa,MDG,4.019,63.068,438.438112102315
Zambia,2022,Africa,ZMB,3.982,65.279,1298.8480495593
Tanzania,2022,Africa,TZA,3.694,66.879,1070.58532714844
Comoros,2022,Africa,COM,3.545,66.481,1366.9513495529
Malawi,2022,Africa,MWI,3.495,66.037,560.635759714941
Botswana,2022,Africa,BWA,3.435,68.749,7159.5860618268
DR Congo,2022,Africa,COD,3.207,60.979,513.512704372167
Zimbabwe,2022,Africa,ZWE,3.204,62.36,1369.19761495571
Sierra Leone,2022,Africa,SLE,3.138,61.275,1077.08884538507
Lebanon,2022,Asia,LBN,2.392,78.003,5909.03651555028
Afghanistan,2022,Asia,AFG,1.859,65.617,377.665627080705
Finland,2021,Europe,FIN,7.821,81.8853658536585,45792.0454180872
Denmark,2021,Europe,DNK,7.636,81.4048780487805,59312.815804377104
Iceland,2021,Europe,ISL,7.557,83.1658536585366,54285.0209203242
Switzerland,2021,Europe,CHE,7.512,83.7512195121951,90924.9256769825
Netherlands,2021,Europe,NLD,7.415,81.309756097561,49780.8328352542
Luxembourg,2021,Europe,LUX,7.404,82.5975609756098,110873.115269021
Sweden,2021,Europe,SWE,7.384,83.0560975609756,53997.1337068799
Norway,2021,Europe,NOR,7.365,83.1634146341463,81199.3391492139
Israel,2021,Asia,ISR,7.364,82.5,40788.2391785198
New Zealand,2021,Oceania,NZL,7.2,82.2073170731707,41309.8198451344
Austria,2021,Europe,AUT,7.163,81.190243902439,45368.6434337368
Australia,2021,Oceania,AUS,7.162,83.3,59465.535671364
Ireland,2021,Europe,IRL,7.041,82.2536585365854,92781.2322150786
Germany,2021,Europe,DEU,7.034,80.790243902439,44011.0194631674
Canada,2021,Americas,CAN,7.025,81.4514634146342,44639.2381171993
United States,2021,Americas,USA,6.977,76.3292682926829,63096.7856149746
United Kingdom,2021,Europe,GBR,6.943,80.6473170731707,46491.5068836685
Czechia,2021,Europe,CZE,6.92,77.2219512195122,20373.8783043424
Belgium,2021,Europe,BEL,6.805,81.790243902439,43140.9676652971
France,2021,Europe,FRA,6.687,82.3243902439024,38030.8571685178
Bahrain,2021,Asia,BHR,6.647,78.083,24086.7847803428
Slovenia,2021,Europe,SVN,6.63,80.6756097560976,24665.4410464026
Costa Rica,2021,Americas,CRI,6.582,78.05,13267.2549508035
United Arab Emirates,2021,Asia,ARE,6.576,79.083,40935.8915482084
Saudi Arabia,2021,Asia,SAU,6.523,77.089,24922.6716948944
Singapore,2021,Asia,SGP,6.48,83.0926829268293,67846.8565377728
Romania,2021,Europe,ROU,6.477,72.809756097561,11546.3224998072
Spain,2021,Europe,ESP,6.476,83.1780487804878,26705.3629138959
Uruguay,2021,Americas,URY,6.474,75.434,17416.0052308469
Italy,2021,Europe,ITA,6.467,82.6463414634146,32267.7091050201
Kosovo,2021,Europe,XKX,6.455,74.981,4429.87389440857
Malta,2021,Europe,MLT,6.447,82.2585365853659,31419.5031714693
Lithuania,2021,Europe,LTU,6.446,74.0365853658537,18572.2895051093
Slovakia,2021,Europe,SVK,6.391,74.6146341463415,18808.4540496595
Estonia,2021,Europe,EST,6.341,76.9439024390244,21570.6658455268
Panama,2021,Americas,PAN,6.309,77.004,14552.9345271768
Brazil,2021,Americas,BRA,6.293,73.038,8799.22945810901
Guatemala,2021,Americas,GTM,6.262,67.858,4268.62864461492
Kazakhstan,2021,Asia,KAZ,6.234,70.131,10873.3915275276
Cyprus,2021,Asia,CYP,6.221,80.573,29517.05859375
Latvia,2021,Europe,LVA,6.18,72.9804878048781,16070.1680032322
Serbia,2021,Europe,SRB,6.178,72.780487804878,7465.67601077148
Chile,2021,Americas,CHL,6.172,78.876,14056.251601955
Nicaragua,2021,Americas,NIC,6.165,70.478,2128.30880041334
Mexico,2021,Americas,MEX,6.128,69.75,9728.05680024504
Croatia,2021,Europe,HRV,6.125,76.4243902439025,15395.2861605128
Poland,2021,Europe,POL,6.123,75.3512195121951,16368.6239689025
El Salvador,2021,Americas,SLV,6.12,69.941,4247.54750394978
Kuwait,2021,Asia,KWT,6.106,78.7365853658537,26203.2617257856
Hungary,2021,Europe,HUN,6.086,74.0658536585366,15787.9535427563
Mauritius,2021,Africa,MUS,6.071,73.680243902439,9849.34891121846
Uzbekistan,2021,Asia,UZB,6.063,71.681,3951.99657327359
Japan,2021,Asia,JPN,6.039,84.4456097560976,36792.556429474
Honduras,2021,Americas,HND,6.022,69.492,2423.76634916911
Portugal,2021,Europe,PRT,6.016,81.3780487804878,20747.6990734163
Argentina,2021,Americas,ARG,5.967,73.948,12549.2811699342
Greece,2021,Europe,GRC,5.948,80.0829268292683,19231.2888803517
Republic of Korea,2021,Asia,KOR,5.935,83.5268292682927,34792.9397214598
Philippines,2021,Asia,PHL,5.904,66.675,3350.97587587776
Thailand,2021,Asia,THA,5.891,77.606,6119.11018526099
Republic of Moldova,2021,Europe,MDA,5.857,68.991,3688.16729442144
Jamaica,2021,Americas,JAM,5.85,69.085,5607.45378253877
Kyrgyzstan,2021,Asia,KGZ,5.828,71.9,1132.5546781282
Belarus,2021,Europe,BLR,5.821,72.0714634146342,6457.73053706343
Colombia,2021,Americas,COL,5.781,72.698,6457.16921807086
Bosnia and Herzegovina,2021,Europe,BIH,5.768,74.567,5995.54197590494
Mongolia,2021,Asia,MNG,5.761,71.6451219512195,4063.53669849245
Dominican Republic,2021,Americas,DOM,5.737,71.757,8344.90510312395
Malaysia,2021,Asia,MYS,5.711,73.917,10388.2667120857
Bolivia,2021,Americas,BOL,5.6,61.427,3011.55110825301
China,2021,Asia,CHN,5.585,78.117,11469.3174514512
Paraguay,2021,Americas,PRY,5.578,68.108,6276.7748423663
Peru,2021,Americas,PER,5.559,71.596,6550.96747543872
Montenegro,2021,Europe,MNE,5.547,73.8243902439024,7198.3012265441
Ecuador,2021,Americas,ECU,5.533,72.746,5815.09477390949
Viet Nam,2021,Asia,VNM,5.485,74.145,3358.21734764714
Turkmenistan,2021,Asia,TKM,5.474,69.353,7244.61385880341
North Cyprus,2021,Asia,CYP,5.467,80.573,29517.05859375
Russian Federation,2021,Europe,RUS,5.459,69.900243902439,10231.318359375
Hong Kong SAR of China,2021,Asia,HKG,5.425,85.5326829268293,44530.9213833761
Armenia,2021,Asia,ARM,5.399,72.2780487804878,4264.79961505187
Tajikistan,2021,Asia,TJK,5.377,69.594,1254.06999592306
Nepal,2021,Asia,NPL,5.377,68.385,1062.7888430629
Bulgaria,2021,Europe,BGR,5.371,71.2121951219512,9161.94541759347
Libya,2021,Africa,LBY,5.33,72.062,7731.35448152581
Indonesia,2021,Asia,IDN,5.24,67.452,3850.68877253903
Côte d’Ivoire,2021,Africa,CIV,5.235,60.29,2146.46047529012
North Macedonia,2021,Europe,MKD,5.199,73.2463414634146,6064.92315120022
Albania,2021,Europe,ALB,5.199,76.844,5511.75743402862
South Africa,2021,Africa,ZAF,5.194,62.01,5750.90937479584
Azerbaijan,2021,Asia,AZE,5.173,70.999,5349.58226071425
Gambia,2021,Africa,GMB,5.164,63.847,689.49323955737
Bangladesh,2021,Asia,BGD,5.155,71.103,1702.08028414189
Lao PDR,2021,Asia,LAO,5.14,67.807,2556.58912640405
Algeria,2021,Africa,DZA,5.122,75.208,4456.74687637774
Liberia,2021,Africa,LBR,5.122,61.166,621.927983063426
Ukraine,2021,Europe,UKR,5.084,71.631,2426.6123046875
Congo,2021,Africa,COG,5.075,64.192,1701.79060456872
Morocco,2021,Africa,MAR,5.06,73.385,3309.130859375
Mozambique,2021,Africa,MOZ,5.048,60.268,588.215854695416
Cameroon,2021,Africa,CMR,5.048,61.146,1443.57600237663
Senegal,2021,Africa,SEN,5.046,66.868,1414.53951093499
Niger,2021,Africa,NER,5.003,59.542,520.912751008043
Georgia,2021,Asia,GEO,4.973,71.635,5175.19865185825
Gabon,2021,Africa,GAB,4.958,67.072,6479.0490069252
Iraq,2021,Asia,IRQ,4.941,70.704,4182.50064045825
Venezuela,2021,Americas,VEN,4.925,71.536,1272.94397516527
Guinea,2021,Africa,GIN,4.891,59.373,973.646890096159
Iran,2021,Asia,IRN,4.888,73.752,5300.62271961895
Ghana,2021,Africa,GHA,4.872,64.286,2030.04866500967
Türkiye,2021,Asia,TUR,4.744,75.722,13670.938029516
Burkina Faso,2021,Africa,BFA,4.67,60.046,745.472563435144
Cambodia,2021,Asia,KHM,4.64,69.301,1938.76436741728
Benin,2021,Africa,BEN,4.623,59.61,1176.37727637273
Comoros,2021,Africa,COM,4.609,65.201,1360.32663361462
Uganda,2021,Africa,UGA,4.603,66.45,919.401675217265
Nigeria,2021,Africa,NGA,4.552,53.455,2206.66406255564
Kenya,2021,Africa,KEN,4.543,61.225,1698.89578271444
Tunisia,2021,Africa,TUN,4.516,72.893,3902.53322990199
Pakistan,2021,Asia,PAK,4.516,65.773,1595.02792175422
State of Palestine,2021,Asia,PSE,4.483,73.89,3051.48607007995
Mali,2021,Africa,MLI,4.479,59.116,872.332509422409
Namibia,2021,Africa,NAM,4.459,60.85,3809.80753359714
Eswatini,2021,Africa,SWZ,4.396,58.228,3719.03838239806
Myanmar,2021,Asia,MMR,4.394,65.553,1136.9956605414
Sri Lanka,2021,Asia,LKA,4.362,76.278,4357.97224978578
Madagascar,2021,Africa,MDG,4.339,62.516,431.599103077746
Egypt,2021,Africa,EGY,4.288,68.976,3837.31992325256
Chad,2021,Africa,TCD,4.251,53.136,857.52763057976
Ethiopia,2021,Africa,ETH,4.241,65.33,790.657019602458
Mauritania,2021,Africa,MRT,4.153,66.762,1524.11753502309
Jordan,2021,Asia,JOR,4.152,74.204,4266.3790298994
Togo,2021,Africa,TGO,4.112,61.337,928.301087692897
India,2021,Asia,IND,3.777,67.282,1965.30943437472
Zambia,2021,Africa,ZMB,3.76,62.363,1269.10821808895
Malawi,2021,Africa,MWI,3.75,64.782,569.968967322435
Tanzania,2021,Africa,TZA,3.702,66.131,1054.31726074219
Sierra Leone,2021,Africa,SLE,3.574,60.26,1045.7661615758
Lesotho,2021,Africa,LSO,3.512,54.209,955.221236301503
Botswana,2021,Africa,BWA,3.471,63.303,6895.91184943107
Rwanda,2021,Africa,RWA,3.268,66.85,871.041835304187
Zimbabwe,2021,Africa,ZWE,2.995,60.135,1312.20001358807
Lebanon,2021,Asia,LBN,2.955,73.65,5973.41933892988
Afghanistan,2021,Asia,AFG,2.404,60.417,408.625855217403
Finland,2020,Europe,FIN,7.842,81.9317073170732,44690.9801103074
Denmark,2020,Europe,DNK,7.62,81.6024390243903,55934.5555945523
Switzerland,2020,Europe,CHE,7.571,83,86293.9183441155
Iceland,2020,Europe,ISL,7.554,83.0634146341463,52464.3073240589
Netherlands,2020,Europe,NLD,7.464,81.3585365853659,47086.5674755497
Norway,2020,Europe,NOR,7.392,83.209756097561,78387.0435023102
Sweden,2020,Europe,SWE,7.363,82.3560975609756,51624.5811789573
Luxembourg,2020,Europe,LUX,7.324,82.1439024390244,105274.182260744
New Zealand,2020,Oceania,NZL,7.277,82.2560975609756,39702.3112090418
Austria,2020,Europe,AUT,7.268,81.1926829268293,43428.6983137234
Australia,2020,Oceania,AUS,7.183,83.2,58377.7670517802
Israel,2020,Asia,ISR,7.157,82.6487804878049,37938.3809354755
Germany,2020,Europe,DEU,7.155,81.0414634146342,42372.8726784255
Canada,2020,Americas,CAN,7.103,81.53,42366.1710935265
Ireland,2020,Europe,IRL,7.085,82.4560975609756,80927.936475395
Costa Rica,2020,Americas,CRI,7.069,79.725,12322.2359458534
United Kingdom,2020,Europe,GBR,7.064,80.331756097561,42985.0392148248
Czechia,2020,Europe,CZE,6.965,78.2268292682927,19233.1469549829
United States,2020,Americas,USA,6.951,76.9804878048781,59533.609024416
Belgium,2020,Europe,BEL,6.834,80.6951219512195,40769.0218072962
France,2020,Europe,FRA,6.69,82.1756097560976,35709.2045925926
Bahrain,2020,Asia,BHR,6.647,78.683,23586.9309581516
Malta,2020,Europe,MLT,6.602,82.0975609756098,27861.80732148
United Arab Emirates,2020,Asia,ARE,6.561,81.936,39878.4663896389
Saudi Arabia,2020,Asia,SAU,6.494,77.596,22827.671935548
Spain,2020,Europe,ESP,6.491,82.2317073170732,25077.019882928
Italy,2020,Europe,ITA,6.483,82.1951219512195,29469.7989238626
Slovenia,2020,Europe,SVN,6.461,80.5317073170732,22811.8050540778
Guatemala,2020,Americas,GTM,6.435,69.971,4005.83916360689
Uruguay,2020,Americas,URY,6.431,78.381,16443.363490131
Singapore,2020,Asia,SGP,6.377,83.5439024390244,59083.8574841572
Kosovo,2020,Europe,XKX,6.372,74.212,3990.94425586648
Slovakia,2020,Europe,SVK,6.331,76.8658536585366,17763.8563847352
Brazil,2020,Americas,BRA,6.33,74.506,8435.01143254978
Mexico,2020,Americas,MEX,6.317,70.449,9234.64362226594
Jamaica,2020,Americas,JAM,6.309,71.452,5317.84145033966
Lithuania,2020,Europe,LTU,6.255,75.0292682926829,17443.65526328
Cyprus,2020,Asia,CYP,6.223,81.23,26895.671875
Estonia,2020,Europe,EST,6.189,78.5951219512195,19946.945696898
Panama,2020,Americas,PAN,6.18,76.33,12647.0914227279
Uzbekistan,2020,Asia,UZB,6.179,71.461,3723.82133264406
Chile,2020,Americas,CHL,6.172,79.349,12680.7761524378
Poland,2020,Europe,POL,6.166,76.4,15090.2228440113
Kazakhstan,2020,Asia,KAZ,6.152,71.195,10565.0359816235
Romania,2020,Europe,ROU,6.14,74.2536585365854,10854.049431887
Kuwait,2020,Asia,KWT,6.106,78.7609756097561,25541.5378987908
Serbia,2020,Europe,SRB,6.078,74.4780487804878,6850.96742168834
El Salvador,2020,Americas,SLV,6.061,70.244,3808.53195436409
Mauritius,2020,Africa,MUS,6.049,74.1770731707317,9533.5982796049
Latvia,2020,Europe,LVA,6.032,75.1853658536585,14900.7295718866
Colombia,2020,Americas,COL,6.012,74.757,5891.9552321540305
Hungary,2020,Europe,HUN,5.992,75.419512195122,14664.2971195385
Thailand,2020,Asia,THA,5.985,77.331,6032.42244606793
Nicaragua,2020,Americas,NIC,5.972,70.766,1950.19181218473
Japan,2020,Asia,JPN,5.94,84.56,35363.2996951789
Argentina,2020,Americas,ARG,5.929,75.878,11393.0505957877
Portugal,2020,Europe,PRT,5.929,81.3292682926829,19778.7139525722
Honduras,2020,Americas,HND,5.919,70.864,2189.43168668222
Croatia,2020,Europe,HRV,5.882,77.5243902439024,13545.7402289427
Philippines,2020,Asia,PHL,5.88,70.097,3198.66690008413
Republic of Korea,2020,Asia,KOR,5.845,83.4268292682927,33215.9298928108
Peru,2020,Americas,PER,5.84,73.832,5831.83024758521
Bosnia and Herzegovina,2020,Europe,BIH,5.813,76.04,5490.75366635139
Republic of Moldova,2020,Europe,MDA,5.766,69.914,3188.91691602699
Ecuador,2020,Americas,ECU,5.764,72.004,5355.68934196443
Kyrgyzstan,2020,Asia,KGZ,5.744,71.8,1093.32856461422
Greece,2020,Europe,GRC,5.723,81.2878048780488,17486.951333323
Bolivia,2020,Americas,BOL,5.716,62.906,2765.09271788602
Mongolia,2020,Asia,MNG,5.677,71.3490243902439,4066.03410882791
Paraguay,2020,Americas,PRY,5.653,72.72,6109.19608100615
Montenegro,2020,Europe,MNE,5.581,75.9317073170732,6351.95187949313
Dominican Republic,2020,Americas,DOM,5.545,72.636,7395.8734262396
North Cyprus,2020,Asia,CYP,5.536,81.23,26895.671875
Belarus,2020,Europe,BLR,5.534,72.1385609756098,6251.98898968645
Russian Federation,2020,Europe,RUS,5.477,71.3387804878049,9632.3251953125
Hong Kong SAR of China,2020,Asia,HKG,5.477,85.4963414634146,41451.2989586282
Tajikistan,2020,Asia,TJK,5.466,68.605,1171.90127480359
Viet Nam,2020,Asia,VNM,5.411,75.383,3303.16949807493
Libya,2020,Africa,LBY,5.41,72.388,6102.79864032512
Malaysia,2020,Asia,MYS,5.384,76.057,10171.4657842762
Indonesia,2020,Asia,IDN,5.345,68.817,3739.44906563161
Congo,2020,Africa,COG,5.342,64.391,1725.51040049963
China,2020,Asia,CHN,5.339,78.019,10573.3794064211
Côte d’Ivoire,2020,Africa,CIV,5.306,60.14,2055.08483996432
Armenia,2020,Asia,ARM,5.283,73.3756097560976,4032.09043454955
Nepal,2020,Asia,NPL,5.269,69.106,1031.53618783934
Bulgaria,2020,Europe,BGR,5.266,73.3560975609756,8440.51416964556
Maldives,2020,Asia,MDV,5.198,78.713,7295.60220956454
Azerbaijan,2020,Asia,AZE,5.171,70.312,5087.50022783627
Cameroon,2020,Africa,CMR,5.142,61.674,1434.51913723409
Senegal,2020,Africa,SEN,5.132,67.496,1361.7914374888
Albania,2020,Europe,ALB,5.117,77.824,4980.61699524696
North Macedonia,2020,Europe,MKD,5.101,74.3951219512195,5743.72649424581
Ghana,2020,Africa,GHA,5.088,64.309,1970.19411460398
Niger,2020,Africa,NER,5.074,59.89,532.208221196997
Turkmenistan,2020,Asia,TKM,5.066,68.846,6964.38162887016
Gambia,2020,Africa,GMB,5.051,64.418,670.758642891251
Benin,2020,Africa,BEN,5.045,60.154,1126.65404122154
Lao PDR,2020,Asia,LAO,5.03,68.339,2529.74622698761
Bangladesh,2020,Asia,BGD,5.025,71.421,1604.6659234742
Guinea,2020,Africa,GIN,4.984,59.35,945.570903389665
South Africa,2020,Africa,ZAF,4.956,65.15,5569.58483319272
Türkiye,2020,Asia,TUR,4.948,76.525,12338.643833135
Pakistan,2020,Asia,PAK,4.934,65.701,1526.00597486307
Morocco,2020,Africa,MAR,4.918,73.133,3090.89428710938
Venezuela,2020,Americas,VEN,4.892,72.369,1255.86457068119
Georgia,2020,Asia,GEO,4.891,73.509,4659.60925318234
Algeria,2020,Africa,DZA,4.887,73.257,4363.68533767783
Ukraine,2020,Europe,UKR,4.875,73.283,2324.107421875
Iraq,2020,Asia,IRQ,4.854,69.651,4213.99843766061
Gabon,2020,Africa,GAB,4.852,67.073,6534.27966529444
Burkina Faso,2020,Africa,BFA,4.834,60.454,713.8421779224
Cambodia,2020,Asia,KHM,4.83,70.059,1908.63427518336
Mozambique,2020,Africa,MOZ,4.794,61.39,591.804059985932
Nigeria,2020,Africa,NGA,4.759,53.072,2228.68631426529
Mali,2020,Africa,MLI,4.723,58.858,872.389426815267
Iran,2020,Asia,IRN,4.721,74.141,5132.82430762118
Uganda,2020,Africa,UGA,4.636,66.41,917.0350317644
Liberia,2020,Africa,LBR,4.625,61.267,605.025475431411
Kenya,2020,Africa,KEN,4.607,61.596,1609.33414078281
Tunisia,2020,Africa,TUN,4.596,75.004,3749.26841452928
Lebanon,2020,Asia,LBN,4.584,76.299,6440.82843092922
Namibia,2020,Africa,NAM,4.574,64.071,3787.49943973286
State of Palestine,2020,Asia,PSE,4.517,74.998,2922.46801084844
Myanmar,2020,Asia,MMR,4.426,66.612,1301.31386350667
Jordan,2020,Asia,JOR,4.395,75.583,4188.21240095719
Chad,2020,Africa,TCD,4.355,53.082,884.980541934939
Sri Lanka,2020,Asia,LKA,4.325,76.928,4227.23314530167
Swaziland,2020,Africa,SWZ,4.308,59.862,3609.3669136859
Comoros,2020,Africa,COM,4.289,65.756,1359.7070891825
Egypt,2020,Africa,EGY,4.283,69.79,3770.86947868544
Ethiopia,2020,Africa,ETH,4.275,65.969,768.705424484873
Mauritania,2020,Africa,MRT,4.227,66.794,1557.19511875153
Madagascar,2020,Africa,MDG,4.208,62.706,422.924255422319
Togo,2020,Africa,TGO,4.107,61.14,899.748802355348
Zambia,2020,Africa,ZMB,4.073,63.361,1228.73500113195
Sierra Leone,2020,Africa,SLE,3.849,59.694,1010.25294614757
India,2020,Asia,IND,3.819,70.156,1806.50110583865
Burundi,2020,Africa,BDI,3.775,62.569,263.463876362597
Tanzania,2020,Africa,TZA,3.623,66.771,1041.25964355469
Haiti,2020,Americas,HTI,3.615,63.773,1331.69778506932
Malawi,2020,Africa,MWI,3.6,65.216,559.447086086067
Lesotho,2020,Africa,LSO,3.512,55.133,944.834128375429
Botswana,2020,Africa,BWA,3.467,67.643,6254.24806241091
Rwanda,2020,Africa,RWA,3.415,66.953,821.257133282758
Zimbabwe,2020,Africa,ZWE,3.145,61.53,1230.81933361016
Afghanistan,2020,Asia,AFG,2.523,61.454,527.834554499306
Finland,2019,Europe,FIN,7.80870008468628,81.9829268292683,45898.5708448954
Denmark,2019,Europe,DNK,7.64559984207153,81.4512195121951,57114.6227336347
Switzerland,2019,Europe,CHE,7.55989980697632,83.9048780487805,88932.4119306425
Iceland,2019,Europe,ISL,7.50449991226196,83.1634146341463,57118.8452777198
Norway,2019,Europe,NOR,7.48799991607666,82.9585365853659,79937.5097885912
Netherlands,2019,Europe,NLD,7.44890022277832,82.1121951219512,49254.024789064
Sweden,2019,Europe,SWE,7.35349988937378,83.109756097561,53024.4099494317
New Zealand,2019,Oceania,NZL,7.29960012435913,82.0560975609756,40615.7266946543
Austria,2019,Europe,AUT,7.29419994354248,81.8951219512195,46550.5622459492
Luxembourg,2019,Europe,LUX,7.23750019073486,82.6390243902439,107591.899505248
Canada,2019,Americas,CAN,7.23210000991821,82.1585365853659,45100.336805859
Australia,2019,Oceania,AUS,7.22279977798462,82.9,59181.2997904131
United Kingdom,2019,Europe,GBR,7.16450023651123,81.3691219512195,47866.9140354078
Israel,2019,Asia,ISR,7.12860012054443,82.8048780487805,39322.038041422
Costa Rica,2019,Americas,CRI,7.12139987945557,80.296,12944.013449341
Ireland,2019,Europe,IRL,7.09369993209839,82.7024390243903,76485.635854651
Germany,2019,Europe,DEU,7.0757999420166,81.2926829268293,44235.2658954682
United States,2019,Americas,USA,6.93959999084473,78.7878048780488,61047.9648238812
Czechia,2019,Europe,CZE,6.9109001159668,79.2292682926829,20360.0599221814
Belgium,2019,Europe,BEL,6.86350011825562,81.9951219512195,43006.4042308863
United Arab Emirates,2019,Asia,ARE,6.79080009460449,82.596,43468.4534705013
Malta,2019,Europe,MLT,6.77279996871948,82.6585365853659,29522.6480165028
France,2019,Europe,FRA,6.66379976272583,82.8268292682927,38705.2072940618
Mexico,2019,Americas,MEX,6.46500015258789,74.53,10159.4448367696
Uruguay,2019,Americas,URY,6.44010019302368,77.503,17758.4384273402
Saudi Arabia,2019,Asia,SAU,6.4064998626709,78.313,24905.6697428558
Spain,2019,Europe,ESP,6.40089988708496,83.8317073170732,28301.4393949563
Guatemala,2019,Americas,GTM,6.39890003204346,71.639,4139.12206338632
Italy,2019,Europe,ITA,6.38740015029907,83.4975609756098,32180.4341017428
Singapore,2019,Asia,SGP,6.37709999084473,83.5951219512195,61106.3119775351
Brazil,2019,Americas,BRA,6.37559986114502,75.809,8771.44051292177
Slovenia,2019,Europe,SVN,6.36339998245239,81.5292682926829,23943.1800949889
El Salvador,2019,Americas,SLV,6.34829998016357,71.725,4143.11437097867
Kosovo,2019,Europe,XKX,6.32520008087158,77.249,4219.06495675744
Panama,2019,Americas,PAN,6.30480003356934,78.514,15602.5315209709
Slovakia,2019,Europe,SVK,6.28060007095337,77.6658536585366,18250.9802475637
Uzbekistan,2019,Asia,UZB,6.25759983062744,72.093,3733.50435754861
Chile,2019,Americas,CHL,6.22849988937378,80.324,13631.9284885172
Bahrain,2019,Asia,BHR,6.22730016708374,80.471,24873.6640060134
Lithuania,2019,Europe,LTU,6.21549987792969,76.2829268292683,17431.7239081591
Trinidad and Tobago,2019,Americas,TTO,6.19189977645874,72.836,17225.361633712
Poland,2019,Europe,POL,6.1862998008728,77.9048780487805,15221.3090624454
Colombia,2019,Americas,COL,6.16340017318726,76.793,6439.96359812647
Cyprus,2019,Asia,CYP,6.15899991989136,81.454,28167.146484375
Nicaragua,2019,Americas,NIC,6.13710021972656,73.764,2019.91518620044
Romania,2019,Europe,ROU,6.12370014190674,75.6073170731707,11197.3162915853
Kuwait,2019,Asia,KWT,6.10209989547729,81.969756097561,26580.2264741607
Mauritius,2019,Africa,MUS,6.10129976272583,74.2358536585366,11111.3423669526
Kazakhstan,2019,Asia,KAZ,6.05789995193481,73.658,10989.6840718388
Estonia,2019,Europe,EST,6.02180004119873,78.6463414634147,20579.8756732376
Philippines,2019,Asia,PHL,6.00600004196167,69.68,3575.88170922922
Hungary,2019,Europe,HUN,6.00040006637573,76.3195121951219,15290.8085466331
Thailand,2019,Asia,THA,5.9987998008728,77.197,6434.53770518034
Argentina,2019,Americas,ARG,5.97469997406006,76.847,12706.3978108968
Honduras,2019,Americas,HND,5.95319986343384,72.124,2447.61649282181
Latvia,2019,Europe,LVA,5.94999980926514,75.3878048780488,15328.3859933295
Ecuador,2019,Americas,ECU,5.92519998550415,77.286,5971.38938386723
Portugal,2019,Europe,PRT,5.9109001159668,81.6756097560976,21569.1874752919
Jamaica,2019,Americas,JAM,5.88980007171631,71.532,5814.79275311692
Republic of Korea,2019,Asia,KOR,5.87239980697632,83.2268292682927,33496.3113815643
Japan,2019,Asia,JPN,5.87080001831055,84.3563414634146,36837.2583653113
Peru,2019,Americas,PER,5.79680013656616,76.275,6626.26083494969
Serbia,2019,Europe,SRB,5.77820014953613,75.9365853658537,6870.75810896296
Bolivia,2019,Americas,BOL,5.74749994277954,67.82,3207.38695231128
Pakistan,2019,Asia,PAK,5.69329977035522,66.729,1573.8330826937
Paraguay,2019,Americas,PRY,5.69210004806519,73.668,6243.53620897773
Dominican Republic,2019,Americas,DOM,5.68919992446899,73.112,8117.04639185786
Bosnia and Herzegovina,2019,Europe,BIH,5.67409992218018,77.394,5583.29721276458
Republic of Moldova,2019,Europe,MDA,5.60750007629395,70.181,3438.67732670712
Tajikistan,2019,Asia,TJK,5.55569982528687,70.962,1148.34676712493
Montenegro,2019,Europe,MNE,5.54610013961792,76.6829268292683,7470.29237568568
Russian Federation,2019,Europe,RUS,5.5460000038147,73.0839024390244,9882.0244140625
Kyrgyzstan,2019,Asia,KGZ,5.54150009155273,71.6,1201.87701429721
Belarus,2019,Europe,BLR,5.5398998260498,74.2268292682927,6267.73508743505
North Cyprus,2019,Asia,CYP,5.53550004959106,81.454,28167.146484375
Greece,2019,Europe,GRC,5.5149998664856,81.6390243902439,19216.6759579785
Hong Kong SAR of China,2019,Asia,HKG,5.51039981842041,85.1558536585366,44195.2741142906
Croatia,2019,Europe,HRV,5.50470018386841,78.2243902439024,14641.8735578488
Libya,2019,Africa,LBY,5.48880004882813,72.941,8768.4104874586
Mongolia,2019,Asia,MNG,5.45620012283325,71.0531707317073,4337.8167085432
Malaysia,2019,Asia,MYS,5.38430023193359,75.9,10902.9834855856
Viet Nam,2019,Asia,VNM,5.35349988937378,74.211,3241.07648966529
Indonesia,2019,Asia,IDN,5.28560018539429,70.349,3850.90321738979
Côte d’Ivoire,2019,Africa,CIV,5.23330020904541,60.274,2093.09994335779
Benin,2019,Africa,BEN,5.21600008010864,59.888,1114.17304526443
Maldives,2019,Asia,MDV,5.1975998878479,79.707,11194.9253748064
Congo,2019,Africa,COG,5.1943998336792,63.152,1885.51080877731
Azerbaijan,2019,Asia,AZE,5.16480016708374,73.29,5346.95318604114
North Macedonia,2019,Europe,MKD,5.15980005264282,76.6024390243903,5961.58475399191
Ghana,2019,Africa,GHA,5.14799976348877,64.455,1999.55372220211
Nepal,2019,Asia,NPL,5.13719987869263,69.299,1077.11796498188
Türkiye,2019,Asia,TUR,5.13180017471313,77.737,12238.2950220128
China,2019,Asia,CHN,5.12389993667603,77.94,10356.2924890582
Turkmenistan,2019,Asia,TKM,5.11910009384155,69.405,6719.32320157703
Bulgaria,2019,Europe,BGR,5.10150003433228,75.1121951219512,8626.5750265742
Morocco,2019,Africa,MAR,5.09479999542236,74.245,3364.73950195313
Cameroon,2019,Africa,CMR,5.08489990234375,61.695,1470.31785276187
Venezuela,2019,Americas,VEN,5.05319976806641,72.766,1759.05547364548
Algeria,2019,Africa,DZA,5.00509977340698,75.682,4672.66408678635
Senegal,2019,Africa,SEN,4.98080015182495,67.668,1379.60875249843
Guinea,2019,Africa,GIN,4.94929981231689,59.379,926.42221954853
Niger,2019,Africa,NER,4.90959978103638,60.031,526.60361746086
Lao PDR,2019,Asia,LAO,4.88859987258911,67.911,2554.95638019245
Albania,2019,Europe,ALB,4.88269996643066,79.467,5072.43648354739
Cambodia,2019,Asia,KHM,4.8484001159668,70.127,2008.32094006706
Bangladesh,2019,Asia,BGD,4.83279991149902,72.625,1564.20802445636
Gabon,2019,Africa,GAB,4.82929992675781,67.337,6817.56879468764
South Africa,2019,Africa,ZAF,4.81409978866577,66.071,6032.82972598668
Iraq,2019,Asia,IRQ,4.78480005264282,71.245,4898.14897668582
Lebanon,2019,Asia,LBN,4.77150011062622,78.208,8064.04873416236
Burkina Faso,2019,Africa,BFA,4.76870012283325,60.184,717.021595096634
Gambia,2019,Africa,GMB,4.75059986114502,64.427,682.797642940426
Mali,2019,Africa,MLI,4.72930002212524,59.217,909.751069706998
Nigeria,2019,Africa,NGA,4.72410011291504,53.009,2431.53528475874
Armenia,2019,Asia,ARM,4.67679977416992,76.2219512195122,4343.45839583019
Georgia,2019,Asia,GEO,4.67259979248047,74.165,4975.81148194814
Iran,2019,Asia,IRN,4.67239999771118,76.855,4952.45669081078
Jordan,2019,Asia,JOR,4.63339996337891,76.865,4313.80791426608
Mozambique,2019,Africa,MOZ,4.62360000610352,61.306,617.13932000195
Kenya,2019,Africa,KEN,4.58300018310547,62.939,1645.70961777862
Namibia,2019,Africa,NAM,4.57110023498535,63.546,4243.09274481966
Ukraine,2019,Europe,UKR,4.56069993972778,73.92,2398.07836914063
Liberia,2019,Africa,LBR,4.55789995193481,61.232,636.699384824869
State of Palestine,2019,Asia,PSE,4.55280017852783,75.811,3378.4346209191
Uganda,2019,Africa,UGA,4.43200016021729,66.354,920.939101515671
Chad,2019,Africa,TCD,4.42269992828369,52.993,917.203710060136
Tunisia,2019,Africa,TUN,4.39219999313354,75.599,4153.27978615515
Mauritania,2019,Africa,MRT,4.37459993362427,67.64,1609.15396170643
Sri Lanka,2019,Asia,LKA,4.3270001411438,76.698,4455.78188788143
DR Congo,2019,Africa,COD,4.31099987030029,60.242,482.524295129472
Swaziland,2019,Africa,SWZ,4.30810022354126,59.85,3759.67106964666
Myanmar,2019,Asia,MMR,4.30800008773804,66.457,1440.98988236734
Comoros,2019,Africa,COM,4.28859996795654,65.662,1389.36488014859
Togo,2019,Africa,TGO,4.18720006942749,61.061,900.166602437871
Ethiopia,2019,Africa,ETH,4.18620014190674,65.741,744.702789740042
Madagascar,2019,Africa,MDG,4.16559982299805,63.504,467.27741349648
Egypt,2019,Africa,EGY,4.15140008926392,71.213,3701.2446344954
Sierra Leone,2019,Africa,SLE,3.92639994621277,59.593,1046.96778078594
Burundi,2019,Africa,BDI,3.77530002593994,62.18,270.411005710809
Zambia,2019,Africa,ZMB,3.75939989089966,62.914,1301.18132976178
Haiti,2019,Americas,HTI,3.72079992294312,64.328,1394.42114071112
Lesotho,2019,Africa,LSO,3.6528000831604,55.249,1040.99351014117
India,2019,Asia,IND,3.57329988479614,70.746,1936.03067741063
Malawi,2019,Africa,MWI,3.53800010681152,64.995,569.866249371948
Botswana,2019,Africa,BWA,3.47889995574951,67.167,6951.73189051146
Tanzania,2019,Africa,TZA,3.47620010375977,66.007,1051.7666015625
Central African Republic,2019,Africa,CAF,3.47589993476868,31.53,401.82582161435
Rwanda,2019,Africa,RWA,3.31229996681213,66.691,863.872077583172
Zimbabwe,2019,Africa,ZWE,3.2992000579834,61.06,1357.53087818754
Afghanistan,2019,Asia,AFG,2.56690001487732,62.941,557.861533207459
Finland,2018,Europe,FIN,7.769,81.7341463414634,45337.2409550575
Denmark,2018,Europe,DNK,7.6,80.9536585365854,56355.0733084714
Norway,2018,Europe,NOR,7.554,82.7585365853659,79313.2889434042
Iceland,2018,Europe,ISL,7.494,82.8609756097561,57731.6523639512
Netherlands,2018,Europe,NLD,7.488,81.8121951219512,48463.0055608731
Switzerland,2018,Europe,CHE,7.48,83.7536585365854,88581.0826935584
Sweden,2018,Europe,SWE,7.343,82.5585365853659,52203.0872589761
New Zealand,2018,Oceania,NZL,7.307,81.7073170731707,40257.9139260803
Canada,2018,Americas,CAN,7.278,81.8036585365854,44907.3887994469
Austria,2018,Europe,AUT,7.246,81.6926829268293,45951.5819164034
Australia,2018,Oceania,AUS,7.228,82.7487804878049,58772.7063152213
Costa Rica,2018,Americas,CRI,7.167,80.09,12708.8042828359
Israel,2018,Asia,ISR,7.139,82.8024390243903,38695.0100079706
Luxembourg,2018,Europe,LUX,7.09,82.2951219512195,106788.661202756
United Kingdom,2018,Europe,GBR,7.054,81.2560975609756,47516.2099770322
Ireland,2018,Europe,IRL,7.021,82.2048780487805,74029.0550611436
Germany,2018,Europe,DEU,6.985,80.8926829268293,43905.8550061973
Belgium,2018,Europe,BEL,6.923,81.5951219512195,42208.3625650272
United States,2018,Americas,USA,6.892,78.6390243902439,59817.6556798612
Czechia,2018,Europe,CZE,6.852,79.0292682926829,19736.6295261285
United Arab Emirates,2018,Asia,ARE,6.825,82.449,43377.802601486
Malta,2018,Europe,MLT,6.726,82.2487804878049,29536.7913868949
Mexico,2018,Americas,MEX,6.595,74.301,10296.8690940459
France,2018,Europe,FRA,6.592,82.6756097560976,38062.4435961412
Chile,2018,Americas,CHL,6.444,80.559,13763.0068844795
Guatemala,2018,Americas,GTM,6.436,71.496,4040.21214374742
Saudi Arabia,2018,Asia,SAU,6.375,78.75,24393.5188306638
Qatar,2018,Asia,QAT,6.374,82.714,64410.8171280981
Spain,2018,Europe,ESP,6.354,83.4317073170732,27956.7225466484
Panama,2018,Americas,PAN,6.321,78.266,15375.6500855703
Brazil,2018,Americas,BRA,6.3,75.633,8722.33630317935
Uruguay,2018,Americas,URY,6.293,77.527,17608.94412947
Singapore,2018,Asia,SGP,6.262,83.2975609756098,61101.5252578902
El Salvador,2018,Americas,SLV,6.253,71.384,4046.16291720583
Italy,2018,Europe,ITA,6.223,83.3463414634146,31963.6417148824
Bahrain,2018,Asia,BHR,6.199,80.412,24059.7838641562
Slovakia,2018,Europe,SVK,6.198,77.2658536585366,17869.0149173679
Trinidad and Tobago,2018,Americas,TTO,6.192,72.658,17205.615135339
Poland,2018,Europe,POL,6.182,77.6024390243903,14551.0850277089
Uzbekistan,2018,Asia,UZB,6.174,71.999,3559.85436594803
Lithuania,2018,Europe,LTU,6.149,75.6804878048781,16604.9021440809
Colombia,2018,Americas,COL,6.125,76.579,6353.5464285392
Slovenia,2018,Europe,SVN,6.118,81.3780487804878,23293.966665323
Nicaragua,2018,Americas,NIC,6.105,73.879,2107.3396261623
Kosovo,2018,Europe,XKX,6.1,77.117,4009.11952439378
Argentina,2018,Americas,ARG,6.086,76.77,13058.3285449954
Romania,2018,Europe,ROU,6.07,75.3585365853659,10714.1701157127
Cyprus,2018,Asia,CYP,6.046,81.556,26962.392578125
Ecuador,2018,Americas,ECU,6.028,77.248,6063.0956178776
Kuwait,2018,Asia,KWT,6.021,80.1063658536585,26706.0191660864
Thailand,2018,Asia,THA,6.008,77.19,6314.19948412043
Latvia,2018,Europe,LVA,5.94,74.7829268292683,15120.0698171804
Republic of Korea,2018,Asia,KOR,5.895,82.6268292682927,32852.8887488942
Estonia,2018,Europe,EST,5.893,78.2439024390244,19914.3454922878
Jamaica,2018,Americas,JAM,5.89,71.606,5717.87621107532
Mauritius,2018,Africa,MUS,5.888,74.4163414634146,10805.4615213739
Japan,2018,Asia,JPN,5.886,84.2109756097561,36899.3847079435
Honduras,2018,Americas,HND,5.86,72.001,2430.13503657762
Kazakhstan,2018,Asia,KAZ,5.809,73.369,10670.2120148279
Bolivia,2018,Americas,BOL,5.779,67.699,3204.53670838005
Hungary,2018,Europe,HUN,5.758,76.0658536585366,14533.7783144312
Paraguay,2018,Americas,PRY,5.743,73.627,6354.2392005297
North Cyprus,2018,Asia,CYP,5.718,81.556,26962.392578125
Peru,2018,Americas,PER,5.697,76.018,6593.14437459526
Portugal,2018,Europe,PRT,5.693,81.3243902439024,20997.7745987013
Pakistan,2018,Asia,PAK,5.653,66.481,1561.68169819559
Russian Federation,2018,Europe,RUS,5.648,72.6621951219512,9674.787109375
Philippines,2018,Asia,PHL,5.631,69.761,3410.93647976109
Serbia,2018,Europe,SRB,5.603,75.890243902439,6524.08029755191
Republic of Moldova,2018,Europe,MDA,5.529,70.236,3267.9961042872
Libya,2018,Africa,LBY,5.525,73.151,10020.9165751361
Montenegro,2018,Europe,MNE,5.523,77.8853658536585,7159.46778433252
Tajikistan,2018,Asia,TJK,5.467,70.737,1094.8002018221
Croatia,2018,Europe,HRV,5.432,77.919512195122,14061.0597402919
Hong Kong SAR of China,2018,Asia,HKG,5.43,84.869756097561,45280.4971892076
Dominican Republic,2018,Americas,DOM,5.425,73.555,7818.70593240469
Bosnia and Herzegovina,2018,Europe,BIH,5.386,77.942,5360.25201017633
Türkiye,2018,Asia,TUR,5.373,77.454,12255.0082146169
Malaysia,2018,Asia,MYS,5.339,75.734,10610.1950240479
Belarus,2018,Europe,BLR,5.323,74.1756097560976,6165.91320019277
Greece,2018,Europe,GRC,5.287,81.7878048780488,18769.0389621976
Mongolia,2018,Asia,MNG,5.285,70.8270731707317,4183.85566447661
North Macedonia,2018,Europe,MKD,5.274,76.6487804878049,5698.39334484489
Nigeria,2018,Africa,NGA,5.265,52.669,2431.77857832597
Kyrgyzstan,2018,Asia,KGZ,5.261,71.4,1175.0712778747
Turkmenistan,2018,Asia,TKM,5.247,69.272,6460.13015920839
Algeria,2018,Africa,DZA,5.211,75.555,4717.0035885361
Morocco,2018,Africa,MAR,5.208,73.946,3304.7119140625
Azerbaijan,2018,Asia,AZE,5.208,73.016,5261.92938234432
Lebanon,2018,Asia,LBN,5.197,78.263,8388.7235123835
Indonesia,2018,Asia,IDN,5.192,70.08,3701.32155461912
China,2018,Asia,CHN,5.191,77.709,9798.57890566402
Viet Nam,2018,Asia,VNM,5.175,74.1,3048.28327602145
Bhutan,2018,Asia,BTN,5.082,71.711,3300.55006461736
Cameroon,2018,Africa,CMR,5.044,61.189,1461.01969999317
Bulgaria,2018,Europe,BGR,5.011,74.9634146341464,8194.79296320014
Ghana,2018,Africa,GHA,4.996,64.138,1915.4532323781
Côte d’Ivoire,2018,Africa,CIV,4.944,59.795,2013.32307598499
Nepal,2018,Asia,NPL,4.913,69.036,1021.91492204011
Jordan,2018,Asia,JOR,4.906,76.491,4320.029787425
Benin,2018,Africa,BEN,4.883,59.71,1071.50452156932
Congo,2018,Africa,COG,4.812,64.472,1909.9560382117
Gabon,2018,Africa,GAB,4.799,67.043,6724.5961429108
Lao PDR,2018,Asia,LAO,4.796,67.594,2459.97874636195
South Africa,2018,Africa,ZAF,4.722,65.726,6117.2701406047
Albania,2018,Europe,ALB,4.719,79.238,4893.82375538717
Venezuela,2018,Americas,VEN,4.707,72.641,2359.38238345005
Cambodia,2018,Asia,KHM,4.7,69.993,1884.28374817086
State of Palestine,2018,Asia,PSE,4.696,75.38,3417.79440837962
Senegal,2018,Africa,SEN,4.681,67.379,1355.09610863533
Somalia,2018,Africa,SOM,4.668,54.767,498.981065013918
Namibia,2018,Africa,NAM,4.639,62.579,4400.47537705743
Niger,2018,Africa,NER,4.628,59.765,513.423699765289
Burkina Faso,2018,Africa,BFA,4.587,59.972,694.492813126351
Armenia,2018,Asia,ARM,4.559,75.619512195122,4027.83393010979
Iran,2018,Asia,IRN,4.548,76.621,5127.22495367018
Guinea,2018,Africa,GIN,4.534,59.043,899.907328045175
Georgia,2018,Asia,GEO,4.519,73.985,4713.6535484530305
Gambia,2018,Africa,GMB,4.516,64.034,658.127833258563
Sri Lanka,2018,Asia,LKA,4.366,76.485,4493.03574617534
Kenya,2018,Africa,KEN,4.509,62.825,1596.69045914945
Mauritania,2018,Africa,MRT,4.49,67.419,1606.91539159026
Mozambique,2018,Africa,MOZ,4.466,60.79,621.153734194787
Tunisia,2018,Africa,TUN,4.461,75.37,4127.97005697994
Bangladesh,2018,Asia,BGD,4.456,72.122,1462.25050255713
Iraq,2018,Asia,IRQ,4.437,71.116,4749.00921836896
DR Congo,2018,Africa,COD,4.418,59.926,495.312105711027
Mali,2018,Africa,MLI,4.39,58.873,892.978322787306
Sierra Leone,2018,Africa,SLE,4.374,59.059,1015.6678297205
Myanmar,2018,Asia,MMR,4.36,66.232,1361.5683126412
Chad,2018,Africa,TCD,4.35,52.447,898.834794005046
Ukraine,2018,Europe,UKR,4.332,73.569,2308.6669921875
Ethiopia,2018,Africa,ETH,4.286,65.257,705.96881207336
Swaziland,2018,Africa,SWZ,4.212,58.707,3565.54285067501
Uganda,2018,Africa,UGA,4.189,65.775,895.07512785438
Egypt,2018,Africa,EGY,4.166,70.974,3568.63966286365
Zambia,2018,Africa,ZMB,4.107,62.138,1321.25045711573
Togo,2018,Africa,TGO,4.085,60.608,876.562800915869
India,2018,Asia,IND,4.015,70.415,1883.35772705055
Liberia,2018,Africa,LBR,3.975,60.999,665.875439637137
Comoros,2018,Africa,COM,3.973,65.401,1391.84570443267
Madagascar,2018,Africa,MDG,3.933,63.491,459.330367799543
Lesotho,2018,Africa,LSO,3.802,54.638,1068.44462913373
Burundi,2018,Africa,BDI,3.775,61.806,267.508692172687
Zimbabwe,2018,Africa,ZWE,3.663,60.906,1472.14603844842
Haiti,2018,Americas,HTI,3.597,64.077,1437.35251928349
Botswana,2018,Africa,BWA,3.488,66.371,6843.84612027739
Syria,2018,Asia,SYR,3.462,67.371,792.412864720441
Malawi,2018,Africa,MWI,3.41,64.464,553.528790902088
Yemen,2018,Asia,YEM,3.38,65.915,1079.32938366255
Rwanda,2018,Africa,RWA,3.334,66.354,808.704812752127
Tanzania,2018,Africa,TZA,3.231,65.488,1024.01525878906
Afghanistan,2018,Asia,AFG,3.203,62.443,553.125151688293
Central African Republic,2018,Africa,CAF,3.083,52.297,395.020015455909
Finland,2017,Europe,FIN,7.632,81.6317073170732,44862.220404205
Norway,2017,Europe,NOR,7.594,82.609756097561,78961.7757906168
Denmark,2017,Europe,DNK,7.555,81.1024390243903,55601.0145717787
Iceland,2017,Europe,ISL,7.495,82.6609756097561,56657.9800322797
Switzerland,2017,Europe,CHE,7.487,83.5512195121951,86362.360972862
Netherlands,2017,Europe,NLD,7.441,81.7609756097561,47670.0858101833
Canada,2017,Americas,CAN,7.328,81.8078048780488,44339.433221787804
New Zealand,2017,Oceania,NZL,7.324,81.8585365853659,39667.6884236272
Sweden,2017,Europe,SWE,7.314,82.409756097561,51894.3748177808
Australia,2017,Oceania,AUS,7.272,82.5,57991.771347333
Israel,2017,Asia,ISR,7.19,82.5512195121951,37911.0217281157
Austria,2017,Europe,AUT,7.139,81.6439024390244,45056.6385912412
Costa Rica,2017,Americas,CRI,7.072,79.994,12468.5654849336
Ireland,2017,Europe,IRL,6.977,82.1560975609756,69748.6221034014
Germany,2017,Europe,DEU,6.965,80.9926829268293,43543.4807050551
Belgium,2017,Europe,BEL,6.927,81.4926829268293,41619.328629169
Luxembourg,2017,Europe,LUX,6.91,82.0951219512195,107142.05542835
United States,2017,Americas,USA,6.886,78.5390243902439,58435.9707535619
United Kingdom,2017,Europe,GBR,6.814,81.2560975609756,47019.4510419999
United Arab Emirates,2017,Asia,ARE,6.774,82.388,43293.0202360765
Czechia,2017,Europe,CZE,6.711,78.9780487804878,19257.6930680911
Malta,2017,Europe,MLT,6.627,82.1951219512195,28546.6464943104
France,2017,Europe,FRA,6.489,82.5756097560976,37580.5979329356
Mexico,2017,Americas,MEX,6.488,74.261,10193.7727188313
Chile,2017,Americas,CHL,6.476,80.61,13473.3458532934
Panama,2017,Americas,PAN,6.43,77.901,15045.5456426827
Brazil,2017,Americas,BRA,6.419,75.383,8628.25308908043
Argentina,2017,Americas,ARG,6.388,76.543,13520.1129846159
Guatemala,2017,Americas,GTM,6.382,71.583,3972.74059262672
Uruguay,2017,Americas,URY,6.379,77.618,17611.6036800874
Qatar,2017,Asia,QAT,6.374,82.458,64497.6987225375
Saudi Arabia,2017,Asia,SAU,6.371,78.721,23035.1199977707
Singapore,2017,Asia,SGP,6.343,83.0951219512195,59493.3758595703
Malaysia,2017,Asia,MYS,6.322,75.542,10293.762920536201
Spain,2017,Europe,ESP,6.31,83.2829268292683,27426.281015093
Colombia,2017,Americas,COL,6.26,76.418,6309.67745292518
Trinidad and Tobago,2017,Americas,TTO,6.192,72.984,17402.6155328454
Slovakia,2017,Europe,SVK,6.173,77.1658536585366,17195.2888721963
El Salvador,2017,Americas,SLV,6.167,71.007,3954.84014277572
Nicaragua,2017,Americas,NIC,6.141,73.389,2209.63273423213
Poland,2017,Europe,POL,6.123,77.7536585365854,13695.6452848724
Bahrain,2017,Asia,BHR,6.105,80.407,23606.8867501313
Uzbekistan,2017,Asia,UZB,6.096,71.737,3425.78819696408
Kuwait,2017,Asia,KWT,6.083,79.9160731707317,27048.3706935958
Thailand,2017,Asia,THA,6.072,76.989,6076.74307700082
Italy,2017,Europe,ITA,6,82.9463414634147,31635.52277108
Ecuador,2017,Americas,ECU,5.973,76.22,6104.27253521751
Belize,2017,Americas,BLZ,5.956,72.062,5767.61921963762
Lithuania,2017,Europe,LTU,5.952,75.4804878048781,15695.9993288456
Slovenia,2017,Europe,SVN,5.948,81.0292682926829,22397.7634988337
Romania,2017,Europe,ROU,5.945,75.209756097561,10106.2269557253
Latvia,2017,Europe,LVA,5.933,74.6292682926829,14382.8612727134
Japan,2017,Asia,JPN,5.915,84.099756097561,36547.7357437305
Mauritius,2017,Africa,MUS,5.891,74.5146341463415,10383.8832682578
Jamaica,2017,Americas,JAM,5.89,71.879,5586.1365723133
Republic of Korea,2017,Asia,KOR,5.875,82.6268292682927,31979.9027302467
North Cyprus,2017,Asia,CYP,5.835,81.543,25665.990234375
Russian Federation,2017,Europe,RUS,5.81,72.4514634146342,9418.99609375
Kazakhstan,2017,Asia,KAZ,5.79,72.996,10404.2718646317
Cyprus,2017,Asia,CYP,5.762,81.543,25665.990234375
Bolivia,2017,Americas,BOL,5.752,67.536,3160.16421247588
Estonia,2017,Europe,EST,5.739,78.0926829268293,19270.8141210511
Paraguay,2017,Americas,PRY,5.681,73.45,6243.13363139058
Peru,2017,Americas,PER,5.663,75.958,6457.41940254721
Kosovo,2017,Europe,XKX,5.662,77.105,3890.17624537261
Republic of Moldova,2017,Europe,MDA,5.64,70.375,3085.33305844263
Turkmenistan,2017,Asia,TKM,5.636,69.19,6221.41962759021
Hungary,2017,Europe,HUN,5.62,75.8170731707317,13734.2442804335
Libya,2017,Africa,LBY,5.566,72.721,9435.60060040046
Philippines,2017,Asia,PHL,5.524,69.966,3247.4503878362
Honduras,2017,Americas,HND,5.504,71.805,2383.37398439714
Belarus,2017,Europe,BLR,5.483,74.1292682926829,5964.89668834561
Türkiye,2017,Asia,TUR,5.483,77.037,12005.6459824832
Pakistan,2017,Asia,PAK,5.472,66.223,1495.26187528032
Hong Kong SAR of China,2017,Asia,HKG,5.43,84.6956097560976,44380.8176753147
Portugal,2017,Europe,PRT,5.41,81.4243902439025,20364.1962735946
Serbia,2017,Europe,SRB,5.398,75.5390243902439,6200.26118592152
Greece,2017,Europe,GRC,5.358,81.2878048780488,18352.0884461258
Tajikistan,2017,Asia,TJK,5.352,70.524,1042.26391757642
Montenegro,2017,Europe,MNE,5.347,76.6853658536585,6840.90834101224
Croatia,2017,Europe,HRV,5.321,77.7268292682927,13485.3711360576
Dominican Republic,2017,Americas,DOM,5.302,73.37,7379.39978067137
Algeria,2017,Africa,DZA,5.295,75.431,4742.90075532529
Morocco,2017,Africa,MAR,5.254,73.608,3242.64428710938
China,2017,Asia,CHN,5.246,77.235,9221.35045639842
Azerbaijan,2017,Asia,AZE,5.201,72.694,5229.25259993413
Lebanon,2017,Asia,LBN,5.199,78.192,8305.57405425721
North Macedonia,2017,Europe,MKD,5.185,75.9536585365854,5510.81862920922
Jordan,2017,Asia,JOR,5.161,76.071,4335.92512689541
Nigeria,2017,Africa,NGA,5.155,52.397,2441.71236404537
Kyrgyzstan,2017,Asia,KGZ,5.131,71.2,1157.1827575806701
Bosnia and Herzegovina,2017,Europe,BIH,5.129,77.385,5099.81602856447
Mongolia,2017,Asia,MNG,5.125,70.5434146341463,3956.2049437134
Viet Nam,2017,Asia,VNM,5.103,74.026,2868.13680013379
Indonesia,2017,Asia,IDN,5.093,69.953,3553.51999262321
Bhutan,2017,Asia,BTN,5.082,71.413,3211.80903275593
Somalia,2017,Africa,SOM,4.982,52.19,506.501098879426
Cameroon,2017,Africa,CMR,4.975,60.817,1444.90682916573
Bulgaria,2017,Europe,BGR,4.933,74.8146341463415,7899.11056589871
Nepal,2017,Asia,NPL,4.88,68.74,951.857298563641
Venezuela,2017,Americas,VEN,4.806,71.903,2863.33227846365
Gabon,2017,Africa,GAB,4.758,66.816,6840.05959347802
State of Palestine,2017,Asia,PSE,4.743,75.216,3462.97986107136
South Africa,2017,Africa,ZAF,4.724,65.422,6125.6920507497
Iran,2017,Asia,IRN,4.707,76.396,5395.2398398598
Côte d’Ivoire,2017,Africa,CIV,4.671,59.315,1972.81431788947
Ghana,2017,Africa,GHA,4.657,63.829,1841.44636153249
Senegal,2017,Africa,SEN,4.631,67.059,1312.10932775878
Lao PDR,2017,Asia,LAO,4.623,67.345,2351.57441747595
Tunisia,2017,Africa,TUN,4.592,75.177,4062.80606534519
Albania,2017,Europe,ALB,4.586,78.9,4648.23078660658
Sierra Leone,2017,Africa,SLE,4.571,57.761,1010.54694071207
Congo,2017,Africa,COG,4.559,64.203,2003.27121075187
Bangladesh,2017,Asia,BGD,4.5,71.606,1373.75363740186
Sri Lanka,2017,Asia,LKA,4.471,76.239,4436.00789131029
Iraq,2017,Asia,IRQ,4.456,69.788,4736.32710809857
Mali,2017,Africa,MLI,4.447,58.562,878.561348378099
Namibia,2017,Africa,NAM,4.441,61.661,4476.73324402105
Cambodia,2017,Asia,KHM,4.433,69.842,1753.93530504662
Burkina Faso,2017,Africa,BFA,4.424,59.578,669.276310328333
Egypt,2017,Africa,EGY,4.419,70.709,3452.90961245976
Mozambique,2017,Africa,MOZ,4.417,60.148,618.397694360334
Kenya,2017,Africa,KEN,4.41,62.725,1542.33773973372
Zambia,2017,Africa,ZMB,4.377,61.564,1308.76829240086
Mauritania,2017,Africa,MRT,4.356,67.088,1580.01453100123
Ethiopia,2017,Africa,ETH,4.35,64.766,678.98541915757
Georgia,2017,Asia,GEO,4.34,73.435,4442.50744127374
Armenia,2017,Asia,ARM,4.321,75.2170731707317,3815.3747426037
Myanmar,2017,Asia,MMR,4.308,65.909,1290.5640902569
Chad,2017,Africa,TCD,4.301,51.875,879.075895464417
DR Congo,2017,Africa,COD,4.245,59.495,482.854682128541
India,2017,Asia,IND,4.19,70.068,1788.69770318481
Niger,2017,Africa,NER,4.166,59.524,497.172608329608
Uganda,2017,Africa,UGA,4.161,65.174,871.093880017151
Benin,2017,Africa,BEN,4.141,59.528,1032.90471194182
Sudan,2017,Africa,SDN,4.139,65.146,1261.87353515625
Ukraine,2017,Europe,UKR,4.103,73.993,2217.7529296875
Togo,2017,Africa,TGO,3.999,60.145,851.735728621337
Guinea,2017,Africa,GIN,3.964,58.715,867.907502577607
Lesotho,2017,Africa,LSO,3.808,53.874,1097.82166812752
Angola,2017,Africa,AGO,3.795,62.122,3378.07588102598
Madagascar,2017,Africa,MDG,3.774,63.433,456.851859574031
Zimbabwe,2017,Africa,ZWE,3.692,60.263,1422.91948946927
Afghanistan,2017,Asia,AFG,3.632,62.406,562.769574140988
Botswana,2017,Africa,BWA,3.59,65.42,6662.57644805467
Malawi,2017,Africa,MWI,3.587,63.914,544.795729220349
Haiti,2017,Americas,HTI,3.582,63.832,1432.67228609541
Liberia,2017,Africa,LBR,3.495,60.777,671.260899835355
Syria,2017,Asia,SYR,3.462,65.651,795.881817153216
Rwanda,2017,Africa,RWA,3.408,66.14,765.845359390541
Yemen,2017,Asia,YEM,3.355,67.12,1103.45634849842
Tanzania,2017,Africa,TZA,3.303,64.963,1001.55895996094
Central African Republic,2017,Africa,CAF,3.083,45.231,387.35795131742
Burundi,2017,Africa,BDI,2.905,61.345,261.725839287239
Norway,2016,Europe,NOR,7.537,82.4073170731707,77532.2750022669
Denmark,2016,Europe,DNK,7.522,80.8536585365854,54300.2039621991
Iceland,2016,Europe,ISL,7.504,82.2048780487805,56049.2928672039
Switzerland,2016,Europe,CHE,7.494,83.6024390243903,85951.2234148345
Finland,2016,Europe,FIN,7.469,81.4292682926829,43529.6761616969
Netherlands,2016,Europe,NLD,7.377,81.5609756097561,46655.0340264754
Canada,2016,Americas,CAN,7.316,81.94,43551.3863558236
New Zealand,2016,Oceania,NZL,7.314,81.6585365853659,39205.0341298225
Australia,2016,Oceania,AUS,7.284,82.4487804878049,57632.9995925594
Sweden,2016,Europe,SWE,7.284,82.3073170731707,51626.3235312369
Israel,2016,Asia,ISR,7.213,82.4073170731707,37044.0118623764
Costa Rica,2016,Americas,CRI,7.079,79.988,12084.4351419988
Austria,2016,Europe,AUT,7.006,81.6414634146342,44362.6702805116
United States,2016,Americas,USA,6.993,78.5390243902439,57430.8499298804
Ireland,2016,Europe,IRL,6.977,81.6536585365854,64205.979777351
Germany,2016,Europe,DEU,6.951,80.990243902439,42516.9337063103
Belgium,2016,Europe,BEL,6.891,81.4390243902439,41172.8862831209
Luxembourg,2016,Europe,LUX,6.863,82.6853658536585,108351.452194449
United Kingdom,2016,Europe,GBR,6.714,81.1560975609756,45888.7099614563
Chile,2016,Americas,CHL,6.652,80.295,13505.097711133
United Arab Emirates,2016,Asia,ARE,6.648,82.195,45168.4955973912
Brazil,2016,Americas,BRA,6.635,75.081,8577.84376650911
Czechia,2016,Europe,CZE,6.609,79.0268292682927,18359.0978103904
Argentina,2016,Americas,ARG,6.599,76.105,13265.8860639123
Mexico,2016,Americas,MEX,6.578,74.376,10100.5021195819
Singapore,2016,Asia,SGP,6.572,82.8463414634146,57076.5241936787
Malta,2016,Europe,MLT,6.527,82.3536585365854,25969.4999809345
Uruguay,2016,Americas,URY,6.454,77.351,17357.2349992841
Guatemala,2016,Americas,GTM,6.454,71.215,3924.7789643024
Panama,2016,Americas,PAN,6.452,77.772,14474.1243636349
France,2016,Europe,FRA,6.442,82.5731707317073,36920.5342846914
Thailand,2016,Asia,THA,6.424,76.769,5857.78052935926
Spain,2016,Europe,ESP,6.403,83.3292682926829,26719.2442268615
Qatar,2016,Asia,QAT,6.375,82.147,67294.4585771356
Colombia,2016,Americas,COL,6.357,76.228,6316.07067782542
Saudi Arabia,2016,Asia,SAU,6.344,78.354,22783.0328538685
Trinidad and Tobago,2016,Americas,TTO,6.168,72.935,18331.034459758
Kuwait,2016,Asia,KWT,6.105,79.6775853658537,29454.4426388829
Slovakia,2016,Europe,SVK,6.098,77.1658536585366,16740.7413996428
Bahrain,2016,Asia,BHR,6.087,80.407,23715.2791328712
Malaysia,2016,Asia,MYS,6.084,75.371,9901.47960179812
Nicaragua,2016,Americas,NIC,6.071,73.18,2140.14405941606
Ecuador,2016,Americas,ECU,6.008,76.094,5849.13587933672
El Salvador,2016,Americas,SLV,6.003,70.908,3875.84691357954
Poland,2016,Europe,POL,5.973,77.8512195121951,13026.1858988718
Uzbekistan,2016,Asia,UZB,5.971,71.58,3327.90932206401
Italy,2016,Europe,ITA,5.964,83.2439024390244,31077.6792675211
Russian Federation,2016,Europe,RUS,5.963,71.6512195121951,9269.3173828125
Belize,2016,Americas,BLZ,5.956,71.843,6012.21296983668
Japan,2016,Asia,JPN,5.92,83.9848780487805,35934.4467886662
Lithuania,2016,Europe,LTU,5.902,74.6707317073171,14823.107153522
Algeria,2016,Africa,DZA,5.872,75.31,4768.73140081027
Latvia,2016,Europe,LVA,5.85,74.580487804878,13787.3367440023
Republic of Korea,2016,Asia,KOR,5.838,82.2756097560976,31005.4072876388
Republic of Moldova,2016,Europe,MDA,5.838,70.179,2910.95486872376
Romania,2016,Europe,ROU,5.825,75.209756097561,9286.87678236598
Bolivia,2016,Americas,BOL,5.823,67.392,3077.57057582774
Turkmenistan,2016,Asia,TKM,5.822,69.142,5979.47627661058
Kazakhstan,2016,Asia,KAZ,5.819,72.549,10151.423313302
North Cyprus,2016,Asia,CYP,5.81,81.534,24477.974609375
Slovenia,2016,Europe,SVN,5.758,81.1756097560976,21309.7122138949
Peru,2016,Americas,PER,5.715,75.951,6392.25474941014
Mauritius,2016,Africa,MUS,5.629,74.3948780487805,9997.89198315532
Cyprus,2016,Asia,CYP,5.621,81.534,24477.974609375
Estonia,2016,Europe,EST,5.611,77.6414634146342,18264.9873304279
Belarus,2016,Europe,BLR,5.569,73.8268292682927,5811.20159182547
Libya,2016,Africa,LBY,5.525,71.799,7236.16409923502
Türkiye,2016,Asia,TUR,5.5,76.595,11279.6169531569
Paraguay,2016,Americas,PRY,5.493,73.487,6041.95879367268
Hong Kong SAR of China,2016,Asia,HKG,5.472,84.2114634146342,43087.5537128127
Philippines,2016,Asia,PHL,5.43,69.49,3076.3374186759
Serbia,2016,Europe,SRB,5.395,75.6878048780488,6024.95754653784
Jordan,2016,Asia,JOR,5.336,75.55,4326.17261571505
Hungary,2016,Europe,HUN,5.324,76.0634146341464,13145.6559885563
Jamaica,2016,Americas,JAM,5.311,72.052,5472.28314023034
Croatia,2016,Europe,HRV,5.293,77.9219512195122,12848.473748279
Kosovo,2016,Europe,XKX,5.279,76.748,3739.17386677497
China,2016,Asia,CHN,5.273,77.214,8679.22528805041
Pakistan,2016,Asia,PAK,5.269,65.943,1452.18658269177
Indonesia,2016,Asia,IDN,5.262,69.733,3416.81005170972
Venezuela,2016,Americas,VEN,5.25,72.002,3374.43091608185
Montenegro,2016,Europe,MNE,5.237,76.5414634146342,6634.38197201003
Morocco,2016,Africa,MAR,5.235,73.228,3124.42504882813
Azerbaijan,2016,Asia,AZE,5.234,72.568,5272.71817141861
Dominican Republic,2016,Americas,DOM,5.23,72.889,7177.75376475488
Greece,2016,Europe,GRC,5.227,81.3878048780488,18049.928997892
Lebanon,2016,Asia,LBN,5.225,78.306,8019.1416913426
Portugal,2016,Europe,PRT,5.195,81.1243902439025,19662.82312462
Bosnia and Herzegovina,2016,Europe,BIH,5.182,77.124,4876.53471495633
Honduras,2016,Americas,HND,5.181,71.615,2315.72983058198
North Macedonia,2016,Europe,MKD,5.175,75.4,5429.94678358359
Somalia,2016,Africa,SOM,5.151,55.283,458.92147682461
Viet Nam,2016,Asia,VNM,5.074,73.984,2715.57887431272
Nigeria,2016,Africa,NGA,5.074,52.189,2481.81490350403
Tajikistan,2016,Asia,TJK,5.041,69.982,997.352614556708
Bhutan,2016,Asia,BTN,5.011,71.119,3173.36773217431
Kyrgyzstan,2016,Asia,KGZ,5.004,70.9512195121951,1128.3161612818
Nepal,2016,Asia,NPL,4.962,68.444,875.188943730855
Mongolia,2016,Asia,MNG,4.955,70.2239024390244,3817.91962716702
South Africa,2016,Africa,ZAF,4.829,64.749,6095.295060428
Tunisia,2016,Africa,TUN,4.805,75.007,4015.28893802703
State of Palestine,2016,Asia,PSE,4.775,74.917,3483.09903532972
Egypt,2016,Africa,EGY,4.735,70.437,3381.22246307712
Bulgaria,2016,Europe,BGR,4.714,74.8121951219512,7586.89174668116
Sierra Leone,2016,Africa,SLE,4.709,56.937,1002.77862282013
Cameroon,2016,Africa,CMR,4.695,60.293,1435.61830727839
Iran,2016,Asia,IRN,4.692,76.155,5312.61724954192
Albania,2016,Europe,ALB,4.644,78.643,4431.55635814168
Bangladesh,2016,Asia,BGD,4.608,71.075,1299.83091360792
Namibia,2016,Africa,NAM,4.574,60.81,4648.62713460213
Kenya,2016,Africa,KEN,4.553,62.526,1517.97796057742
Mozambique,2016,Africa,MOZ,4.55,59.455,620.779714954555
Myanmar,2016,Asia,MMR,4.545,65.64,1225.37913970989
Senegal,2016,Africa,SEN,4.535,66.724,1257.40906916238
Zambia,2016,Africa,ZMB,4.514,61.129,1303.57513869133
Iraq,2016,Asia,IRQ,4.497,68.683,4932.9272911439
Gabon,2016,Africa,GAB,4.465,66.583,6991.3251446736
Ethiopia,2016,Africa,ETH,4.46,64.162,636.835680951429
Sri Lanka,2016,Asia,LKA,4.44,76.136,4214.74117217382
Armenia,2016,Asia,ARM,4.376,74.8682926829268,3533.88503607007
India,2016,Asia,IND,4.315,69.709,1694.46534973787
Mauritania,2016,Africa,MRT,4.292,66.823,1531.87725661699
Congo,2016,Africa,COG,4.291,63.911,2174.19310251224
Georgia,2016,Asia,GEO,4.286,73.136,4225.09154904806
DR Congo,2016,Africa,COD,4.28,59.081,480.461377880475
Mali,2016,Africa,MLI,4.19,58.286,860.75307554569
Côte d’Ivoire,2016,Africa,CIV,4.18,58.814,1889.27777949938
Cambodia,2016,Asia,KHM,4.168,69.635,1645.46671578126
Sudan,2016,Africa,SDN,4.139,64.677,1297.15454101563
Ghana,2016,Africa,GHA,4.12,63.522,1740.81101902928
Ukraine,2016,Europe,UKR,4.096,73.389,2156.0830078125
Uganda,2016,Africa,UGA,4.081,64.494,874.648370639216
Burkina Faso,2016,Africa,BFA,4.032,59.173,648.420480176012
Niger,2016,Africa,NER,4.028,59.228,488.184823801581
Malawi,2016,Africa,MWI,3.97,63.163,538.221990810959
Chad,2016,Africa,TCD,3.936,51.603,923.565872051196
Zimbabwe,2016,Africa,ZWE,3.875,59.76,1378.34256192374
Lesotho,2016,Africa,LSO,3.808,52.908,1147.58748801671
Angola,2016,Africa,AGO,3.795,61.619,3505.59634681792
Afghanistan,2016,Asia,AFG,3.794,62.646,563.872336723147
Botswana,2016,Africa,BWA,3.766,64.32,6490.83463593483
Benin,2016,Africa,BEN,3.657,59.283,1006.03926633023
Madagascar,2016,Africa,MDG,3.644,63.431,451.15659433146
Haiti,2016,Americas,HTI,3.603,63.325,1416.74881879698
Yemen,2016,Asia,YEM,3.593,67.105,1197.95865971172
Liberia,2016,Africa,LBR,3.533,60.483,668.031513175601
Guinea,2016,Africa,GIN,3.507,58.49,807.236421043888
Togo,2016,Africa,TGO,3.495,59.677,832.959515987733
Rwanda,2016,Africa,RWA,3.471,65.733,748.798132068173
Syria,2016,Asia,SYR,3.462,65.19,802.968607901263
Tanzania,2016,Africa,TZA,3.349,64.404,970.156127929688
Burundi,2016,Africa,BDI,2.905,60.789,258.061970804063
Central African Republic,2016,Africa,CAF,2.693,50.999,376.858254120398
Denmark,2015,Europe,DNK,7.526,80.7024390243902,53094.0133607574
Switzerland,2015,Europe,CHE,7.509,82.8975609756098,85265.06205193
Iceland,2015,Europe,ISL,7.501,82.4682926829268,53505.6964079339
Norway,2015,Europe,NOR,7.498,82.3048780487805,77220.9524311414
Finland,2015,Europe,FIN,7.413,81.4804878048781,42560.3456767103
Canada,2015,Americas,CAN,7.404,81.8258536585366,43594.2379080706
Netherlands,2015,Europe,NLD,7.339,81.509756097561,45793.8135434697
New Zealand,2015,Oceania,NZL,7.334,81.6124390243903,38648.7302562109
Australia,2015,Oceania,AUS,7.313,82.4,56970.3613028094
Sweden,2015,Europe,SWE,7.291,82.2048780487805,51188.1652120493
Israel,2015,Asia,ISR,7.267,82.0512195121951,36138.13561386
Austria,2015,Europe,AUT,7.119,81.190243902439,43915.228020857
United States,2015,Americas,USA,7.104,78.690243902439,56849.4697923159
Costa Rica,2015,Americas,CRI,7.087,80.407,11714.7106121672
Puerto Rico,2015,Americas,PRI,7.039,80.677,29242.041465085
Germany,2015,Europe,DEU,6.994,80.6414634146341,41929.7549110722
Brazil,2015,Americas,BRA,6.952,75.106,8936.19661712113
Belgium,2015,Europe,BEL,6.929,80.9926829268293,40893.804537772
Ireland,2015,Europe,IRL,6.907,81.4536585365854,64250.1385181257
Luxembourg,2015,Europe,LUX,6.871,82.2926829268293,105462.012584423
Mexico,2015,Americas,MEX,6.778,74.431,10021.2386113616
Singapore,2015,Asia,SGP,6.739,82.7439024390244,55645.6068614606
United Kingdom,2015,Europe,GBR,6.725,80.9560975609756,45256.040227057
Chile,2015,Americas,CHL,6.705,80.008,13433.9202987032
Panama,2015,Americas,PAN,6.701,77.583,14082.6548502728
Argentina,2015,Americas,ARG,6.65,76.6,13679.6264980954
Czechia,2015,Europe,CZE,6.596,78.5780487804878,17931.5987670768
United Arab Emirates,2015,Asia,ARE,6.573,82.076,44910.3458860776
Uruguay,2015,Americas,URY,6.545,77.285,17125.9016800298
Malta,2015,Europe,MLT,6.488,81.7975609756098,25529.6693210673
Colombia,2015,Americas,COL,6.481,76.067,6248.51490534512
France,2015,Europe,FRA,6.478,82.3219512195122,36702.4323733379
Thailand,2015,Asia,THA,6.474,76.563,5688.85335397884
Saudi Arabia,2015,Asia,SAU,6.379,77.776,23256.1549553531
Qatar,2015,Asia,QAT,6.375,81.785,68985.2946961507
Spain,2015,Europe,ESP,6.361,82.8317073170732,25982.4416197775
Algeria,2015,Africa,DZA,6.355,75.159,4685.05902729002
Guatemala,2015,Americas,GTM,6.324,70.915,3893.50533299068
Suriname,2015,Americas,SUR,6.269,70.567,8813.61705392067
Kuwait,2015,Asia,KWT,6.239,79.3765609756098,29882.2126495698
Bahrain,2015,Asia,BHR,6.218,80.338,23734.0551143019
Trinidad and Tobago,2015,Americas,TTO,6.168,72.882,19887.2327716498
Venezuela,2015,Americas,VEN,6.084,73.004,4096.61989137473
Slovakia,2015,Europe,SVK,6.078,76.5634146341463,16442.0760860018
El Salvador,2015,Americas,SLV,6.068,70.952,3790.34089108162
Malaysia,2015,Asia,MYS,6.005,75.288,9648.6797937523
Nicaragua,2015,Americas,NIC,5.992,72.899,2074.45620634731
Uzbekistan,2015,Asia,UZB,5.987,71.33,3172.89899391083
Italy,2015,Europe,ITA,5.977,82.5439024390244,30639.8829751432
Ecuador,2015,Americas,ECU,5.976,76.222,5976.1596805651
Belize,2015,Americas,BLZ,5.956,71.647,6154.62264230369
Japan,2015,Asia,JPN,5.921,83.7939024390244,35664.6446110613
Kazakhstan,2015,Asia,KAZ,5.919,72.024,10196.1226255982
Republic of Moldova,2015,Europe,MDA,5.897,70.118,2749.55137054338
Russian Federation,2015,Europe,RUS,5.856,71.1834146341463,9277.7138671875
Poland,2015,Europe,POL,5.835,77.4512195121951,12637.5220324406
Republic of Korea,2015,Asia,KOR,5.835,82.0243902439024,30171.7906545222
Bolivia,2015,Americas,BOL,5.822,67.205,2996.01289811344
Lithuania,2015,Europe,LTU,5.813,74.3219512195122,14269.8039878287
Belarus,2015,Europe,BLR,5.802,73.6243902439025,5967.05595058777
North Cyprus,2015,Asia,CYP,5.771,81.464,23088.4296875
Slovenia,2015,Europe,SVN,5.768,80.7756097560976,20697.2748530619
Peru,2015,Americas,PER,5.743,75.732,6231.71150338894
Turkmenistan,2015,Asia,TKM,5.658,69.061,5759.497903834
Mauritius,2015,Africa,MUS,5.648,74.3531707317073,9630.5437837507
Libya,2015,Africa,LBY,5.615,71.644,7458.48917756374
Latvia,2015,Europe,LVA,5.56,74.4804878048781,13321.9753140616
Cyprus,2015,Asia,CYP,5.546,81.464,23088.4296875
Paraguay,2015,Americas,PRY,5.538,73.454,5879.33792308671
Romania,2015,Europe,ROU,5.528,74.9121951219512,8977.01748158196
Estonia,2015,Europe,EST,5.517,77.590243902439,17722.1557669523
Jamaica,2015,Americas,JAM,5.51,72.214,5339.30718256806
Croatia,2015,Europe,HRV,5.488,77.2756097560976,12283.8750299177
Hong Kong SAR of China,2015,Asia,HKG,5.458,84.2526829268293,42432.1619740441
Somalia,2015,Africa,SOM,5.44,55.056,445.583080073396
Kosovo,2015,Europe,XKX,5.401,76.024,3520.62685324451
Türkiye,2015,Asia,TUR,5.389,76.539,11064.6494504662
Indonesia,2015,Asia,IDN,5.314,69.52,3288.22269725538
Jordan,2015,Asia,JOR,5.303,75.06,4441.61896013754
Azerbaijan,2015,Asia,AZE,5.291,72.349,5500.50364628486
Philippines,2015,Asia,PHL,5.279,69.45,2909.85818010301
China,2015,Asia,CHN,5.245,76.975,8175.33285077393
Bhutan,2015,Asia,BTN,5.196,70.797,2954.04081911097
Kyrgyzstan,2015,Asia,KGZ,5.185,70.6512195121951,1105.65193844261
Serbia,2015,Europe,SRB,5.177,75.2878048780488,5820.3215576888
Bosnia and Herzegovina,2015,Europe,BIH,5.163,77.073,4662.25869219448
Montenegro,2015,Europe,MNE,5.161,76.6024390243903,6421.00005731419
Dominican Republic,2015,Americas,DOM,5.155,72.982,6800.95309395474
Morocco,2015,Africa,MAR,5.151,72.894,3146.24780273438
Hungary,2015,Europe,HUN,5.145,75.5682926829269,12782.9412577973
Pakistan,2015,Asia,PAK,5.132,65.641,1380.47020838317
Lebanon,2015,Asia,LBN,5.129,78.275,7714.1099998804
Portugal,2015,Europe,PRT,5.123,81.1243902439025,19215.7813014347
North Macedonia,2015,Europe,MKD,5.121,75.4024390243902,5262.68671928674
Viet Nam,2015,Asia,VNM,5.061,73.955,2577.56885340113
Tunisia,2015,Africa,TUN,5.045,74.875,4014.94773686432
Greece,2015,Europe,GRC,5.033,81.0365853658537,17980.7298238137
Tajikistan,2015,Asia,TJK,4.996,69.665,956.916310930656
Mongolia,2015,Asia,MNG,4.907,70.810243902439,3838.92126989984
Lao PDR,2015,Asia,LAO,4.876,66.688,2121.01339097363
Nigeria,2015,Africa,NGA,4.875,51.939,2585.73360671797
Honduras,2015,Americas,HND,4.871,71.323,2271.20265980349
Iran,2015,Asia,IRN,4.813,75.907,4952.73355532178
Zambia,2015,Africa,ZMB,4.795,60.728,1295.87788680068
Nepal,2015,Asia,NPL,4.793,67.374,875.543635474862
State of Palestine,2015,Asia,PSE,4.754,74.577,3272.15432360708
Albania,2015,Europe,ALB,4.655,78.358,4199.53912925398
Bangladesh,2015,Asia,BGD,4.643,70.543,1224.38647668165
Sierra Leone,2015,Africa,SLE,4.635,55.454,964.575980888989
Iraq,2015,Asia,IRQ,4.575,69.977,4440.14189252367
Namibia,2015,Africa,NAM,4.574,60.008,4774.10650865775
Cameroon,2015,Africa,CMR,4.513,59.687,1415.00009710569
Ethiopia,2015,Africa,ETH,4.508,63.592,597.912113218663
South Africa,2015,Africa,ZAF,4.459,64.053,6112.27382485974
Sri Lanka,2015,Asia,LKA,4.415,75.99,4057.71582716521
India,2015,Asia,IND,4.404,69.326,1583.99815907985
Myanmar,2015,Asia,MMR,4.395,65.288,1166.73305546337
Egypt,2015,Africa,EGY,4.362,70.135,3306.98159414141
Armenia,2015,Asia,ARM,4.36,74.8707317073171,3512.39350276709
Kenya,2015,Africa,KEN,4.356,62.279,1489.11959777284
Ukraine,2015,Europe,UKR,4.324,72.686,2094.47387695313
Ghana,2015,Africa,GHA,4.276,63.175,1722.77282833606
DR Congo,2015,Africa,COD,4.272,58.658,495.826633014883
Georgia,2015,Asia,GEO,4.252,73.241,4086.6223465965
Congo,2015,Africa,COG,4.236,63.662,2439.35189403696
Senegal,2015,Africa,SEN,4.219,66.451,1218.00613555438
Bulgaria,2015,Europe,BGR,4.217,74.6146341463415,7269.02586513711
Mauritania,2015,Africa,MRT,4.201,66.498,1558.84205473416
Zimbabwe,2015,Africa,ZWE,4.193,58.989,1387.12632595026
Malawi,2015,Africa,MWI,4.156,62.324,539.605363240686
Sudan,2015,Africa,SDN,4.139,64.375,1292.37963867188
Gabon,2015,Africa,GAB,4.121,66.336,7047.12654634355
Mali,2015,Africa,MLI,4.073,57.852,838.11986940103
Haiti,2015,Americas,HTI,4.028,63.224,1411.12684746796
Botswana,2015,Africa,BWA,3.974,63.215,6141.20394726616
Comoros,2015,Africa,COM,3.956,64.473,1329.37048235986
Côte d’Ivoire,2015,Africa,CIV,3.916,58.281,1814.71855088017
Cambodia,2015,Asia,KHM,3.907,69.398,1547.32010444393
Angola,2015,Africa,AGO,3.866,61.042,3641.72893920253
Niger,2015,Africa,NER,3.856,58.85,485.662574175279
South Sudan,2015,Africa,SSD,3.832,39.757,1080.14718624765
Chad,2015,Africa,TCD,3.763,51.32,993.990730610869
Burkina Faso,2015,Africa,BFA,3.739,58.778,630.124750752312
Uganda,2015,Africa,UGA,3.739,63.831,862.934610355811
Yemen,2015,Asia,YEM,3.724,66.761,1362.1738120601
Madagascar,2015,Africa,MDG,3.695,63.362,445.320069480568
Tanzania,2015,Africa,TZA,3.666,63.928,939.127319335938
Liberia,2015,Africa,LBR,3.622,59.248,692.590082351257
Guinea,2015,Africa,GIN,3.607,57.899,747.356966759448
Rwanda,2015,Africa,RWA,3.515,65.419,725.691418696952
Benin,2015,Africa,BEN,3.484,59.123,1002.41886879614
Afghanistan,2015,Asia,AFG,3.36,62.27,565.569730408751
Togo,2015,Africa,TGO,3.303,59.23,813.894676975085
Syria,2015,Asia,SYR,3.069,63.265,847.731545352582
Burundi,2015,Africa,BDI,2.905,60.107,254.402585226788
Switzerland,2014,Europe,CHE,7.587,83.1975609756098,85004.8134534
Iceland,2014,Europe,ISL,7.561,82.8609756097561,52102.575810195
Denmark,2014,Europe,DNK,7.527,80.7,52368.3625969272
Norway,2014,Europe,NOR,7.522,82.1,76430.7374974687
Canada,2014,Americas,CAN,7.427,81.7843902439025,43643.2794910996
Finland,2014,Europe,FIN,7.406,81.1804878048781,42502.4880199858
Netherlands,2014,Europe,NLD,7.378,81.7073170731707,45042.0515907444
Sweden,2014,Europe,SWE,7.364,82.2536585365854,49557.6183647959
New Zealand,2014,Oceania,NZL,7.286,81.4568292682927,38025.4674998632
Australia,2014,Oceania,AUS,7.284,82.3,56571.8062524437
Israel,2014,Asia,ISR,7.278,82.1536585365854,36055.08530225
Costa Rica,2014,Americas,CRI,7.226,80.231,11422.6735972442
Austria,2014,Europe,AUT,7.2,81.490243902439,43838.8345892137
Mexico,2014,Americas,MEX,7.187,74.404,9862.4812534745
United States,2014,Americas,USA,7.119,78.8414634146341,55665.2411187802
Brazil,2014,Americas,BRA,6.983,74.823,9338.34278278114
Luxembourg,2014,Europe,LUX,6.946,82.2292682926829,105585.401767492
Ireland,2014,Europe,IRL,6.94,81.3487804878049,52044.6201181887
Belgium,2014,Europe,BEL,6.937,81.2878048780488,40533.9135027898
United Arab Emirates,2014,Asia,ARE,6.901,81.99,44257.6652085451
United Kingdom,2014,Europe,GBR,6.867,81.3048780487805,44628.5724578217
Oman,2014,Asia,OMN,6.853,79.03,18726.2026946971
Venezuela,2014,Americas,VEN,6.81,72.837,4412.9795921313
Singapore,2014,Asia,SGP,6.798,82.4951219512195,54681.9336458253
Panama,2014,Americas,PAN,6.786,77.365,13611.5490809559
Germany,2014,Europe,DEU,6.75,81.090243902439,41602.4661281668
Chile,2014,Americas,CHL,6.67,79.714,13285.9540361192
Qatar,2014,Asia,QAT,6.611,81.395,71756.0649338302
France,2014,Europe,FRA,6.575,82.719512195122,36444.3949089146
Argentina,2014,Americas,ARG,6.574,76.268,13456.1319159151
Czechia,2014,Europe,CZE,6.505,78.8243902439024,17118.0425571578
Uruguay,2014,Americas,URY,6.485,77.194,17122.0364563225
Colombia,2014,Americas,COL,6.477,75.95,6121.83982019825
Thailand,2014,Asia,THA,6.455,76.279,5541.46599361845
Saudi Arabia,2014,Asia,SAU,6.411,77.116,23404.7306039825
Spain,2014,Europe,ESP,6.329,83.2292682926829,24947.8512505913
Malta,2014,Europe,MLT,6.302,81.8951219512195,23866.0555833557
Kuwait,2014,Asia,KWT,6.295,79.0803414634146,31073.1537300624
Suriname,2014,Americas,SUR,6.269,70.33,9224.24378410547
Trinidad and Tobago,2014,Americas,TTO,6.168,72.898,20032.5402001718
El Salvador,2014,Americas,SLV,6.13,71.144,3713.94992016222
Guatemala,2014,Americas,GTM,6.123,70.942,3809.61584332802
Uzbekistan,2014,Asia,UZB,6.003,70.973,2990.56339751192
Slovakia,2014,Europe,SVK,5.995,76.8121951219512,15647.6491763517
Japan,2014,Asia,JPN,5.987,83.5878048780488,34996.8796756631
Republic of Korea,2014,Asia,KOR,5.984,81.7219512195122,29470.6732991655
Ecuador,2014,Americas,ECU,5.975,76.141,6055.04172761485
Bahrain,2014,Asia,BHR,5.96,80.214,24135.4991304849
Italy,2014,Europe,ITA,5.948,83.090243902439,30325.0287793923
Bolivia,2014,Americas,BOL,5.89,66.97,2900.90241571477
Republic of Moldova,2014,Europe,MDA,5.889,70.241,2737.80185056647
Paraguay,2014,Americas,PRY,5.878,73.415,5794.4764468976
Kazakhstan,2014,Asia,KAZ,5.855,71.415,10226.7100539683
Slovenia,2014,Europe,SVN,5.848,81.0780487804878,20228.7081986391
Lithuania,2014,Europe,LTU,5.833,74.5170731707317,13753.1895982305
Nicaragua,2014,Americas,NIC,5.828,72.792,2006.64869646533
Peru,2014,Americas,PER,5.824,75.26,6103.91864749969
Belarus,2014,Europe,BLR,5.813,72.9707317073171,6212.91667418659
Poland,2014,Europe,POL,5.791,77.6024390243903,12093.1622787394
Malaysia,2014,Asia,MYS,5.77,75.345,9341.73055971278
Croatia,2014,Europe,HRV,5.759,77.7243902439024,11862.7815706266
Libya,2014,Africa,LBY,5.754,71.3,7644.24843947404
Russian Federation,2014,Europe,RUS,5.716,70.7436585365854,9493.8125
Jamaica,2014,Americas,JAM,5.709,72.357,5307.19165380801
North Cyprus,2014,Asia,CYP,5.695,81.337,22373.56640625
Cyprus,2014,Asia,CYP,5.689,81.337,22373.56640625
Algeria,2014,Africa,DZA,5.605,74.992,4634.10149179952
Kosovo,2014,Europe,XKX,5.589,76.179,3279.02345017707
Turkmenistan,2014,Asia,TKM,5.548,69.001,5535.50161297771
Mauritius,2014,Africa,MUS,5.477,74.1943902439024,9297.64820128968
Hong Kong SAR of China,2014,Asia,HKG,5.474,83.9356097560976,41796.8593150091
Estonia,2014,Europe,EST,5.429,77.0341463414634,17413.6867560212
Indonesia,2014,Asia,IDN,5.399,69.292,3170.72103011429
Viet Nam,2014,Asia,VNM,5.36,73.886,2439.28655744423
Türkiye,2014,Asia,TUR,5.332,76.452,10597.9801881716
Kyrgyzstan,2014,Asia,KGZ,5.286,70.4024390243902,1088.58214229508
Nigeria,2014,Africa,NGA,5.268,51.94,2583.61556958171
Bhutan,2014,Asia,BTN,5.253,70.504,2797.81883971908
Azerbaijan,2014,Asia,AZE,5.212,71.93,5508.60265612676
Pakistan,2014,Asia,PAK,5.194,65.374,1343.30778121043
Jordan,2014,Asia,JOR,5.192,74.606,4703.39944986815
Montenegro,2014,Europe,MNE,5.192,76.3390243902439,6272.08821761355
China,2014,Asia,CHN,5.14,76.714,7686.37369520403
Zambia,2014,Africa,ZMB,5.129,60.109,1299.01241762504
Romania,2014,Europe,ROU,5.124,74.909756097561,8661.47397274241
Serbia,2014,Europe,SRB,5.123,75.3365853658537,5716.54047153506
Portugal,2014,Europe,PRT,5.102,81.1219512195122,18836.8967978906
Latvia,2014,Europe,LVA,5.098,74.1243902439024,12731.6771959342
Philippines,2014,Asia,PHL,5.073,69.311,2776.92005909479
Morocco,2014,Africa,MAR,5.013,72.522,3051.458984375
North Macedonia,2014,Europe,MKD,5.007,75.4512195121951,5053.75001236367
Mozambique,2014,Africa,MOZ,4.971,57.965,585.266716133984
Albania,2014,Europe,ALB,4.959,78.029,4045.11934884933
Bosnia and Herzegovina,2014,Europe,BIH,4.949,77.089,4412.67617817734
Lesotho,2014,Africa,LSO,4.898,50.786,1100.04993684215
Dominican Republic,2014,Americas,DOM,4.885,73.145,6430.27811051339
Lao PDR,2014,Asia,LAO,4.876,66.35,2006.31195444447
Mongolia,2014,Asia,MNG,4.874,70.5831707317073,3830.35892049593
Swaziland,2014,Africa,SWZ,4.867,53.491,3381.79292071291
Greece,2014,Europe,GRC,4.857,81.3853658536585,17903.5252440012
Lebanon,2014,Asia,LBN,4.839,78.148,7830.4151113336
Hungary,2014,Europe,HUN,4.8,75.7634146341463,12287.3779441033
Honduras,2014,Americas,HND,4.788,71.032,2229.24772232218
Tajikistan,2014,Asia,TJK,4.786,69.697,925.970961482804
Tunisia,2014,Africa,TUN,4.739,74.784,4021.59954703591
State of Palestine,2014,Asia,PSE,4.715,72.781,3227.84934482645
Bangladesh,2014,Asia,BGD,4.694,70.016,1159.40753475981
Iran,2014,Asia,IRN,4.686,75.635,5093.20319702187
Ukraine,2014,Europe,UKR,4.681,71.803,2308.6435546875
Iraq,2014,Asia,IRQ,4.677,69.679,4446.97343234862
South Africa,2014,Africa,ZAF,4.642,63.184,6155.00589462516
Ghana,2014,Africa,GHA,4.633,62.832,1726.36930134647
Zimbabwe,2014,Africa,ZWE,4.61,58.106,1381.25404125871
Liberia,2014,Africa,LBR,4.571,59.21,707.157694930142
India,2014,Asia,IND,4.565,68.932,1484.31640682961
Sudan,2014,Africa,SDN,4.55,63.99,1307.3896484375
Haiti,2014,Americas,HTI,4.518,62.969,1411.76834802154
DR Congo,2014,Africa,COD,4.517,58.236,481.830241883776
Nepal,2014,Asia,NPL,4.514,67.812,846.665541773599
Ethiopia,2014,Africa,ETH,4.512,62.927,556.362532243867
Sierra Leone,2014,Africa,SLE,4.507,54.281,1032.23789355905
Mauritania,2014,Africa,MRT,4.436,66.207,1524.45340969502
Kenya,2014,Africa,KEN,4.419,61.99,1450.59338202277
Djibouti,2014,Africa,DJI,4.369,62.427,2253.14082249768
Armenia,2014,Asia,ARM,4.35,74.8731707317073,3393.09252326884
Botswana,2014,Africa,BWA,4.332,62.167,6547.12254115892
Myanmar,2014,Asia,MMR,4.307,64.994,1099.24387750099
Georgia,2014,Asia,GEO,4.297,73.105,3960.35080091901
Malawi,2014,Africa,MWI,4.292,61.651,539.562601918057
Sri Lanka,2014,Asia,LKA,4.271,75.757,3929.92061307909
Cameroon,2014,Africa,CMR,4.252,59.13,1381.81938454907
Bulgaria,2014,Europe,BGR,4.218,74.4658536585366,6941.37319825776
Egypt,2014,Africa,EGY,4.194,69.911,3235.66246235519
Yemen,2014,Asia,YEM,4.077,68.003,1950.1625450589
Angola,2014,Africa,AGO,4.033,60.396,3746.81619978931
Mali,2014,Africa,MLI,3.995,57.482,813.97566128646
Congo,2014,Africa,COG,3.989,63.349,2488.68118548992
Comoros,2014,Africa,COM,3.956,64.143,1342.3295858321
Uganda,2014,Africa,UGA,3.931,63.057,845.978664791099
Senegal,2014,Africa,SEN,3.904,66.001,1180.7987108505
Gabon,2014,Africa,GAB,3.896,66.07,6998.60545439576
Niger,2014,Africa,NER,3.845,58.693,482.74524741946
Cambodia,2014,Asia,KHM,3.819,69.117,1464.53115866927
Tanzania,2014,Africa,TZA,3.781,63.364,913.811218261719
Madagascar,2014,Africa,MDG,3.681,63.261,443.343869908205
Central African Republic,2014,Africa,CAF,3.678,40.265,351.561554911625
Chad,2014,Africa,TCD,3.667,51.141,993.321157706456
Guinea,2014,Africa,GIN,3.656,57.581,738.272274481308
Côte d’Ivoire,2014,Africa,CIV,3.655,57.772,1742.53693001178
Burkina Faso,2014,Africa,BFA,3.587,58.331,624.576885187665
Afghanistan,2014,Asia,AFG,3.575,62.26,575.146245808546
Rwanda,2014,Africa,RWA,3.465,65.088,682.709499066795
Benin,2014,Africa,BEN,3.34,59.008,1014.4330062135
Syria,2014,Asia,SYR,3.006,65.492,847.658909813856
Burundi,2014,Africa,BDI,2.906,59.764,261.296721752002
Togo,2014,Africa,TGO,2.839,58.776,786.587399651446
Denmark,2012,Europe,DNK,7.693,80.0512195121951,51470.689845427
Norway,2012,Europe,NOR,7.655,81.4512195121951,75669.0612719716
Switzerland,2012,Europe,CHE,7.65,82.6975609756098,83354.0207485188
Netherlands,2012,Europe,NLD,7.512,81.1048780487805,44631.8855633239
Sweden,2012,Europe,SWE,7.48,81.7048780487805,48789.7906883637
Canada,2012,Americas,CAN,7.477,81.6636585365854,42320.6856530018
Finland,2012,Europe,FIN,7.389,80.6268292682927,43507.9345371578
Austria,2012,Europe,AUT,7.369,80.9365853658537,44221.4599530893
Iceland,2012,Europe,ISL,7.355,82.9170731707317,50375.4117054195
Australia,2012,Oceania,AUS,7.35,82.0463414634146,55465.4462872577
Israel,2012,Asia,ISR,7.301,81.7048780487805,34685.0915981013
Costa Rica,2012,Americas,CRI,7.257,79.925,11001.5193084396
New Zealand,2012,Oceania,NZL,7.221,81.4073170731707,36588.819747177
United Arab Emirates,2012,Asia,ARE,7.144,81.913,43958.5779670713
Panama,2012,Americas,PAN,7.143,76.877,12668.2945474105
Mexico,2012,Americas,MEX,7.088,74.128,9782.51776251839
United States,2012,Americas,USA,7.082,78.7414634146342,54000.8410778217
Ireland,2012,Europe,IRL,7.076,80.8463414634146,47147.1604669421
Luxembourg,2012,Europe,LUX,7.054,81.3926829268293,104489.298083328
Venezuela,2012,Americas,VEN,7.039,73.086,4638.41209800487
Belgium,2012,Europe,BEL,6.967,80.3853658536585,40074.492800399
United Kingdom,2012,Europe,GBR,6.883,80.9048780487805,43136.7006795996
Oman,2012,Asia,OMN,6.853,78.187,19824.1215485946
Brazil,2012,Americas,BRA,6.849,74.335,9167.49923929815
France,2012,Europe,FRA,6.764,81.9682926829268,36161.2918253465
Germany,2012,Europe,DEU,6.672,80.5390243902439,40834.5088218456
Qatar,2012,Asia,QAT,6.666,80.499,82441.7405083009
Chile,2012,Americas,CHL,6.587,79.221,12882.834417927
Argentina,2012,Americas,ARG,6.562,75.802,13754.4254235596
Singapore,2012,Asia,SGP,6.546,81.9951219512195,51679.352717333
Trinidad and Tobago,2012,Americas,TTO,6.519,72.513,18835.6674122954
Kuwait,2012,Asia,KWT,6.515,78.3950243902439,33578.3309651964
Saudi Arabia,2012,Asia,SAU,6.48,76.09,23643.0358324647
Cyprus,2012,Asia,CYP,6.466,81.128,24285.484375
Colombia,2012,Americas,COL,6.416,75.611,5675.75617978305
Thailand,2012,Asia,THA,6.371,75.59,5403.87846036273
Uruguay,2012,Americas,URY,6.355,76.691,15949.3176985435
Spain,2012,Europe,ESP,6.322,82.4268292682927,24763.568274484
Czechia,2012,Europe,CZE,6.29,78.0756097560976,16772.3539223328
Suriname,2012,Americas,SUR,6.269,69.957,9140.92898611536
Republic of Korea,2012,Asia,KOR,6.267,80.819512195122,27944.0564190045
Japan,2012,Asia,JPN,6.064,83.0960975609756,33909.4911855243
Slovenia,2012,Europe,SVN,6.06,80.1243902439024,19894.8697964548
Italy,2012,Europe,ITA,6.021,82.2390243902439,30953.4147447427
Slovakia,2012,Europe,SVK,5.969,76.109756097561,15159.657042000401
Guatemala,2012,Americas,GTM,5.965,70.722,3655.57490299412
Malta,2012,Europe,MLT,5.964,80.7463414634146,21529.3882643778
Ecuador,2012,Americas,ECU,5.865,75.486,5579.85624282158
Bolivia,2012,Americas,BOL,5.857,66.586,2657.2388497837
Poland,2012,Europe,POL,5.822,76.7463414634146,11542.2353368014
El Salvador,2012,Americas,SLV,5.809,71.42,3600.31912505518
Republic of Moldova,2012,Europe,MDA,5.791,70.344,2389.08666147529
Paraguay,2012,Americas,PRY,5.779,73.105,5230.26244858764
Peru,2012,Americas,PER,5.776,73.979,5740.04346272472
Malaysia,2012,Asia,MYS,5.76,75.552,8710.52671359902
Kazakhstan,2012,Asia,KAZ,5.671,69.939,9531.91477617058
Croatia,2012,Europe,HRV,5.661,77.1682926829268,11780.5853491253
Turkmenistan,2012,Asia,TKM,5.628,68.961,4762.66047536389
Uzbekistan,2012,Asia,UZB,5.623,70.411,2657.0990908417202
Angola,2012,Africa,AGO,5.589,58.916,3682.35229323075
Albania,2012,Europe,ALB,5.55,78.084,3771.84781862015
Viet Nam,2012,Asia,VNM,5.533,73.762,2224.11404253256
Hong Kong SAR of China,2012,Asia,HKG,5.523,83.450243902439,39887.8192650568
Nicaragua,2012,Americas,NIC,5.507,72.435,1876.1759720149
Belarus,2012,Europe,BLR,5.504,71.9658536585366,6052.6373706236
Mauritius,2012,Africa,MUS,5.477,73.8634146341464,8694.84560747968
Russian Federation,2012,Europe,RUS,5.464,70.0721951219512,9464.0107421875
North Cyprus,2012,Asia,CYP,5.463,81.128,24285.484375
Greece,2012,Europe,GRC,5.435,80.6341463414634,17924.6620496886
Lithuania,2012,Europe,LTU,5.426,73.8634146341464,12516.6184065667
Estonia,2012,Europe,EST,5.426,76.3268292682927,16460.6843479001
Algeria,2012,Africa,DZA,5.422,74.609,4518.43978956464
Jordan,2012,Asia,JOR,5.414,74.087,5135.0327939589
Jamaica,2012,Americas,JAM,5.374,72.405,5284.00852557589
Indonesia,2012,Asia,IDN,5.348,68.862,2930.518445323
Türkiye,2012,Asia,TUR,5.345,75.552,9588.32066531438
Libya,2012,Africa,LBY,5.34,72.188,12599.258882136
Bahrain,2012,Asia,BHR,5.312,79.622,23894.8804447088
Montenegro,2012,Europe,MNE,5.299,76.3,5948.37632539014
Pakistan,2012,Asia,PAK,5.292,64.883,1275.48806898966
Nigeria,2012,Africa,NGA,5.248,51.688,2403.65387896987
Kosovo,2012,Europe,XKX,5.222,75.75,3021.35000691677
Honduras,2012,Americas,HND,5.142,70.46,2188.39378817891
Portugal,2012,Europe,PRT,5.101,80.3731707317073,18679.7626789594
Ghana,2012,Africa,GHA,5.091,61.995,1640.54072088003
Ukraine,2012,Europe,UKR,5.057,71.09,2426.92944335938
Latvia,2012,Europe,LVA,5.046,73.7780487804878,11971.0107466522
Kyrgyzstan,2012,Asia,KGZ,5.042,70.0024390243902,985.8472865972
Romania,2012,Europe,ROU,5.033,74.4121951219512,8234.28553425194
Zambia,2012,Africa,ZMB,5.006,58.704,1258.78938578996
Philippines,2012,Asia,PHL,4.985,69.237,2533.74141964959
China,2012,Asia,CHN,4.978,76.2,6723.09003744607
Mozambique,2012,Africa,MOZ,4.971,56.46,540.2945177803
Dominican Republic,2012,Americas,DOM,4.963,72.817,5860.29893321013
South Africa,2012,Africa,ZAF,4.963,61.737,6121.55783860713
Lebanon,2012,Asia,LBN,4.931,77.941,8920.8056984673
Lesotho,2012,Africa,LSO,4.898,48.235,1086.39034816283
Morocco,2012,Africa,MAR,4.885,71.674,2927.45043945313
Swaziland,2012,Africa,SWZ,4.867,50.714,3218.50138205493
Mongolia,2012,Asia,MNG,4.834,69.500243902439,3318.16496597089
Zimbabwe,2012,Africa,ZWE,4.827,55.386,1360.15230034275
Tunisia,2012,Africa,TUN,4.826,74.599,3900.04620132702
Iraq,2012,Asia,IRQ,4.817,68.827,4387.90469058707
Serbia,2012,Europe,SRB,4.813,74.8365853658537,5739.3075023532
Bosnia and Herzegovina,2012,Europe,BIH,4.813,77.037,4139.91732773657
Bangladesh,2012,Asia,BGD,4.804,68.989,1050.39140404066
Lao PDR,2012,Asia,LAO,4.787,65.126,1774.63585203672
Hungary,2012,Europe,HUN,4.775,75.0634146341463,11440.7622718825
India,2012,Asia,IND,4.772,68.076,1333.09626557649
Mauritania,2012,Africa,MRT,4.758,65.808,1492.69966692583
State of Palestine,2012,Asia,PSE,4.7,73.722,3237.91619995789
Iran,2012,Asia,IRN,4.643,75.039,5058.64637811835
Azerbaijan,2012,Asia,AZE,4.604,71.08,5193.17501119552
DR Congo,2012,Africa,COD,4.578,57.35,408.966232816288
North Macedonia,2012,Europe,MKD,4.574,74.9024390243903,4708.05168535923
Ethiopia,2012,Africa,ETH,4.561,61.443,481.639999909808
Uganda,2012,Africa,UGA,4.443,61.579,823.580468285493
Myanmar,2012,Asia,MMR,4.439,64.251,953.123081923425
Cameroon,2012,Africa,CMR,4.42,58.17,1319.66961634054
Kenya,2012,Africa,KEN,4.403,61.537,1396.30178709756
Sudan,2012,Africa,SDN,4.401,63.427,1288.25854492188
Tajikistan,2012,Asia,TJK,4.38,69.13,849.519080831738
Haiti,2012,Americas,HTI,4.341,62.273,1354.88546124499
Sierra Leone,2012,Africa,SLE,4.318,53.159,1025.04366004502
Armenia,2012,Asia,ARM,4.316,74.119512195122,3159.75860786889
Congo,2012,Africa,COG,4.297,62.662,2467.06102906839
Egypt,2012,Africa,EGY,4.273,69.464,3220.99194201188
Burkina Faso,2012,Africa,BFA,4.259,57.457,600.731343697818
Mali,2012,Africa,MLI,4.247,56.696,786.323471337187
Liberia,2012,Africa,LBR,4.196,59.785,674.360011422232
Georgia,2012,Asia,GEO,4.187,72.672,3609.780798626
Nepal,2012,Asia,NPL,4.156,67.364,775.310578479839
Niger,2012,Africa,NER,4.152,57.987,463.066265496402
Sri Lanka,2012,Asia,LKA,4.151,75.187,3484.79048392653
Gabon,2012,Africa,GAB,4.114,65.438,6803.22668079211
Malawi,2012,Africa,MWI,4.113,59.87,512.74031797451
Cambodia,2012,Asia,KHM,4.067,68.371,1295.25271477893
Chad,2012,Africa,TCD,4.056,50.765,1016.42152061942
Yemen,2012,Asia,YEM,4.054,67.569,1981.45800046603
Afghanistan,2012,Asia,AFG,4.04,61.735,568.929021458341
Bulgaria,2012,Europe,BGR,3.981,74.3146341463415,6693.76983060797
Botswana,2012,Africa,BWA,3.97,60.384,5742.91924452636
Madagascar,2012,Africa,MDG,3.966,63.007,442.641500123543
Senegal,2012,Africa,SEN,3.959,65.229,1154.05677992367
Syria,2012,Asia,SYR,3.892,66.206,1142.29215064994
Comoros,2012,Africa,COM,3.851,63.463,1313.58187559666
Guinea,2012,Africa,GIN,3.847,57.117,719.505916794546
Tanzania,2012,Africa,TZA,3.77,62.286,851.910705566406
Rwanda,2012,Africa,RWA,3.715,64.189,647.436613845487
Burundi,2012,Africa,BDI,3.706,58.501,256.180393931874
Central African Republic,2012,Africa,CAF,3.623,51.336,553.729578314912
Benin,2012,Africa,BEN,3.528,58.559,943.918771531001
Togo,2012,Africa,TGO,2.936,57.953,733.683602929868
Denmark,2011,Europe,DNK,7.856,79.8,51667.5313210425
Finland,2011,Europe,FIN,7.579,80.4707317073171,44391.4535667984
Norway,2011,Europe,NOR,7.524,81.2951219512195,74563.8349085669
Netherlands,2011,Europe,NLD,7.512,81.2048780487805,45239.7198745589
Canada,2011,Americas,CAN,7.499,81.4826829268293,42043.6842044008
Switzerland,2011,Europe,CHE,7.499,82.6951219512195,83307.3180998465
Sweden,2011,Europe,SWE,7.379,81.8024390243903,49356.5905257047
New Zealand,2011,Oceania,NZL,7.372,81.1560975609756,35961.911959259
Australia,2011,Oceania,AUS,7.345,81.8951219512195,54296.2321324814
Ireland,2011,Europe,IRL,7.284,80.7463414634146,47539.9181739968
United States,2011,Americas,USA,7.27,78.6414634146341,53215.5362314388
Costa Rica,2011,Americas,CRI,7.251,79.624,10612.4694960426
Austria,2011,Europe,AUT,7.227,80.9829268292683,44146.1956805294
Israel,2011,Asia,ISR,7.199,81.6560975609756,34499.9509262825
Belgium,2011,Europe,BEL,7.113,80.5853658536585,40236.9596308558
Luxembourg,2011,Europe,LUX,7.051,80.9878048780488,105292.012346074
United Arab Emirates,2011,Asia,ARE,6.977,81.898,43687.7919424546
United Kingdom,2011,Europe,GBR,6.936,80.9512195121951,42791.0934313474
Venezuela,2011,Americas,VEN,6.922,73.09,4444.55159079494
Iceland,2011,Europe,ISL,6.888,82.3585365853659,50058.8302665144
Panama,2011,Americas,PAN,6.863,76.659,11761.4988547604
Spain,2011,Europe,ESP,6.761,82.4756097560976,25510.5579678829
France,2011,Europe,FRA,6.746,82.1146341463415,36269.9561530888
Mexico,2011,Americas,MEX,6.74,73.921,9575.93437734618
Brazil,2011,Americas,BRA,6.697,74.047,9067.99316348047
Saudi Arabia,2011,Asia,SAU,6.597,75.808,23314.5576023168
Puerto Rico,2011,Americas,PRI,6.593,78.766,28706.0207514856
Italy,2011,Europe,ITA,6.578,82.1878048780488,32039.5032494316
Kuwait,2011,Asia,KWT,6.574,78.052243902439,33545.346271839
Germany,2011,Europe,DEU,6.572,80.4365853658537,40722.4849268242
Qatar,2011,Asia,QAT,6.569,79.994,83533.4963791019
Turkmenistan,2011,Asia,TKM,6.568,68.87,4383.14380872567
Singapore,2011,Asia,SGP,6.549,81.7439024390244,50713.5326393594
Belize,2011,Americas,BLZ,6.451,70.975,5802.24344531492
Cyprus,2011,Asia,CYP,6.416,80.855,25538.76953125
Czechia,2011,Europe,CZE,6.36,77.8731707317073,16926.2846674435
Guatemala,2011,Americas,GTM,6.277,70.321,3621.37582644774
Trinidad and Tobago,2011,Americas,TTO,6.263,72.232,17746.509252615
Argentina,2011,Americas,ARG,6.242,76.1,14040.6189124444
Jamaica,2011,Americas,JAM,6.208,72.245,5339.62170188798
Colombia,2011,Americas,COL,6.202,75.18,5517.1011086899
Greece,2011,Europe,GRC,6.133,80.7317073170732,19448.255802525
Chile,2011,Americas,CHL,6.128,79.236,12252.8441074615
Japan,2011,Asia,JPN,6.059,82.5912195121951,33306.1802259719
Guyana,2011,Americas,GUY,5.993,66.469,5133.89539813637
Malta,2011,Europe,MLT,5.96,80.7463414634146,20867.9213022084
El Salvador,2011,Americas,SLV,5.956,71.192,3515.19664634846
Slovenia,2011,Europe,SVN,5.922,79.9707317073171,20535.4155754108
Uruguay,2011,Americas,URY,5.898,76.614,15443.9961926395
Malaysia,2011,Asia,MYS,5.823,75.488,8400.32248683558
Thailand,2011,Asia,THA,5.804,75.302,5070.23740191942
Poland,2011,Europe,POL,5.803,76.6951219512195,11370.313427173
Jordan,2011,Asia,JOR,5.706,73.929,5085.98005025386
Slovakia,2011,Europe,SVK,5.657,75.9585365853659,14950.8735178599
Republic of Korea,2011,Asia,KOR,5.643,80.5682926829269,27393.455357272
Bolivia,2011,Americas,BOL,5.633,66.282,2568.52051674406
Croatia,2011,Europe,HRV,5.623,76.7756097560976,11993.1337166457
Kazakhstan,2011,Asia,KAZ,5.594,69.108,9223.3021336315
Lithuania,2011,Europe,LTU,5.588,73.5634146341464,11836.7200384033
Bahrain,2011,Asia,BHR,5.568,79.141,23288.0449398313
Belarus,2011,Europe,BLR,5.566,70.5536585365854,5941.68999156239
Honduras,2011,Americas,HND,5.564,70.116,2144.56265540491
Mauritius,2011,Africa,MUS,5.477,73.2668292682927,8423.28220250903
Viet Nam,2011,Asia,VNM,5.425,73.713,2132.90453762087
Ecuador,2011,Americas,ECU,5.425,75.179,5359.45724615639
Hong Kong SAR of China,2011,Asia,HKG,5.424,83.4119512195122,39656.3184510131
Kosovo,2011,Europe,XKX,5.42,75.323,2995.64811314457
Cuba,2011,Americas,CUB,5.418,78.051,6902.16397571139
Paraguay,2011,Americas,PRY,5.398,72.787,5342.19015717376
Algeria,2011,Africa,DZA,5.368,74.383,4501.3543013352
Estonia,2011,Europe,EST,5.33,76.2292682926829,15820.922342204
Portugal,2011,Europe,PRT,5.327,80.4707317073171,19389.6395896162
Myanmar,2011,Asia,MMR,5.322,63.859,895.512538750361
Republic of Moldova,2011,Europe,MDA,5.305,70.173,2402.94446306051
Russian Federation,2011,Europe,RUS,5.284,69.6839024390244,9120.8203125
Peru,2011,Americas,PER,5.258,73.327,5453.45718713631
Türkiye,2011,Asia,TUR,5.234,74.823,9265.85910238578
Uzbekistan,2011,Asia,UZB,5.225,70.143,2512.68783806993
Romania,2011,Europe,ROU,5.178,74.409756097561,8044.57194920892
Libya,2011,Africa,LBY,5.178,69.95,6569.59477578957
Lao PDR,2011,Asia,LAO,5.161,64.505,1666.40086189871
Indonesia,2011,Asia,IDN,5.159,68.629,2799.62468790318
Iran,2011,Asia,IRN,5.149,74.721,5321.75870744453
Pakistan,2011,Asia,PAK,5.149,64.659,1261.83161907857
Montenegro,2011,Europe,MNE,5.147,76.0829268292683,6110.65726880215
Tunisia,2011,Africa,TUN,5.141,74.471,3784.7412903401
Albania,2011,Europe,ALB,5.134,78.303,3677.89457937717
Nicaragua,2011,Americas,NIC,5.115,72.033,1786.62863418308
South Africa,2011,Africa,ZAF,5.101,60.602,6067.12482726885
Ukraine,2011,Europe,UKR,5.089,70.711,2418.12084960938
Lebanon,2011,Asia,LBN,5.049,77.768,8936.20027462737
Dominican Republic,2011,Americas,DOM,5.036,72.496,5773.57403459156
India,2011,Asia,IND,4.975,67.623,1281.61054354937
Hungary,2011,Europe,HUN,4.943,74.8585365853659,11536.3578996772
Namibia,2011,Africa,NAM,4.886,56.647,4302.72451368462
Iraq,2011,Asia,IRQ,4.882,68.435,4030.01686860986
Bosnia and Herzegovina,2011,Europe,BIH,4.857,76.963,4094.25329541877
Nigeria,2011,Africa,NGA,4.856,51.49,2370.97657091881
Egypt,2011,Africa,EGY,4.853,69.232,3222.37650111397
Kyrgyzstan,2011,Asia,KGZ,4.828,69.6024390243903,1005.4831781815
Philippines,2011,Asia,PHL,4.825,69.096,2416.75212064542
Bangladesh,2011,Asia,BGD,4.807,68.499,995.579947155662
Morocco,2011,Africa,MAR,4.793,71.263,2879.53930664063
Latvia,2011,Europe,LVA,4.762,73.5756097560976,11018.5152421583
Syria,2011,Asia,SYR,4.735,72.259,1542.71903961106
Ghana,2011,Africa,GHA,4.705,61.617,1537.81834019283
Zambia,2011,Africa,ZMB,4.705,57.843,1208.46424569634
Mozambique,2011,Africa,MOZ,4.693,55.733,514.869957191994
China,2011,Asia,CHN,4.68,75.889,6275.71634288814
Mauritania,2011,Africa,MRT,4.643,65.754,1476.23923867862
Malawi,2011,Africa,MWI,4.624,58.859,517.833736624232
Tajikistan,2011,Asia,TJK,4.614,68.698,809.368229154093
Azerbaijan,2011,Asia,AZE,4.582,70.565,5149.20665913206
Botswana,2011,Africa,BWA,4.581,59.715,5850.07858575461
Serbia,2011,Europe,SRB,4.564,74.5365853658537,5737.00120175811
Mongolia,2011,Asia,MNG,4.562,69.109268292683,3010.81642672623
State of Palestine,2011,Asia,PSE,4.555,73.557,3128.10811061384
Nepal,2011,Asia,NPL,4.474,67.123,742.617252662576
Armenia,2011,Asia,ARM,4.474,73.8170731707317,2943.83687119315
Yemen,2011,Asia,YEM,4.454,67.412,1994.83663337222
Sudan,2011,Africa,SDN,4.424,63.181,1388.21813964844
Senegal,2011,Africa,SEN,4.414,64.799,1139.74447892639
Cameroon,2011,Africa,CMR,4.376,57.482,1297.3064962694
North Macedonia,2011,Europe,MKD,4.369,75.1,4711.13027870081
Uganda,2011,Africa,UGA,4.313,60.791,816.516366587228
Madagascar,2011,Africa,MDG,4.309,62.86,441.755158414121
Sri Lanka,2011,Asia,LKA,4.26,74.74,3232.37349786435
Afghanistan,2011,Asia,AFG,4.258,61.25,525.42698276582
Rwanda,2011,Africa,RWA,4.204,63.476,610.376236415572
Côte d’Ivoire,2011,Africa,CIV,4.197,55.972,1426.46463864534
Kenya,2011,Africa,KEN,4.18,61.283,1370.58000874482
Angola,2011,Africa,AGO,4.178,58.093,3528.16824373698
Guinea,2011,Africa,GIN,4.171,56.778,696.199991395571
Niger,2011,Africa,NER,4.122,57.6,434.986264873953
Cambodia,2011,Asia,KHM,4.101,67.869,1221.38839852454
Ethiopia,2011,Africa,ETH,4.064,60.595,455.909628648555
Liberia,2011,Africa,LBR,4.04,59.486,646.908727016597
DR Congo,2011,Africa,COD,3.984,56.911,389.119308449762
Zimbabwe,2011,Africa,ZWE,3.978,53.911,1184.93421020563
Mali,2011,Africa,MLI,3.967,56.367,818.399030997125
Burkina Faso,2011,Africa,BFA,3.926,57.001,581.603658737407
Chad,2011,Africa,TCD,3.919,50.426,965.286963559567
Georgia,2011,Asia,GEO,3.892,72.485,3362.1030031968
Bulgaria,2011,Europe,BGR,3.889,74.1634146341463,6605.64616736859
Congo,2011,Africa,COG,3.82,62.286,2307.49384399715
Tanzania,2011,Africa,TZA,3.8,61.618,838.999267578125
Haiti,2011,Americas,HTI,3.789,61.581,1369.16921255852
Comoros,2011,Africa,COM,3.7,63.105,1299.11093449408
Burundi,2011,Africa,BDI,3.678,57.804,254.242110648215
Sierra Leone,2011,Africa,SLE,3.586,52.594,950.760763054593
Central African Republic,2011,Africa,CAF,3.568,50.107,532.38295493852
Benin,2011,Africa,BEN,3.493,58.462,927.716412836707
Togo,2011,Africa,TGO,3.007,57.624,706.442158827353
