country,year,continent,region,income_group,iso3c,happiness,life_expectancy,gdp_per_cap,internet_use_prop,urban_prop,women_parliament_prop,unemployment_rate,population_millions
Finland,2024,Europe,Europe & Central Asia,High income,FIN,7.736,82.3365853658537,45075.1684940688,93.72405196,74.2637190463636,46,8.4,5.619911
Denmark,2024,Europe,Europe & Central Asia,High income,DNK,7.521,82.2536585365854,60772.8624276041,99.76915157,88.6960552688405,45.2513966480447,5.358,5.976992
Iceland,2024,Europe,Europe & Central Asia,High income,ISL,7.515,82.809756097561,59053.5648370451,98.209198,94.1819039916522,46.031746031746,3.6,0.386506
Sweden,2024,Europe,Europe & Central Asia,High income,SWE,7.345,84.0634146341463,54316.2619329718,95.52930428,88.8559748346228,46.7048710601719,8.4,10.569709
Netherlands,2024,Europe,Europe & Central Asia,High income,NLD,7.306,81.9658536585366,51174.8997297902,97.00679779,95.6396517079336,38.6666666666667,3.7,17.993485
Costa Rica,2024,Americas,Latin America & Caribbean,High income,CRI,7.274,80.996,15052.9149924743,87.17019653,79.3107672397967,49.1228070175439,6.936,5.12991
Norway,2024,Europe,Europe & Central Asia,High income,NOR,7.262,83.1609756097561,83487.1332276928,99,83.3293737928469,44.3786982248521,4,5.572279
Israel,2024,Asia,"Middle East, North Africa, Afghanistan & Pakistan",High income,ISR,7.234,83.1975609756098,41882.0474698252,88.18242225,91.536188843818,25,3.595,10.0022
Luxembourg,2024,Europe,Europe & Central Asia,High income,LUX,7.122,83.1951219512195,104147.111291588,98.7606147,94.8438702866393,33.3333333333333,6.4,0.677012
Mexico,2024,Americas,Latin America & Caribbean,Upper middle income,MEX,6.979,75.264,10284.0336925726,83.12233799,79.7538805976118,50.2,2.678,130.861007
Australia,2024,Oceania,East Asia & Pacific,High income,AUS,6.974,83.0512195121951,61486.38147544,96.13140106,87.6021469990446,38,3.942,27.194286
New Zealand,2024,Oceania,East Asia & Pacific,High income,NZL,6.952,82.009756097561,41415.4670639187,93.51930237,83.9370658833132,45.5284552845528,4.724,5.29
Switzerland,2024,Europe,Europe & Central Asia,High income,CHE,6.935,84.4073170731707,93018.3768706697,97.3443985,85.4615370020764,38.5,4.343,9.005582
Belgium,2024,Europe,Europe & Central Asia,High income,BEL,6.91,82.3,45019.6989654607,95.77579144,87.6126557010527,41.3333333333333,5.7,11.85861
Ireland,2024,Europe,Europe & Central Asia,High income,IRL,6.889,83.009756097561,94474.9879707069,97.18769836,64.3470379255585,25.2873563218391,4.3,5.39579
Lithuania,2024,Europe,Europe & Central Asia,High income,LTU,6.829,77.1951219512195,19205.4152293136,89.16116293,68.8285833315315,28.3687943262411,6.851,2.888278
Austria,2024,Europe,Europe & Central Asia,High income,AUT,6.81,81.9951219512195,45958.8250071261,94.91974877,69.4658181096788,36.0655737704918,5.2,9.177982
Canada,2024,Americas,North America,High income,CAN,6.803,82.1080487804878,45061.3864587285,94.353302,82.7002565766633,30.6547619047619,6.351,41.262329
Slovenia,2024,Europe,Europe & Central Asia,High income,SVN,6.792,82.2853658536585,26134.627203987,90.76355487,55.7577708405917,37.7777777777778,3.7,2.1274
Czechia,2024,Europe,Europe & Central Asia,High income,CZE,6.775,79.9780487804878,20449.1135911311,87.68776014,72.7947984592185,26,2.6,10.905028
United Arab Emirates,2024,Asia,"Middle East, North Africa, Afghanistan & Pakistan",High income,ARE,6.759,83.069,41605.4138706908,100,85.8171088279791,50,2.16,10.9864
Germany,2024,Europe,Europe & Central Asia,High income,DEU,6.753,80.7926829268293,44027.7631554469,93.49999579,82.0211432579125,35.3260869565217,3.4,83.516593
United Kingdom,2024,Europe,Europe & Central Asia,High income,GBR,6.728,81.3868536585366,47900.9680144146,95.4720993,83.2429544416085,40.4615384615385,4.361,69.281
United States,2024,Americas,North America,High income,USA,6.724,78.890243902439,66856.5131698371,94.69380188,80.1247798047184,28.735632183908,4.022,340.003797
Belize,2024,Americas,Latin America & Caribbean,Upper middle income,BLZ,6.711,73.739,6290.49294452749,80.00582262,41.7532107338224,15.625,8.698,0.417072
Poland,2024,Europe,Europe & Central Asia,High income,POL,6.673,78.409756097561,18000.5034591285,88.58496367,59.9705468695101,29.5652173913043,2.807,36.559233
Uruguay,2024,Americas,Latin America & Caribbean,High income,URY,6.661,78.287,19024.1204266155,91.99109007,95.5981951588181,28.2828282828283,8.209,3.386588
Kosovo,2024,Europe,Europe & Central Asia,Upper middle income,XKX,6.659,78.222,5631.67958854422,NA,50.3214443938994,NA,NA,1.594353
Kuwait,2024,Asia,"Middle East, North Africa, Afghanistan & Pakistan",High income,KWT,6.629,84.580487804878,24140.3257964584,99.74729919,100,NA,2.151,4.897263
Serbia,2024,Europe,Europe & Central Asia,Upper middle income,SRB,6.606,75.9682926829268,8580.26105823259,87.69071294,62.3830029804177,38,7.24,6.586476
Saudi Arabia,2024,Asia,"Middle East, North Africa, Afghanistan & Pakistan",High income,SAU,6.6,78.982,25123.0122060281,100,84.4554020211443,19.8675496688742,3.518,35.30028
France,2024,Europe,Europe & Central Asia,High income,FRA,6.593,82.9804878048781,39683.3953489029,88.65381638,78.7999750964116,36.0485268630849,7.4,68.551653
Singapore,2024,Asia,East Asia & Pacific,High income,SGP,6.565,83.3463414634146,68129.6960402288,94.37757178,100,29.2929292929293,2.737,6.03686
Romania,2024,Europe,Europe & Central Asia,High income,ROU,6.563,76.4585365853659,12459.9112061891,91.29048551,52.1674778928768,19.2073170731707,5.4,19.051804
Brazil,2024,Americas,Latin America & Caribbean,Upper middle income,BRA,6.494,76.023,9566.74518687619,84.46347227,87.8958549533146,17.5438596491228,6.801,211.998573
El Salvador,2024,Americas,Latin America & Caribbean,Upper middle income,SLV,6.492,72.302,4576.55846613444,66.47769928,75.0674905102199,31.6666666666667,3.261,6.338193
Spain,2024,Europe,Europe & Central Asia,High income,ESP,6.466,83.8878048780488,29245.2192451729,95.7574516,80.315199821207,44.2857142857143,11.4,48.84884
Estonia,2024,Europe,Europe & Central Asia,High income,EST,6.417,79.2951219512195,20078.1397620993,92.23796204,70.6981161541961,29.7029702970297,7.6,1.372341
Italy,2024,Europe,Europe & Central Asia,High income,ITA,6.415,83.9512195121951,34508.1235191237,89.2207202,69.6047535143071,32.25,6.5,58.952704
Panama,2024,Americas,Latin America & Caribbean,High income,PAN,6.407,79.775,17122.7168795289,72.77149963,65.9958447685488,21.4285714285714,8.451,4.515577
Argentina,2024,Americas,Latin America & Caribbean,Upper middle income,ARG,6.397,77.543,12774.3506596628,89.66715228,92.2742315972952,42.4124513618677,7.15,45.696159
Kazakhstan,2024,Asia,Europe & Central Asia,Upper middle income,KAZ,6.378,74.531,11872.7842626298,93.39167254,62.072531584162,19.3877551020408,4.833,20.592571
Guatemala,2024,Americas,Latin America & Caribbean,Upper middle income,GTM,6.362,72.746,4564.21378502908,60.22140121,55.9547027274763,20,2.613,18.406359
Chile,2024,Americas,Latin America & Caribbean,High income,CHL,6.361,81.359,14616.9287938028,95.590243,88.9950908479196,35.4838709677419,8.718,19.764771
Viet Nam,2024,Asia,East Asia & Pacific,Upper middle income,VNM,6.352,74.736,4012.50779921084,84.15,38.4900703430176,30.6288032454361,1.602,100.987686
Nicaragua,2024,Americas,Latin America & Caribbean,Lower middle income,NIC,6.33,75.1,2290.31991989418,61.39550018,59.2628402709961,53.8461538461538,4.98,6.91614
Malta,2024,Europe,"Middle East, North Africa, Afghanistan & Pakistan",High income,MLT,6.316,82.9560975609756,34501.7892727094,93.86029816,95.6546264490509,27.8481012658228,3.1,0.568847
Thailand,2024,Asia,East Asia & Pacific,Upper middle income,THA,6.222,76.564,6616.58539335928,90.86718789,61.8689338391321,19.4,0.781,71.668011
Slovakia,2024,Europe,Europe & Central Asia,High income,SVK,6.221,78.3707317073171,19776.1758069498,89.82507032,53.1919702985684,22.6666666666667,5.3,5.422069
Latvia,2024,Europe,Europe & Central Asia,High income,LVA,6.207,76.4292682926829,16376.2565245797,92.70757011,68.4839492628509,32,6.9,1.866124
Oman,2024,Asia,"Middle East, North Africa, Afghanistan & Pakistan",High income,OMN,6.197,80.246,17347.2911298513,95.25174678,79.4440302814714,0,3.203,5.281538
Uzbekistan,2024,Asia,Europe & Central Asia,Lower middle income,UZB,6.193,72.528,4477.90745486742,89.50550079,50.9986686706543,38,4.439,36.361859
Paraguay,2024,Americas,Latin America & Caribbean,Upper middle income,PRY,6.172,73.982,6670.6995656958,81.57806793,69.8622585886961,23.75,5.686,6.929153
Japan,2024,Asia,East Asia & Pacific,High income,JPN,6.147,84.0363414634146,37976.6371788298,85.54153081,92.1901718034531,15.6989247311828,2.5,123.975371
Bosnia and Herzegovina,2024,Europe,Europe & Central Asia,Upper middle income,BIH,6.136,78.044,6746.95366547249,86.10091103,52.1224302754935,19.047619047619,10.69,3.164253
Philippines,2024,Asia,East Asia & Pacific,Upper middle income,PHL,6.107,69.946,3926.14900894495,67.26300914,55.4520983215477,27.3311897106109,2.202,115.84367
Republic of Korea,2024,Asia,East Asia & Pacific,High income,KOR,6.038,83.6292682926829,37048.4264001496,97.89563777,81.1682528469686,20,2.784,51.751065
Bahrain,2024,Asia,"Middle East, North Africa, Afghanistan & Pakistan",High income,BHR,6.03,81.423,25886.2393152311,100,100,20,1.084,1.58867
Portugal,2024,Europe,Europe & Central Asia,High income,PRT,6.013,82.3829268292683,22663.993126225,88.48704454,61.3281907341332,32.6086956521739,6.5,10.694681
Colombia,2024,Americas,Latin America & Caribbean,Upper middle income,COL,6.004,77.913,6865.31283944628,79.34543299,78.5210811866115,29.4117647058824,9.619,52.886363
Ecuador,2024,Americas,Latin America & Caribbean,Upper middle income,ECU,5.965,77.579,5993.74697758454,77.17273115,63.2376932397602,43.0656934306569,3.453,18.135478
Honduras,2024,Americas,Latin America & Caribbean,Lower middle income,HND,5.964,73.044,2575.32081187859,58.62269974,58.7850728104829,27.34375,4.91,10.825703
Malaysia,2024,Asia,East Asia & Pacific,Upper middle income,MYS,5.955,76.821,11883.79127749,98.0206059,76.9170296648992,13.5135135135135,3.846,35.557673
Peru,2024,Americas,Latin America & Caribbean,Upper middle income,PER,5.947,77.941,6732.27773809578,81.95705992,85.1912729600355,38.4615384615385,5.199,34.217848
Russian Federation,2024,Europe,Europe & Central Asia,High income,RUS,5.945,73.4404878048781,11092.6337890625,94.36495368,75.1119136177067,16.4444444444444,2.43,143.669648
Cyprus,2024,Asia,Europe & Central Asia,High income,CYP,5.942,81.821,32757.541015625,89.60099246,66.6824259192483,14.2857142857143,4.9,1.358282
China,2024,Asia,East Asia & Pacific,Upper middle income,CHN,5.921,78.017,13119.1076099516,92,65.8946980998325,26.5367819952973,4.59,1408.975
Hungary,2024,Europe,Europe & Central Asia,High income,HUN,5.915,76.7243902439025,16543.1049095203,93.77898628,70.491825943218,14.572864321608,4.5,9.562065
Trinidad and Tobago,2024,Americas,Latin America & Caribbean,High income,TTO,5.905,73.617,16312.4849555716,82.15989685,53.961056681951,28.5714285714286,3.318,1.368333
Montenegro,2024,Europe,Europe & Central Asia,Upper middle income,MNE,5.877,77.890243902439,8540.00427762252,88.88258428,65.5422314706266,27.1604938271605,13.206,0.623525
Croatia,2024,Europe,Europe & Central Asia,High income,HRV,5.87,78.9292682926829,17854.3262648378,83.63240029,57.5158981711443,33.112582781457,5,3.8662
Jamaica,2024,Americas,Latin America & Caribbean,Upper middle income,JAM,5.87,71.606,6096.4327030963,90.10870361,58.9301585439922,27.4193548387097,3.151,2.839175
Bolivia,2024,Americas,Latin America & Caribbean,Lower middle income,BOL,5.868,68.739,3045.61476620329,79.70469666,71.2361453773988,46.1538461538462,3.274,12.413315
Kyrgyzstan,2024,Asia,Europe & Central Asia,Lower middle income,KGZ,5.858,72.4,1423.58624650541,92.0286026,34.7219977865937,21.1111111111111,3.491,7.221868
Dominican Republic,2024,Americas,Latin America & Caribbean,Upper middle income,DOM,5.846,73.868,9168.45418897141,91.0022446,72.4121874752151,36.8421052631579,5.312,11.427557
Mongolia,2024,Asia,East Asia & Pacific,Upper middle income,MNG,5.833,72.3980487804878,4626.79609644243,85.12349701,70.9566040039062,25.3968253968254,5.158,3.524788
Mauritius,2024,Africa,Sub-Saharan Africa,Upper middle income,MUS,5.832,73.7890243902439,11918.8045212095,73.30793533,39.0162147027917,19.4029850746269,5.548,1.245779
Libya,2024,Africa,"Middle East, North Africa, Afghanistan & Pakistan",Upper middle income,LBY,5.82,71.121,7696.0807819319,81.95449829,87.8854066107749,16.4705882352941,19.085,7.381023
Republic of Moldova,2024,Europe,Europe & Central Asia,Upper middle income,MDA,5.819,71.332,3855.56940382925,77.3687973,43.516471862793,40.8163265306122,1.427,2.402306
Greece,2024,Europe,Europe & Central Asia,High income,GRC,5.776,81.8390243902439,21494.6856060599,86.26968886,78.9967856500534,23,10.02,10.405134
Venezuela,2024,Americas,Latin America & Caribbean,Lower middle income,VEN,5.683,72.673,1501.22207949327,76.67890167,89.285859883201,NA,5.321,28.405543
Indonesia,2024,Asia,East Asia & Pacific,Upper middle income,IDN,5.617,71.288,4367.94741847938,72.78075544,58.7509635387997,21.0344827586207,3.301,283.487931
Algeria,2024,Africa,"Middle East, North Africa, Afghanistan & Pakistan",Upper middle income,DZA,5.571,76.475,4765.72900168387,77.4178009,75.2792907190618,7.86240786240786,11.655,46.814308
Bulgaria,2024,Europe,Europe & Central Asia,High income,BGR,5.554,75.7609756097561,10127.4152566236,82.438955000000007,73.9499356882481,20.8333333333333,4.2,6.441421
North Macedonia,2024,Europe,Europe & Central Asia,Upper middle income,MKD,5.503,76.6165853658537,6628.84686594032,93.6,62.5645376928533,39.1666666666667,12.265,1.824359
Armenia,2024,Asia,Europe & Central Asia,Upper middle income,ARM,5.494,78.319512195122,5378.31799981682,81.33930206,65.8113671449901,36.4485981308411,12.405,3.0335
Hong Kong SAR of China,2024,Asia,East Asia & Pacific,High income,HKG,5.491,85.3926829268293,44734.4365296835,95.75536971,100,NA,2.988,7.5241
Albania,2024,Europe,Europe & Central Asia,Upper middle income,ALB,5.411,79.776,6549.23387415397,85.86389923,58.5463634043555,35.7142857142857,10.689,2.377128
Tajikistan,2024,Asia,Europe & Central Asia,Lower middle income,TJK,5.411,71.927,1496.33813395037,55.79339981,26.1788063651548,26.984126984127,7.041,10.590927
Georgia,2024,Asia,Europe & Central Asia,Upper middle income,GEO,5.4,74.657,6606.35772271858,83.79855689,61.0789605093733,22.6666666666667,11.557,3.812518
Nepal,2024,Asia,South Asia,Lower middle income,NPL,5.311,70.636,1179.95499311034,46.32189941,66.772343163029,33.0882352941176,10.5,29.651054
Lao PDR,2024,Asia,East Asia & Pacific,Lower middle income,LAO,5.301,69.225,2721.07810663122,65.59269714,39.5552154401406,21.9512195121951,1.174,7.769819
Türkiye,2024,Asia,Europe & Central Asia,Upper middle income,TUR,5.262,77.421,15395.0278894893,87.3078767,89.3443122873887,19.8664440734558,8.8,85.518661
South Africa,2024,Africa,Sub-Saharan Africa,Upper middle income,ZAF,5.213,66.312,5715.47531469148,78.35759735,63.6917984858172,44.702842377261,32.279,64.007187
Mozambique,2024,Africa,Sub-Saharan Africa,Low income,MOZ,5.19,63.797,605.763481416969,20.52729988,36.4332337447237,39.2,6.668,34.631766
Gabon,2024,Africa,Sub-Saharan Africa,Upper middle income,GAB,5.12,68.511,6618.9868586134,68.72090149,91.8632094677575,25.5102040816327,20.091,2.538952
Côte d’Ivoire,2024,Africa,Sub-Saharan Africa,Lower middle income,CIV,5.102,62.11,2395.65916961845,41.43219902,53.9733113940142,13.3858267716535,2.273,31.93423
Iran,2024,Asia,"Middle East, North Africa, Afghanistan & Pakistan",Upper middle income,IRN,5.093,77.854,5834.44296939863,85.3404007,77.0201263427734,4.82758620689655,8.146,91.567738
Congo,2024,Africa,Sub-Saharan Africa,Lower middle income,COG,5.03,66.001,1671.7266018229,47.25159836,63.8866111699904,14.5695364238411,19.895,6.332961
Iraq,2024,Asia,"Middle East, North Africa, Afghanistan & Pakistan",Upper middle income,IRQ,4.976,72.424,4180.29619477317,81.47450256,69.8861494108913,28.8753799392097,15.293,46.042015
Guinea,2024,Africa,Sub-Saharan Africa,Lower middle income,GIN,4.929,60.904,1045.92207475792,33.30469894,38.0713036688655,29.6296296296296,5.132,14.754785
Namibia,2024,Africa,Sub-Saharan Africa,Lower middle income,NAM,4.911,67.516,4032.40150676649,64.87460327,50.4088030252155,40.625,19.157,3.030131
Cameroon,2024,Africa,Sub-Saharan Africa,Lower middle income,CMR,4.887,63.968,1480.73097431993,46.25880051,55.4031748609078,33.8888888888889,3.603,29.123744
Nigeria,2024,Africa,Sub-Saharan Africa,Lower middle income,NGA,4.885,54.635,2324.59702394542,41.21139908,62.9755675573659,3.91061452513966,3.045,232.679478
Azerbaijan,2024,Asia,Europe & Central Asia,Upper middle income,AZE,4.875,74.576,5876.03295533913,90.43979645,58.573795837717,20.8,5.648,10.20283
Senegal,2024,Africa,Sub-Saharan Africa,Lower middle income,SEN,4.856,68.924,1517.61838829684,60.11780167,55.2368169057304,41.2121212121212,2.788,18.501984
State of Palestine,2024,Asia,"Middle East, North Africa, Afghanistan & Pakistan",Lower middle income,PSE,4.78,69.213,2258.20698667764,NA,87.1196014117004,NA,NA,5.289152
Pakistan,2024,Asia,"Middle East, North Africa, Afghanistan & Pakistan",Lower middle income,PAK,4.768,67.799,1635.08731167091,57.253,39.1734368360905,17.0418006430868,5.492,251.269164
Niger,2024,Africa,Sub-Saharan Africa,Low income,NER,4.725,61.433,589.085643279512,15.55760002,18.0497398450803,NA,0.376,27.032412
Ukraine,2024,Europe,Europe & Central Asia,Upper middle income,UKR,4.68,74.692,2226.05810546875,82.47489929,69.5315643200148,21.0918114143921,NA,37.860221
Morocco,2024,Africa,"Middle East, North Africa, Afghanistan & Pakistan",Lower middle income,MAR,4.622,75.493,3516.15405273438,91.2,62.7998124018197,24.3037974683544,9.103,38.081173
Tunisia,2024,Africa,"Middle East, North Africa, Afghanistan & Pakistan",Lower middle income,TUN,4.552,76.711,4006.20588267443,76.5,70.3585355691955,15.6862745098039,15.341,12.277109
Mauritania,2024,Africa,Sub-Saharan Africa,Lower middle income,MRT,4.542,68.713,1692.84166088843,45.77939987,60.6068586411829,23.2954545454545,10.257,5.169395
Kenya,2024,Africa,Sub-Saharan Africa,Lower middle income,KEN,4.51,63.834,1858.87650030024,34.97622513,31.8937831721599,23.2758620689655,5.487,56.432944
Uganda,2024,Africa,Sub-Saharan Africa,Low income,UGA,4.461,68.487,986.090145363924,8.949831061,31.2777698213557,33.9317773788151,2.74,50.015092
Gambia,2024,Africa,Sub-Saharan Africa,Low income,GMB,4.423,66.057,758.965888826955,49.49430084,64.2994103409645,NA,6.48,2.759988
India,2024,Asia,South Asia,Lower middle income,IND,4.389,72.235,2366.8328910323,64.9434967,35.3788972368389,13.6531365313653,4.173,1450.935791
Chad,2024,Africa,Sub-Saharan Africa,Low income,TCD,4.384,55.238,855.999353179333,12.62689972,26.9315292389497,26.1083743842365,1.053,20.299123
Burkina Faso,2024,Africa,Sub-Saharan Africa,Low income,BFA,4.383,61.292,764.082625588818,28.25270081,28.3352514896662,18.3098591549296,3.441,23.548781
Benin,2024,Africa,Sub-Saharan Africa,Lower middle income,BEN,4.357,60.961,1324.78312597434,33.98379898,52.5455354818423,26.605504587156,1.637,14.462724
Somalia,2024,Africa,Sub-Saharan Africa,Low income,SOM,4.347,58.967,467.269910194458,27.94020081,54.6176465524521,19.6363636363636,18.949,19.009151
Mali,2024,Africa,Sub-Saharan Africa,Low income,MLI,4.345,60.675,910.300376300627,36.80149841,31.6075621182225,30.6569343065693,2.924,24.478595
Cambodia,2024,Asia,East Asia & Pacific,Lower middle income,KHM,4.341,70.817,2183.55682401667,68.47530365,40.8727033252729,13.6,0.254,17.638801
Ghana,2024,Africa,Sub-Saharan Africa,Lower middle income,GHA,4.34,65.695,2173.00329800201,72.17569733,58.3654868038581,14.5454545454545,2.82,34.427414
Myanmar,2024,Asia,East Asia & Pacific,Lower middle income,MMR,4.321,67.095,1158.47928097728,NA,30.4499084074136,NA,2.887,54.500091
Togo,2024,Africa,Sub-Saharan Africa,Lower middle income,TGO,4.315,62.935,1053.81653764697,39.48320007,43.8148491605996,18.5840707964602,1.948,8.406558
Jordan,2024,Asia,"Middle East, North Africa, Afghanistan & Pakistan",Upper middle income,JOR,4.31,77.981,4441.03974922351,95.62244985,92.9501393764286,19.5652173913043,16.693,11.552876
Liberia,2024,Africa,Sub-Saharan Africa,Low income,LBR,4.277,62.324,665.101337624192,32.23360062,55.5387986654968,10.958904109589,2.914,5.612817
Madagascar,2024,Africa,Sub-Saharan Africa,Low income,MDG,4.157,63.835,453.957809653992,18.67790031,32.4339893339844,15.9509202453988,3.051,31.964956
Zambia,2024,Africa,Sub-Saharan Africa,Lower middle income,ZMB,3.912,66.528,1343.38966380353,17.10099983,45.4703838491279,14.9700598802395,5.898,21.314956
Ethiopia,2024,Africa,Sub-Saharan Africa,Low income,ETH,3.898,67.603,883.458588614999,21.94129944,23.6222839355469,41.3135593220339,3.357,132.059767
Sri Lanka,2024,Asia,South Asia,Upper middle income,LKA,3.891,77.672,4198.74513727898,54.59,20.2996997058686,10,4.239,21.916
Bangladesh,2024,Asia,South Asia,Lower middle income,BGD,3.851,74.93,1941.27874360025,53.42171316,32.6783196323307,NA,3.635,173.562364
Egypt,2024,Africa,"Middle East, North Africa, Afghanistan & Pakistan",Lower middle income,EGY,3.817,71.806,4137.6092923313,74.64839935,42.8004363938404,27.7027027027027,6.817,116.538258
Tanzania,2024,Africa,Sub-Saharan Africa,Lower middle income,TZA,3.8,67.212,1120.77416992188,31.16209984,36.1684458862992,37.4045801526718,1.557,68.560157
Eswatini,2024,Africa,Sub-Saharan Africa,Lower middle income,SWZ,3.774,64.264,3866.37127926695,63.40309906,26.2498461258639,21.6216216216216,34.643,1.242822
Lesotho,2024,Africa,Sub-Saharan Africa,Lower middle income,LSO,3.757,57.798,1012.59379523386,51.79660034,43.6780334209246,25,16.34,2.337423
Comoros,2024,Africa,Sub-Saharan Africa,Lower middle income,COM,3.754,67.023,1402.52614298112,32.51750183,33.5392215673301,16.6666666666667,3.815,0.866628
DR Congo,2024,Africa,Sub-Saharan Africa,Low income,COD,3.469,62.074,554.117609962628,19.67350006,44.7455804408753,12.9979035639413,4.421,109.276265
Botswana,2024,Africa,Sub-Saharan Africa,Upper middle income,BWA,3.438,69.293,6952.34770386661,57.45950036,67.4623537838418,8.69565217391304,23.81,2.521139
Zimbabwe,2024,Africa,Sub-Saharan Africa,Lower middle income,ZWE,3.396,63.064,1416.80065463874,41.64279938,39.8933716820696,28.0898876404494,9.435,16.634373
Malawi,2024,Africa,Sub-Saharan Africa,Low income,MWI,3.26,67.561,551.95152347056,18.96159935,17.268503531213,20.7253886010363,5.051,21.655286
Lebanon,2024,Asia,"Middle East, North Africa, Afghanistan & Pakistan",Lower middle income,LBN,3.188,77.945,5391.22914209501,80.63400269,90.703695784554,6.25,NA,5.805962
Sierra Leone,2024,Africa,Sub-Saharan Africa,Low income,SLE,2.998,61.964,1137.29005648131,25.10499954,45.3626823156371,29.5302013422819,3.103,8.642022
Afghanistan,2024,Asia,"Middle East, North Africa, Afghanistan & Pakistan",Low income,AFG,1.364,66.289,374.37669620849,16.09499931,25.7007352636188,NA,13.687,42.647492
Finland,2023,Europe,Europe & Central Asia,High income,FIN,7.741,81.5853658536585,45196.4814400136,93.51385075,74.0062548602828,46,7.149,5.583911
Denmark,2023,Europe,Europe & Central Asia,High income,DNK,7.583,81.7536585365854,59026.9843650999,98.77559197,88.552638542867,43.5754189944134,5.094,5.946952
Iceland,2023,Europe,Europe & Central Asia,High income,ISL,7.525,82.4560975609756,59951.7537739692,97.94860077,94.1518261784801,47.6190476190476,3.518,0.385663
Sweden,2023,Europe,Europe & Central Asia,High income,SWE,7.344,83.309756097561,53937.7967122429,95.70327461,88.631216160938,46.4183381088825,7.611,10.536632000000001
Israel,2023,Asia,"Middle East, North Africa, Afghanistan & Pakistan",High income,ISR,7.341,83.1951219512195,42131.7415675806,87.03842615,91.5089569794505,24.1666666666667,3.371,9.849
Netherlands,2023,Europe,Europe & Central Asia,High income,NLD,7.319,81.8634146341464,50960.7810305308,97.00680272,95.3221682092129,40,3.535,17.877117
Norway,2023,Europe,Europe & Central Asia,High income,NOR,7.302,83.0121951219512,83100.7944645872,99.00000258,83.0718560702166,46.1538461538462,3.574,5.519601
Luxembourg,2023,Europe,Europe & Central Asia,High income,LUX,7.122,83.309756097561,105422.764660192,99.34785707,94.8015300320787,33.3333333333333,5.184,0.66643
Switzerland,2023,Europe,Europe & Central Asia,High income,CHE,7.06,84.1560975609756,92947.9424441568,97.34436623,85.1854212679815,38.5,4.043,8.888822
Australia,2023,Oceania,East Asia & Pacific,High income,AUS,7.057,83.0512195121951,61869.082498576,96.1160965,87.4866955653765,38.4105960264901,3.668,26.659922
New Zealand,2023,Oceania,East Asia & Pacific,High income,NZL,7.029,81.7585365853659,42501.4932044968,93.32610321,83.8898991461229,44.2622950819672,3.734,5.2
Costa Rica,2023,Americas,Latin America & Caribbean,High income,CRI,6.955,80.799,14531.5005137466,85.39514799,78.8819393641702,47.3684210526316,8.325,5.105525
Kuwait,2023,Asia,"Middle East, North Africa, Afghanistan & Pakistan",High income,KWT,6.951,83.1878048780488,24722.8143701857,99.74731125,100,3.07692307692308,2.08,4.85342
Austria,2023,Europe,Europe & Central Asia,High income,AUT,6.905,81.7926829268293,46497.9114640341,95.33467117,69.2265358276021,40.9836065573771,5.264,9.131761
Canada,2023,Americas,North America,High income,CAN,6.9,81.6263414634146,45495.5100892605,94.14530182,82.5250564408346,30.6547619047619,5.415,40.049088
Belgium,2023,Europe,Europe & Central Asia,High income,BEL,6.894,82.4,44828.2274521244,94.62625074,87.551492636772,42.6666666666667,5.547,11.779946
Ireland,2023,Europe,Europe & Central Asia,High income,IRL,6.838,82.8073170731707,93541.9643678381,96.8660965,64.1152082461268,23.125,4.243,5.311538
Czechia,2023,Europe,Europe & Central Asia,High income,CZE,6.822,79.8268292682927,20272.5874017334,85.99404818,72.7352388396817,26,2.579,10.864042
Lithuania,2023,Europe,Europe & Central Asia,High income,LTU,6.818,77.290243902439,18748.9302647191,88.50287484,68.575454583199,28.3687943262411,6.841,2.871585
United Kingdom,2023,Europe,Europe & Central Asia,High income,GBR,6.749,81.2380975609756,47911.1540134832,95.44719696,83.1601932891335,34.6153846153846,4.025,68.526
Slovenia,2023,Europe,Europe & Central Asia,High income,SVN,6.743,81.9292682926829,25773.9015835069,90.37794678,55.5378927789875,37.7777777777778,3.652,2.120461
United Arab Emirates,2023,Asia,"Middle East, North Africa, Afghanistan & Pakistan",High income,ARE,6.733,82.909,41926.5773498407,100,85.6680699002526,50,2.151,10.483751
United States,2023,Americas,North America,High income,USA,6.725,78.3853658536585,65667.281580468,93.52559662,80.071561119178,28.9655172413793,3.638,336.755052
Germany,2023,Europe,Europe & Central Asia,High income,DEU,6.719,81.0414634146342,44368.9920074881,92.4763763,81.9034366692129,35.1902173913043,3.071,83.287273
Mexico,2023,Americas,Latin America & Caribbean,Upper middle income,MEX,6.678,75.069,10234.6840265651,81.18318755,79.4734935748046,50,2.765,129.739759
Uruguay,2023,Americas,Latin America & Caribbean,High income,URY,6.611,78.138,18403.6753125157,90.92590332,95.5439605712891,26.2626262626263,8.355,3.388081
France,2023,Europe,Europe & Central Asia,High income,FRA,6.609,82.8317073170732,39319.4152227295,86.83635789,78.7804323126547,37.7816291161178,7.335,68.372286
Saudi Arabia,2023,Asia,"Middle East, North Africa, Afghanistan & Pakistan",High income,SAU,6.594,78.732,25634.8237547841,100,84.2962388315415,19.8675496688742,4.008,33.702731
Kosovo,2023,Europe,Europe & Central Asia,Upper middle income,XKX,6.561,78.033,5102.74674921908,NA,49.1105579101515,NA,NA,1.682668
Singapore,2023,Asia,East Asia & Pacific,High income,SGP,6.523,83.0975609756098,65976.7068036903,94.28518987,100,29.126213592233,3.444,5.917648
Romania,2023,Europe,Europe & Central Asia,High income,ROU,6.491,76.4048780487805,12340.8170509969,89.20335498,52.1645747011867,19.0909090909091,5.589,19.061062
El Salvador,2023,Americas,Latin America & Caribbean,Upper middle income,SLV,6.469,72.099,4481.19664108356,62.61989975,74.6080675149903,27.3809523809524,2.992,6.309624
Estonia,2023,Europe,Europe & Central Asia,High income,EST,6.448,78.7926829268293,20126.3730486957,93.18342241,70.6770085523126,28.7128712871287,6.378,1.370286
Poland,2023,Europe,Europe & Central Asia,High income,POL,6.442,78.2585365853659,17410.3830137066,86.414744,59.8859561370214,29.3478260869565,2.743,36.687353
Spain,2023,Europe,Europe & Central Asia,High income,ESP,6.421,83.9341463414634,28558.6319817501,95.44564516,80.128491001856,44.2857142857143,12.179,48.352528
Serbia,2023,Europe,Europe & Central Asia,Upper middle income,SRB,6.411,76.1414634146341,8208.4786891507,85.35746686,62.1434649229738,34.8,8.268,6.623183
Chile,2023,Americas,Latin America & Caribbean,High income,CHL,6.36,81.167,14294.7106635595,94.45742345,88.8158617217972,35.4838709677419,9.013,19.658835
Panama,2023,Americas,Latin America & Caribbean,High income,PAN,6.358,79.594,16877.1543425646,68.54851592,65.8601271176084,22.5352112676056,6.544,4.458759
Malta,2023,Europe,"Middle East, North Africa, Afghanistan & Pakistan",High income,MLT,6.346,83.3560975609756,33429.8172092336,92.07266941,95.6272277147965,27.8481012658228,3.479,0.552747
Italy,2023,Europe,Europe & Central Asia,High income,ITA,6.324,83.3512195121951,34221.7182928271,87.0278292,69.5381540123301,32.25,7.627,58.984216
Guatemala,2023,Americas,Latin America & Caribbean,Upper middle income,GTM,6.287,72.602,4469.05514652918,56.72669983,55.6082319565539,20,2.344,18.124838
Nicaragua,2023,Americas,Latin America & Caribbean,Lower middle income,NIC,6.284,74.947,2241.1228811163,60.30120087,59.1250953674316,51.6483516483517,4.698,6.823613
Brazil,2023,Americas,Latin America & Caribbean,Upper middle income,BRA,6.272,75.848,9288.02701470069,84.15060238,87.6159710235763,17.5438596491228,7.947,211.140729
Slovakia,2023,Europe,Europe & Central Asia,High income,SVK,6.257,78.119512195122,19383.3732009401,87.2131343,53.190805019646,22,5.843,5.42674
Latvia,2023,Europe,Europe & Central Asia,High income,LVA,6.234,75.4268292682927,16229.3844520245,92.18791291,68.358631634306093,32,6.465,1.88371
Uzbekistan,2023,Asia,Europe & Central Asia,Lower middle income,UZB,6.195,72.388,4281.20542121225,89.01361047,50.9964841114568,33.5714285714286,4.434,35.652307
Argentina,2023,Americas,Latin America & Caribbean,Upper middle income,ARG,6.188,77.395,12993.0928872416,89.22897166,92.1945132257907,43.1906614785992,6.139,45.538401
Kazakhstan,2023,Asia,Europe & Central Asia,Upper middle income,KAZ,6.188,74.402,11453.3952725363,92.87846096,61.7560919499181,18.3673469387755,4.835,20.330104
Cyprus,2023,Asia,Europe & Central Asia,High income,CYP,6.068,81.648,32022.01953125,91.22110357,66.6739477522639,14.2857142857143,5.835,1.344976
Japan,2023,Asia,East Asia & Pacific,High income,JPN,6.06,84.0412195121951,37902.5492204411,85.00990295,92.0826903891473,10.3448275862069,2.6,124.51665
Republic of Korea,2023,Asia,East Asia & Pacific,High income,KOR,6.058,83.4292682926829,36347.7036392553,97.41597478,81.1645551720421,19.0635451505017,2.675,51.712619
Philippines,2023,Asia,East Asia & Pacific,Upper middle income,PHL,6.048,69.833,3744.69763802686,77.86699677,55.1242716168851,27.3311897106109,2.2,114.891199
Viet Nam,2023,Asia,East Asia & Pacific,Upper middle income,VNM,6.043,74.588,3772.36029116103,78.08,38.1298904418945,30.2605210420842,1.645,100.352192
Portugal,2023,Europe,Europe & Central Asia,High income,PRT,6.03,82.3292682926829,22417.1634060906,85.79012676,61.2048652633664,36.0869565217391,6.498,10.578174
Hungary,2023,Europe,Europe & Central Asia,High income,HUN,6.017,76.5707317073171,16375.0462724192,91.4500713,70.2923026891431,14.070351758794,4.096,9.592186
Paraguay,2023,Americas,Latin America & Caribbean,Upper middle income,PRY,5.977,73.844,6452.28566840034,78.09481878,69.3466081733694,22.5,5.794,6.844146
Thailand,2023,Asia,East Asia & Pacific,Upper middle income,THA,5.976,76.412,6423.99101164149,89.53525238,60.9341926574707,18.8376753507014,0.733,71.702435
Malaysia,2023,Asia,East Asia & Pacific,Upper middle income,MYS,5.975,76.657,11445.3925275079,97.69272633,76.4434752105739,13.5135135135135,3.858,35.126298
China,2023,Asia,East Asia & Pacific,Upper middle income,CHN,5.973,77.953,12483.9791101249,90.6,65.5301448035523,26.5367819952973,4.67,1410.71
Honduras,2023,Americas,Latin America & Caribbean,Lower middle income,HND,5.968,72.884,2527.27366333188,58.0685997,58.3132392705102,27.34375,6.07,10.644851
Bahrain,2023,Asia,"Middle East, North Africa, Afghanistan & Pakistan",High income,BHR,5.959,81.284,25342.6226641572,100,100,20,1.049,1.577059
Croatia,2023,Europe,Europe & Central Asia,High income,HRV,5.942,78.4731707317073,17225.4504515697,83.24117599,57.2431560672198,31.7880794701987,6.121,3.859686
Greece,2023,Europe,Europe & Central Asia,High income,GRC,5.934,81.7365853658537,21050.8648111581,85.0102229,78.7746303842088,23,11.023,10.407351
Bosnia and Herzegovina,2023,Europe,Europe & Central Asia,Upper middle income,BIH,5.877,77.85,6493.32400514463,83.3771539,51.5657239834305,19.0476190476191,10.668,3.185073
Libya,2023,Africa,"Middle East, North Africa, Afghanistan & Pakistan",Upper middle income,LBY,5.866,69.339,7630.49664928174,82.10469818,87.8647197919848,16.4705882352941,18.713,7.305659
Jamaica,2023,Americas,Latin America & Caribbean,Upper middle income,JAM,5.842,71.479,6127.90771263434,89.47304282,58.4510149367429,28.5714285714286,3.022,2.839786
Peru,2023,Americas,Latin America & Caribbean,Upper middle income,PER,5.841,77.74,6575.18295502228,79.48484477,84.7810255849745,38.7596899224806,4.899,33.845617
Dominican Republic,2023,Americas,Latin America & Caribbean,Upper middle income,DOM,5.823,73.72,8809.96335385949,86.12689972,72.3577991823338,27.8947368421053,5.555,11.331265
Mauritius,2023,Africa,Sub-Saharan Africa,Upper middle income,MUS,5.816,73.4121951219512,11330.7335655767,79.5,39.0039901092226,20,5.571,1.248647
Republic of Moldova,2023,Europe,Europe & Central Asia,Upper middle income,MDA,5.816,71.198,3758.3688194082,76.50330353,43.0011825561523,38.6138613861386,1.57,2.457783
Russian Federation,2023,Europe,Europe & Central Asia,High income,RUS,5.785,73.2546341463415,10560.4658203125,92.24496346,74.9805047873279,16.4444444444445,3.076,143.82613
Bolivia,2023,Americas,Latin America & Caribbean,Lower middle income,BOL,5.784,68.581,3122.77049466223,77.30039978,70.9151414044538,46.1538461538462,3.024,12.244159
Ecuador,2023,Americas,Latin America & Caribbean,Upper middle income,ECU,5.725,77.392,6165.40977555695,72.6943146,63.1307729554263,43.0656934306569,3.51,17.980083
Kyrgyzstan,2023,Asia,Europe & Central Asia,Lower middle income,KGZ,5.714,72.2487804878049,1298.25724482211,91.04440308,34.706439175362,20,3.498,7.09975
Montenegro,2023,Europe,Europe & Central Asia,Upper middle income,MNE,5.707,77.5878048780488,8278.02461006262,88.5515976,65.4731667624849,20.9876543209877,13.146,0.623529
Mongolia,2023,Asia,East Asia & Pacific,Upper middle income,MNG,5.696,72.1224390243902,4456.53627552726,83.74320221,70.4464492797852,17.1052631578947,5.178,3.481145
Colombia,2023,Americas,Latin America & Caribbean,Upper middle income,COL,5.695,77.725,6837.37392084534,77.33686322,78.275571579544,28.8770053475936,9.591,52.321152
Venezuela,2023,Americas,Latin America & Caribbean,Lower middle income,VEN,5.607,72.514,1427.88655943805,76.33190155,89.249627620225,NA,5.407,28.300854
Indonesia,2023,Asia,East Asia & Pacific,Upper middle income,IDN,5.568,71.146,4192.64401034181,69.20836554,58.1179353397878,21.5652173913044,3.308,281.190067
Bulgaria,2023,Europe,Europe & Central Asia,High income,BGR,5.463,75.7560975609756,9787.76510584614,80.38956462,73.7322671584613,24.1666666666667,4.319,6.446596
Armenia,2023,Asia,Europe & Central Asia,Upper middle income,ARM,5.455,77.4658536585366,5197.23509013575,79.99663036,65.6956882008852,35.5140186915888,12.405,2.9643
South Africa,2023,Africa,Sub-Saharan Africa,Upper middle income,ZAF,5.422,66.139,5756.55049453121,78.33670044,63.5823705163545,45.8646616541353,32.098,63.212384
North Macedonia,2023,Europe,Europe & Central Asia,Upper middle income,MKD,5.369,75.3160975609756,6423.99221393369,88.5,62.2518322545779,42.5,13.174,1.827816
Algeria,2023,Africa,"Middle East, North Africa, Afghanistan & Pakistan",Upper middle income,DZA,5.364,76.261,4660.40545687895,76.19760132,74.732808364138,7.86240786240786,11.645,46.164219
Hong Kong SAR of China,2023,Asia,East Asia & Pacific,High income,HKG,5.316,85.2473170731707,43518.9311789918,95.97781908,100,NA,2.949,7.5361
Albania,2023,Europe,Europe & Central Asia,Upper middle income,ALB,5.304,79.602,6204.43525612114,83.13559161,58.2106086137857,35.7142857142857,10.669,2.411658
Tajikistan,2023,Asia,Europe & Central Asia,Lower middle income,TJK,5.281,71.79,1407.1075436221,54.41550064,26.1890127571429,26.984126984127,7.037,10.389799
Congo,2023,Africa,Sub-Saharan Africa,Lower middle income,COG,5.221,65.772,1677.08549205924,43.15039825,63.6626757615625,14.5695364238411,19.919,6.182885
Mozambique,2023,Africa,Sub-Saharan Africa,Low income,MOZ,5.216,63.611,610.591041611538,19.94560051,35.7149783148407,43.2,6.661,33.63516
Georgia,2023,Asia,Europe & Central Asia,Upper middle income,GEO,5.185,74.496,6180.6206023429,81.88425624,60.7523077799724,18.4397163120567,11.549,3.715483
Iraq,2023,Asia,"Middle East, North Africa, Afghanistan & Pakistan",Upper middle income,IRQ,5.166,72.324,4337.0870532422005,81.80889893,69.868278503418,29.0519877675841,15.239,45.074049
Nepal,2023,Asia,South Asia,Lower middle income,NPL,5.158,70.354,1136.4276931197,45.80680084,66.5432933453944,33.0882352941176,10.437,29.694614
Lao PDR,2023,Asia,East Asia & Pacific,Lower middle income,LAO,5.139,68.964,2648.88726608035,64.39800262,38.8070088517156,21.9512195121951,1.186,7.664993
Gabon,2023,Africa,Sub-Saharan Africa,Upper middle income,GAB,5.106,68.337,6541.25368618042,68.19789886,91.6375962797313,24.4897959183673,20.161,2.484789
Côte d’Ivoire,2023,Africa,Sub-Saharan Africa,Lower middle income,CIV,5.08,61.944,2315.36434710324,40.65284979,53.4075201638704,13.7254901960784,2.263,31.165654
Guinea,2023,Africa,Sub-Saharan Africa,Lower middle income,GIN,5.023,60.74,1016.88094800324,32.31560135,37.6454083954705,29.6296296296296,5.141,14.405468
Türkiye,2023,Asia,Europe & Central Asia,Upper middle income,TUR,4.975,77.156,14932.8851363122,85.96074155,89.0218446796121,19.8333333333333,9.388,85.325965
Senegal,2023,Africa,Sub-Saharan Africa,Lower middle income,SEN,4.969,68.683,1458.9664233275,59.18740082,54.6992276190794,46.0606060606061,2.784,18.077573
Iran,2023,Asia,"Middle East, North Africa, Afghanistan & Pakistan",Upper middle income,IRN,4.923,77.654,5687.84396268742,83.71050262,76.6759567260742,5.59440559440559,8.129,90.608707
Azerbaijan,2023,Asia,Europe & Central Asia,Upper middle income,AZE,4.893,74.429,5668.61021317029,89,58.5075350483702,18.6440677966102,5.64,10.153958
Nigeria,2023,Africa,Sub-Saharan Africa,Lower middle income,NGA,4.881,54.462,2280.67777167162,40.06399918,62.1746763155343,3.91061452513966,3.074,227.882945
State of Palestine,2023,Asia,"Middle East, North Africa, Afghanistan & Pakistan",Lower middle income,PSE,4.879,65.17,2997.22694077849,86.63765334,86.8576870415886,NA,NA,5.165775
Cameroon,2023,Africa,Sub-Saharan Africa,Lower middle income,CMR,4.874,63.7,1468.17837007337,42.24380112,55.1286878511388,33.8888888888889,3.607,28.372687
Ukraine,2023,Europe,Europe & Central Asia,Upper middle income,UKR,4.873,73.422,2164.26123046875,81.58059692,69.4754455027606,20.4326923076923,NA,37.732836
Namibia,2023,Africa,Sub-Saharan Africa,Lower middle income,NAM,4.832,67.385,3973.49010579998,63.69549942,49.9545837830821,44.2307692307692,19.154,2.963095
Morocco,2023,Africa,"Middle East, North Africa, Afghanistan & Pakistan",Lower middle income,MAR,4.795,75.313,3421.21704101563,91,62.673750838878,24.3037974683544,8.896,37.712505
Pakistan,2023,Asia,"Middle East, North Africa, Afghanistan & Pakistan",Lower middle income,PAK,4.657,67.649,1610.33122837537,NA,38.8191861872791,20.4678362573099,5.237,247.504495
Niger,2023,Africa,Sub-Saharan Africa,Low income,NER,4.556,61.183,561.960694711722,12.98079967,17.7506873295237,NA,0.407,26.159867
Burkina Faso,2023,Africa,Sub-Saharan Africa,Low income,BFA,4.548,61.092,745.405334618409,25.36120033,27.7872478365158,16.9014084507042,3.601,23.025776
Mauritania,2023,Africa,Sub-Saharan Africa,Lower middle income,MRT,4.505,68.484,1638.99221583023,44.95629883,59.7142464747058,23.2954545454545,10.37,5.022441
Gambia,2023,Africa,Sub-Saharan Africa,Low income,GMB,4.485,65.86,735.612384062616,48.72829819,63.8020182456108,8.62068965517241,6.479,2.697845
Chad,2023,Africa,Sub-Saharan Africa,Low income,TCD,4.471,55.069,856.985507283698,12.03590012,26.3305395171046,25.8883248730965,1.059,19.319064
Kenya,2023,Africa,Sub-Saharan Africa,Lower middle income,KEN,4.47,63.646,1811.21651838425,32.07040024,31.6330340816429,23.2758620689655,5.409,55.339003
Tunisia,2023,Africa,"Middle East, North Africa, Afghanistan & Pakistan",Lower middle income,TUN,4.422,76.508,3967.33387634534,NA,70.0266686486584,16.2337662337662,15.106,12.200431
Benin,2023,Africa,Sub-Saharan Africa,Lower middle income,BEN,4.377,60.774,1263.62158336368,32.39400101,51.7457922964593,26.605504587156,1.641,14.111034
Uganda,2023,Africa,Sub-Saharan Africa,Low income,UGA,4.372,68.252,955.745797275462,9.286999702,30.6059359395495,33.8129496402878,2.754,48.656601
Myanmar,2023,Asia,East Asia & Pacific,Lower middle income,MMR,4.354,66.889,1177.76649645563,NA,30.3820718069466,NA,2.977,54.133798
Cambodia,2023,Asia,East Asia & Pacific,Lower middle income,KHM,4.341,70.668,2085.05748462122,68.92549896,40.6290788072508,13.6,0.256,17.42388
Ghana,2023,Africa,Sub-Saharan Africa,Lower middle income,GHA,4.289,65.498,2091.81335596465,70.67430115,57.8074737774654,14.5454545454545,2.829,33.787914
Liberia,2023,Africa,Sub-Saharan Africa,Low income,LBR,4.269,62.163,653.329188343162,31.22410011,54.997863482224,10.958904109589,2.905,5.493031
Mali,2023,Africa,Sub-Saharan Africa,Low income,MLI,4.232,60.439,892.689219532429,36.03879929,31.0031889023235,28.5714285714286,2.947,23.769127
Madagascar,2023,Africa,Sub-Saharan Africa,Low income,MDG,4.228,63.632,445.874102052267,18.24080086,31.9799438860946,18.5430463576159,3.044,31.195932
Togo,2023,Africa,Sub-Saharan Africa,Lower middle income,TGO,4.214,62.74,1011.2308927823,37.57020187,43.2496853032436,19.7802197802198,1.942,8.22385
Jordan,2023,Asia,"Middle East, North Africa, Afghanistan & Pakistan",Upper middle income,JOR,4.186,77.814,4373.38088482368,92.53443944,92.682236868336,12.3076923076923,16.62,11.439213
India,2023,Asia,South Asia,Lower middle income,IND,4.054,72.003,2229.71491223037,60.25230026,35.0676918424186,15.2416356877323,4.172,1438.069596
Egypt,2023,Africa,"Middle East, North Africa, Afghanistan & Pakistan",Lower middle income,EGY,3.977,71.633,4111.3118479018,74.01190186,42.7098115041919,27.5337837837838,6.753,114.535772
Sri Lanka,2023,Asia,South Asia,Upper middle income,LKA,3.898,77.483,3977.13564995085,51.2,20.1455348442463,5.33333333333333,4.528,22.037
Bangladesh,2023,Asia,South Asia,Lower middle income,BGD,3.886,74.672,1885.37733613545,44.50274195,32.1578465036834,20.8571428571429,3.352,171.46699
Ethiopia,2023,Africa,Sub-Saharan Africa,Low income,ETH,3.861,67.315,842.446604881663,20.33749962,23.0586471557617,41.3135593220339,3.375,128.691692
Tanzania,2023,Africa,Sub-Saharan Africa,Lower middle income,TZA,3.781,66.995,1092.86413574219,28.43190002,35.4748019434954,37.4045801526718,1.565,66.617606
Comoros,2023,Africa,Sub-Saharan Africa,Lower middle income,COM,3.566,66.777,1383.64201759575,31.92749977,33.1502180946901,16.6666666666667,3.833,0.850387
Zambia,2023,Africa,Sub-Saharan Africa,Lower middle income,ZMB,3.502,66.349,1330.85998216751,16.45070076,45.0285853521585,14.9700598802395,5.861,20.723965
Eswatini,2023,Africa,Sub-Saharan Africa,Lower middle income,SWZ,3.502,64.123,3790.16576788091,61.33330154,25.8081878500755,17.1428571428571,34.61,1.230506
Malawi,2023,Africa,Sub-Saharan Africa,Low income,MWI,3.421,67.353,557.03523965791,17.98810346,16.9748746665356,20.7253886010363,5.009,21.104482
Botswana,2023,Africa,Sub-Saharan Africa,Upper middle income,BWA,3.383,69.163,7269.05170664457,NA,67.0212655349864,11.1111111111111,23.381,2.480244
Zimbabwe,2023,Africa,Sub-Saharan Africa,Lower middle income,ZWE,3.341,62.775,1418.47184628799,38.67480087,39.2919370795795,30.6818181818182,9.348,16.340822
DR Congo,2023,Africa,Sub-Saharan Africa,Low income,COD,3.295,61.895,539.45912637913,18.96789932,44.3754734892194,12.8,4.469,105.789731
Sierra Leone,2023,Africa,Sub-Saharan Africa,Low income,SLE,3.245,61.786,1113.86837500697,23.71360016,44.809324991151,28.1879194630873,3.092,8.460512
Lesotho,2023,Africa,Sub-Saharan Africa,Lower middle income,LSO,3.186,57.375,973.116561960912,48.98590088,42.6781596804785,26.4462809917355,16.348,2.311472
Lebanon,2023,Asia,"Middle East, North Africa, Afghanistan & Pakistan",Lower middle income,LBN,2.707,77.817,5834.63415739394,81.7059021,90.4524074197598,6.25,10.985,5.773493
Afghanistan,2023,Asia,"Middle East, North Africa, Afghanistan & Pakistan",Low income,AFG,1.721,66.035,378.06630312259,15.92840004,25.4730529631167,NA,14.008,41.454761
Finland,2022,Europe,Europe & Central Asia,High income,FIN,7.804,81.1878048780488,46016.1492103929,92.98879471,73.6967597835949,45.5,6.719,5.556106
Denmark,2022,Europe,Europe & Central Asia,High income,DNK,7.586,81.3048780487805,59108.7449374068,97.86011812,88.3880239837703,43.5754189944134,4.434,5.903037
Iceland,2022,Europe,Europe & Central Asia,High income,ISL,7.53,82.119512195122,57626.2533717585,97.58339691,94.1787071228028,47.6190476190476,3.789,0.382003
Israel,2022,Asia,"Middle East, North Africa, Afghanistan & Pakistan",High income,ISR,7.473,82.7,42539.2748766689,91.85079615,91.4979834273327,23.3333333333333,3.695,9.5575
Netherlands,2022,Europe,Europe & Central Asia,High income,NLD,7.403,81.6146341463415,51777.5314828276,92.51968504,94.9856177734136,40.6666666666667,3.526,17.700982
Sweden,2022,Europe,Europe & Central Asia,High income,SWE,7.395,83.0585365853659,54304.1877501033,95.00970335,88.4038576504809,46.4183381088825,7.417,10.486941
Norway,2022,Europe,Europe & Central Asia,High income,NOR,7.315,82.509756097561,83756.7383805061,98.99997764,82.9563661816034,44.9704142011834,3.231,5.457127
Switzerland,2022,Europe,Europe & Central Asia,High income,CHE,7.24,83.6048780487805,93360.440112464,96.45279694,84.9206266284521,41.5,4.122,8.7770879999999991
Luxembourg,2022,Europe,Europe & Central Asia,High income,LUX,7.228,82.9463414634147,107467.123965307,98.24203749,94.7605400940185,33.3333333333333,4.588,0.653103
New Zealand,2022,Oceania,East Asia & Pacific,High income,NZL,7.123,81.9585365853658,42716.0866783034,93.07289886,83.8547305017812,50.4201680672269,3.299,5.0817
Austria,2022,Europe,Europe & Central Asia,High income,AUT,7.097,81.2951219512195,47332.4240357971,93.61409139,68.998085127906,40.9836065573771,4.992,9.041851
Australia,2022,Oceania,East Asia & Pacific,High income,AUS,7.095,83.2,61200.4588964781,96.11940002,87.3343268253813,38.4105960264901,3.728,26.018721
Canada,2022,Americas,North America,High income,CAN,6.961,81.0948780487805,45883.0058941892,94,82.350089735396807,30.4733727810651,5.279,38.950132
Ireland,2022,Europe,Europe & Central Asia,High income,IRL,6.911,82.509756097561,97793.5366671697,95.03690338,63.8920250215059,23.125,4.465,5.212836
United States,2022,Americas,North America,High income,USA,6.894,77.4341463414634,64322.2332819139,92.72850037,80.0324978239707,28.7037037037037,3.65,333.996304
Germany,2022,Europe,Europe & Central Asia,High income,DEU,6.892,80.6080487804878,44817.1316331389,91.62984383,81.7867852780995,34.9184782608696,3.137,83.177813
Belgium,2022,Europe,Europe & Central Asia,High income,BEL,6.859,81.7487804878049,44516.002160801,94.00783071,87.489200269855,42.6666666666667,5.57,11.68021
Czechia,2022,Europe,Europe & Central Asia,High income,CZE,6.845,78.9292682926829,20627.348651011,84.54009378,72.6967638379524,25.5,2.224,10.672118
United Kingdom,2022,Europe,Europe & Central Asia,High income,GBR,6.796,81.0112195121951,48410.095170282,95.46530151,83.0753982997505,34.5679012345679,3.768,67.636
Lithuania,2022,Europe,Europe & Central Asia,High income,LTU,6.763,75.6439024390244,18873.8427527274,87.72420219,68.2866452426813,28.3687943262411,5.955,2.831639
France,2022,Europe,Europe & Central Asia,High income,FRA,6.661,82.1292682926829,38868.3303330557,85.33331734,78.7591921123356,37.261698440208,7.303,68.184457
Slovenia,2022,Europe,Europe & Central Asia,High income,SVN,6.65,81.2829268292683,25275.715967757,88.91248552,55.3377817873563,40,4.011,2.112076
Costa Rica,2022,Americas,Latin America & Caribbean,High income,CRI,6.609,79.316,13931.8461614764,82.59801121,78.4405687613972,47.3684210526316,11.325,5.081765
Romania,2022,Europe,Europe & Central Asia,High income,ROU,6.589,75.1536585365854,12076.3033811896,85.50309124,52.1634832477272,19.0909090909091,5.614,19.048502
Singapore,2022,Asia,East Asia & Pacific,High income,SGP,6.587,82.8951219512195,68271.0897525302,95.95386476,100,29.126213592233,3.591,5.637022
United Arab Emirates,2022,Asia,"Middle East, North Africa, Afghanistan & Pakistan",High income,ARE,6.571,80.487,41828.5686923546,100,85.5147347682487,50,2.872,10.074977
Uruguay,2022,Americas,Latin America & Caribbean,High income,URY,6.494,76.468,18249.2912168828,89.87304314,95.4977416992188,25.2525252525253,7.877,3.390913
Slovakia,2022,Europe,Europe & Central Asia,High income,SVK,6.469,76.9658536585366,18964.8298400624,89.06766196,53.1902831072528,21.3333333333333,6.143,5.431752
Saudi Arabia,2022,Asia,"Middle East, North Africa, Afghanistan & Pakistan",High income,SAU,6.463,77.31,26706.917926066,100,84.1349430023993,19.8675496688742,5.589,32.175224
Estonia,2022,Europe,Europe & Central Asia,High income,EST,6.455,77.8439024390244,21023.2994937246,91.52016546,70.4892333736738,25.7425742574257,5.571,1.34884
Spain,2022,Europe,Europe & Central Asia,High income,ESP,6.436,83.1341463414634,28203.1093419474,94.4855432,79.9548794567814,42.9799426934097,13.033,47.786102
Italy,2022,Europe,Europe & Central Asia,High income,ITA,6.405,82.7,33891.8866526216,85.06074504,69.4839779766539,32.25,8.069,59.013667
Kosovo,2022,Europe,Europe & Central Asia,Upper middle income,XKX,6.368,77.623,4666.38918595784,NA,47.8001996538455,NA,NA,1.768096
Chile,2022,Americas,Latin America & Caribbean,High income,CHL,6.334,79.176,14275.4094646211,92.31819916,88.6395352768685,35.4838709677419,8.249,19.553036
Mexico,2022,Americas,Latin America & Caribbean,Upper middle income,MEX,6.33,73.973,10013.2479227064,78.63217894,79.199683215791,50,3.256,128.613117
Malta,2022,Europe,"Middle East, North Africa, Afghanistan & Pakistan",High income,MLT,6.3,82.2975609756098,31447.3917315418,91.54062209,95.6003155132879,27.8481012658228,3.471,0.531113
Panama,2022,Americas,Latin America & Caribbean,High income,PAN,6.265,79.324,15956.0671087873,67.2838974,65.8211343914956,22.5352112676056,8.086,4.400773
Poland,2022,Europe,Europe & Central Asia,High income,POL,6.26,77.1560975609756,17303.64494323,86.94113479,59.8315488048321,28.2608695652174,2.811,36.821749
Nicaragua,2022,Americas,Latin America & Caribbean,Lower middle income,NIC,6.259,74.463,2175.73845893874,59.38000107,58.9954376220703,51.6483516483517,4.969,6.730654
Latvia,2022,Europe,Europe & Central Asia,High income,LVA,6.213,74.2780487804878,16421.3748596,91.03009059,68.2570218109034,30,6.815,1.879383
Bahrain,2022,Asia,"Middle East, North Africa, Afghanistan & Pakistan",High income,BHR,6.173,80.992,25234.40256182,100,100,20,1.265,1.524693
Guatemala,2022,Americas,Latin America & Caribbean,Upper middle income,GTM,6.15,71.206,4383.90326160481,54.40430069,55.2581228215265,19.375,3.051,17.847877
Kazakhstan,2022,Asia,Europe & Central Asia,Upper middle income,KAZ,6.144,73.503,11058.3482413407,92.29685266,61.444157327248,27.3584905660377,4.86,20.034609
Serbia,2022,Europe,Europe & Central Asia,Upper middle income,SRB,6.144,75.2365853658537,7862.95387364846,83.53825397,61.9013813540396,36.5546218487395,8.439,6.664449
Cyprus,2022,Asia,Europe & Central Asia,High income,CYP,6.13,80.434,31505.2109375,89.60099194,66.6694829407584,14.2857142857143,6.806,1.33137
Japan,2022,Asia,East Asia & Pacific,High income,JPN,6.129,83.9963414634146,37448.3504824849,84.92343147,91.9776532428406,9.91379310344828,2.614,125.124989
Croatia,2022,Europe,Europe & Central Asia,High income,HRV,6.125,77.5756097560976,16618.3333786183,82.07155532,56.9977571733605,31.7880794701987,6.811,3.855641
Brazil,2022,Americas,Latin America & Caribbean,Upper middle income,BRA,6.125,74.872,9032.08481566299,80.52775094,87.349556243881,17.7387914230019,9.231,210.306415
El Salvador,2022,Americas,Latin America & Caribbean,Upper middle income,SLV,6.122,71.969,4355.96037108555,60.05609894,74.1465021298679,27.3809523809524,2.999,6.280319
Hungary,2022,Europe,Europe & Central Asia,High income,HUN,6.041,75.8682926829268,16487.7973935944,89.14282688,70.1585064243445,14.070351758794,3.583,9.605074
Argentina,2022,Americas,Latin America & Caribbean,Upper middle income,ARG,6.024,75.806,13276.8232110189,88.37535691,92.112838186126,44.7470817120623,6.805,45.407904
Honduras,2022,Americas,Latin America & Caribbean,Lower middle income,HND,6.023,72.715,2482.22384904714,56.88069916,57.8364689017254,27.34375,8.774,10.463872
Uzbekistan,2022,Asia,Europe & Central Asia,Lower middle income,UZB,6.014,72.147,4109.08421031655,83.90000012,50.9847412109375,33.3333333333333,4.456,34.938955
Malaysia,2022,Asia,East Asia & Pacific,Upper middle income,MYS,6.012,75.444,11191.6511756943,97.3986404,75.9741357073003,13.5746606334842,3.93,34.695493
Portugal,2022,Europe,Europe & Central Asia,High income,PRT,5.968,81.6317073170732,22042.8680283647,84.49690644,61.1259255772782,36.9565217391304,6.138,10.434332
Republic of Korea,2022,Asia,East Asia & Pacific,High income,KOR,5.951,82.6804878048781,35809.0138105144,97.16855335,81.1624941626873,18.6440677966102,2.857,51.672569
Greece,2022,Europe,Europe & Central Asia,High income,GRC,5.931,80.7878048780488,20550.5049158297,83.17066333,78.5502190980809,21,12.426,10.437805000000001
Mauritius,2022,Africa,Sub-Saharan Africa,Upper middle income,MUS,5.902,73.5146341463415,10703.2364271462,75.5,39.0000125885784,20,6.322,1.262523
Thailand,2022,Asia,East Asia & Pacific,Upper middle income,THA,5.843,75.291,6279.82250415973,87.97724503,59.742374420166,15.7464212678937,0.94,71.735329
Mongolia,2022,Asia,East Asia & Pacific,Upper middle income,MNG,5.84,71.9007317073171,4205.88554513551,81.07720184,69.783805847168,17.1052631578947,5.954,3.433748
Kyrgyzstan,2022,Asia,Europe & Central Asia,Lower middle income,KGZ,5.825,72.0487804878049,1212.17812721768,84.1937027,34.7003053497743,20.4545454545455,4.767,6.97522
Republic of Moldova,2022,Europe,Europe & Central Asia,Upper middle income,MDA,5.819,71.546,3610.14315344719,74.91899872,42.4048843383789,40.5940594059406,0.909,2.528654
China,2022,Asia,East Asia & Pacific,Upper middle income,CHN,5.818,78.202,11830.298767861,75.61131603,65.2176361083984,24.9411764705882,4.98,1412.175
Viet Nam,2022,Asia,East Asia & Pacific,Upper middle income,VNM,5.763,74.502,3617.66311280437,78.58999918,37.5478515625,30.2605210420842,1.57,99.680655
Paraguay,2022,Americas,Latin America & Caribbean,Upper middle income,PRY,5.738,72.319,6204.20811531911,76.25916611,68.6396537819458,17.5,6.755,6.760464
Montenegro,2022,Europe,Europe & Central Asia,Upper middle income,MNE,5.722,76.1878048780488,7773.59958791074,88.22192026,65.4012965440866,27.1604938271605,14.851,0.623591
Jamaica,2022,Americas,Latin America & Caribbean,Upper middle income,JAM,5.703,71.481,5965.46127464873,85.84329987,57.9879906034775,28.5714285714286,4.083,2.839144
Bolivia,2022,Americas,Latin America & Caribbean,Lower middle income,BOL,5.684,67.434,3088.24126173436,72.62270355,70.6352598708131,46.1538461538462,3.552,12.077154
Russian Federation,2022,Europe,Europe & Central Asia,High income,RUS,5.661,72.5456097560976,10119.115234375,90.41799163,74.8544893625017,16.2222222222222,3.867,144.236933
Bosnia and Herzegovina,2022,Europe,Europe & Central Asia,Upper middle income,BIH,5.633,76.777,6327.16206849174,78.8455371,51.0215287060993,16.6666666666667,12.657,3.204802
Colombia,2022,Americas,Latin America & Caribbean,Upper middle income,COL,5.63,76.508,6856.72590505374,72.79637855,78.0464633137335,28.8770053475936,10.541,51.737944
Dominican Republic,2022,Americas,Latin America & Caribbean,Upper middle income,DOM,5.569,74.211,8698.13592094395,81.51269675,72.4203155643711,27.8947368421053,5.504,11.230734
Ecuador,2022,Americas,Latin America & Caribbean,Upper middle income,ECU,5.559,76.577,6107.49495006543,69.71811356,63.0901835932266,38.6861313868613,3.713,17.823897
Peru,2022,Americas,Latin America & Caribbean,Upper middle income,PER,5.526,76.834,6671.28902042137,74.67495213,84.3663554951194,40,4.291,33.475438
Philippines,2022,Asia,East Asia & Pacific,Upper middle income,PHL,5.523,69.472,3577.70136573244,75.21114422,54.7902343568327,27.3311897106109,2.598,113.964338
Bulgaria,2022,Europe,Europe & Central Asia,High income,BGR,5.466,74.1609756097561,9598.35828571579,79.12686326,73.4799164005224,24.1666666666667,4.148,6.465097
Nepal,2022,Asia,South Asia,Lower middle income,NPL,5.36,70.087,1113.55462341223,45.45080185,66.2992968721053,33.0909090909091,10.661,29.715436
Armenia,2022,Asia,Europe & Central Asia,Upper middle income,ARM,5.342,74.7658536585366,4791.00481712183,77.02767465,65.5624462874485,35.5140186915888,13.451,2.9692
Tajikistan,2022,Asia,Europe & Central Asia,Lower middle income,TJK,5.33,71.562,1325.75545290849,48.91429901,26.1957126615618,26.984126984127,7.051,10.182222
Algeria,2022,Africa,"Middle East, North Africa, Afghanistan & Pakistan",Upper middle income,DZA,5.329,76.129,4544.46688060372,74.78150177,74.1795862354514,8.10810810810811,12.382,45.477389
Hong Kong SAR of China,2022,Asia,East Asia & Pacific,High income,HKG,5.308,83.6609756097561,43281.0067309646,95.61357052,100,NA,4.318,7.3461
Albania,2022,Europe,Europe & Central Asia,Upper middle income,ALB,5.277,78.769,5867.65096230557,82.61367544,57.8643477747383,35.7142857142857,10.785,2.451636
Indonesia,2022,Asia,East Asia & Pacific,Upper middle income,IDN,5.277,70.925,4024.91225288391,66.48461277,57.4934704226599,21.9130434782609,3.462,278.830529
South Africa,2022,Africa,Sub-Saharan Africa,Upper middle income,ZAF,5.275,65.454,5786.86505344736,78.29319763,63.4766699210327,46.5,33.268,62.37841
Congo,2022,Africa,Sub-Saharan Africa,Lower middle income,COG,5.267,65,1686.00234391385,40.98669815,63.6422003342807,14.5695364238411,20.131,6.035104
North Macedonia,2022,Europe,Europe & Central Asia,Upper middle income,MKD,5.254,74.4248780487805,6250.62720952063,83.85030365,61.9530566607267,41.6666666666667,14.476,1.831712
Venezuela,2022,Americas,Latin America & Caribbean,Lower middle income,VEN,5.211,72.566,1376.93801227125,75.82180023,89.2132204732836,NA,5.646,28.213017
Lao PDR,2022,Asia,East Asia & Pacific,Lower middle income,LAO,5.111,68.715,2589.05015191628,64.54000092,38.0682382805397,21.9512195121951,1.209,7.559007
Georgia,2022,Asia,Europe & Central Asia,Upper middle income,GEO,5.109,74.141,5736.30449578597,78.71127536,60.0101622679115,19.047619047619,11.621,3.712502
Guinea,2022,Africa,Sub-Saharan Africa,Lower middle income,GIN,5.072,60.432,987.502501465337,31.31399918,37.2384967469106,29.6296296296296,5.174,14.055137
Ukraine,2022,Europe,Europe & Central Asia,Upper middle income,UKR,5.071,72.658,1874.66296386719,80.47429657,69.42345912103,20.3309692671395,NA,41.048766
Côte d’Ivoire,2022,Africa,Sub-Saharan Africa,Lower middle income,CIV,5.053,61.562,2227.08197820584,38.41328122,52.8492549676673,14.1732283464567,2.31,30.395002
Gabon,2022,Africa,Sub-Saharan Africa,Upper middle income,GAB,5.035,67.713,6527.48207901861,67.67169952,91.2243355459988,15.3846153846154,20.319,2.430747
Nigeria,2022,Africa,Sub-Saharan Africa,Lower middle income,NGA,4.981,54.079,2254.29080414598,39.14720154,61.3727650622225,3.61111111111111,3.827,223.150896
Cameroon,2022,Africa,Sub-Saharan Africa,Lower middle income,CMR,4.973,62.443,1458.66180431693,40.12559891,54.8458745688318,33.8888888888889,3.646,27.632771
Mozambique,2022,Africa,Sub-Saharan Africa,Low income,MOZ,4.954,63.011,596.086630918965,18.96220016,35.0536638047945,42.4,6.789,32.656246
Iraq,2022,Asia,"Middle East, North Africa, Afghanistan & Pakistan",Upper middle income,IRQ,4.941,72.037,4412.99733146512,78.71560926,69.8682861328125,28.8753799392097,15.41,44.070551
State of Palestine,2022,Asia,"Middle East, North Africa, Afghanistan & Pakistan",Lower middle income,PSE,4.908,76.662,3099.9609010368,88.64690554,86.5961423216016,NA,24.42,5.043612
Morocco,2022,Africa,"Middle East, North Africa, Afghanistan & Pakistan",Lower middle income,MAR,4.903,75.161,3334.91162109375,89.9,62.5118468550703,24.0506329113924,9.413,37.329064
Iran,2022,Asia,"Middle East, North Africa, Afghanistan & Pakistan",Upper middle income,IRN,4.876,76.799,5465.31447539413,81.71649933,76.3342208862305,5.59440559440559,9.085,89.524246
Senegal,2022,Africa,Sub-Saharan Africa,Lower middle income,SEN,4.855,67.788,1433.19918752288,56.82830048,53.4435061024348,44.2424242424242,2.837,17.651103
Mauritania,2022,Africa,Sub-Saharan Africa,Lower middle income,MRT,4.724,68.281,1580.70391528747,42.46450043,58.8120996197226,20.2614379084967,10.52,4.875637
Burkina Faso,2022,Africa,Sub-Saharan Africa,Low income,BFA,4.638,60.7,740.306319930259,25.3987999,27.2791369742712,16.9014084507042,3.828,22.509038
Namibia,2022,Africa,Sub-Saharan Africa,Lower middle income,NAM,4.631,64.19,3905.55135268164,62.99720001,49.5291037671807,44.2307692307692,19.615,2.889662
Türkiye,2022,Asia,Europe & Central Asia,Upper middle income,TUR,4.614,77.591,14273.5747654873,83.43716576,89.0381164550781,17.3539518900344,10.465,84.979913
Ghana,2022,Africa,Sub-Saharan Africa,Lower middle income,GHA,4.605,65.246,2067.20895855521,69.91329956,57.250609602871,14.5454545454545,2.87,33.149152
Pakistan,2022,Asia,"Middle East, North Africa, Afghanistan & Pakistan",Lower middle income,PAK,4.555,67.417,1642.28066974826,NA,38.3740439760816,20.4678362573099,5.291,243.700667
Niger,2022,Africa,Sub-Saharan Africa,Low income,NER,4.501,60.398,565.873385794358,13.087499619999999,17.477207007512,25.9036144578313,0.403,25.311973
Tunisia,2022,Africa,"Middle East, North Africa, Afghanistan & Pakistan",Lower middle income,TUN,4.497,76.05,3986.54558325666,NA,69.707138648303,26.2672811059908,15.3,12.119334
Kenya,2022,Africa,Sub-Saharan Africa,Lower middle income,KEN,4.487,63.549,1747.53198804428,29.40589905,31.4307820066946,23.4285714285714,5.565,54.252461
Sri Lanka,2022,Asia,South Asia,Upper middle income,LKA,4.442,77.3,4033.14560306744,48.3,19.9877933196367,5.33333333333333,4.528,22.181
Uganda,2022,Africa,Sub-Saharan Africa,Low income,UGA,4.432,67.675,933.094056370423,9.636899948,29.9251969709665,33.8129496402878,2.885,47.312719
Chad,2022,Africa,Sub-Saharan Africa,Low income,TCD,4.397,54.528,862.602128172536,11.17029953,25.7635558629694,25.8883248730964,1.081,18.455316
Cambodia,2022,Asia,East Asia & Pacific,Lower middle income,KHM,4.393,70.528,2011.27433313262,65.49079895,40.374616187368,20.8,0.245,17.201724
Benin,2022,Africa,Sub-Saharan Africa,Lower middle income,BEN,4.374,60.475,1218.49668929091,30.53730011,50.9627000010887,7.40740740740741,1.685,13.759501
Myanmar,2022,Asia,East Asia & Pacific,Lower middle income,MMR,4.372,66.506,1174.76697945755,NA,30.311095757938,NA,3.063,53.756787
Bangladesh,2022,Asia,South Asia,Lower middle income,BGD,4.282,74.265,1804.3493461776,41.61650085,31.673734726234,20.8571428571429,4.593,169.384897
Gambia,2022,Africa,Sub-Saharan Africa,Low income,GMB,4.279,64.859,710.686979216316,48.22539902,63.2869880996278,8.62068965517241,6.067,2.63647
Mali,2022,Africa,Sub-Saharan Africa,Low income,MLI,4.198,60.035,877.817842434642,35.19919968,30.4015705681899,28.5714285714286,2.387,23.07264
Egypt,2022,Africa,"Middle East, North Africa, Afghanistan & Pakistan",Lower middle income,EGY,4.17,71.01,4029.78295458204,72.19806556,42.6325129008032,27.580372250423,6.546,112.61825
Togo,2022,Africa,Sub-Saharan Africa,Lower middle income,TGO,4.137,62.292,970.535975822983,35.60749817,42.7332327975627,18.6813186813187,1.965,8.068616
Jordan,2022,Asia,"Middle East, North Africa, Afghanistan & Pakistan",Upper middle income,JOR,4.12,77.088,4309.61432856804,90.4999984,92.4048379066163,12.3076923076923,18.2,11.256263
Ethiopia,2022,Africa,Sub-Saharan Africa,Low income,ETH,4.091,66.897,811.177729337321,17.9836998,22.7367687225342,41.4893617021277,3.386,125.384287
Liberia,2022,Africa,Sub-Saharan Africa,Low income,LBR,4.042,61.934,638.005183858289,30.38010025,54.4591057083,10.958904109589,2.956,5.373294
India,2022,Asia,South Asia,Lower middle income,IND,4.036,71.698,2098.21124476122,55.9,34.7555673994206,14.9446494464945,4.822,1425.423212
Madagascar,2022,Africa,Sub-Saharan Africa,Low income,MDG,4.019,63.068,438.438112102315,17.81170082,31.5397813465886,18.5430463576159,3.186,30.437261
Zambia,2022,Africa,Sub-Saharan Africa,Lower middle income,ZMB,3.982,65.279,1298.8480495593,15,44.5988511178469,15.0602409638554,5.993,20.152938
Tanzania,2022,Africa,Sub-Saharan Africa,Lower middle income,TZA,3.694,66.879,1070.58532714844,26.86059952,34.8234736377147,36.8556701030928,1.573,64.711821
Comoros,2022,Africa,Sub-Saharan Africa,Lower middle income,COM,3.545,66.481,1366.9513495529,31.37409973,32.7746035528748,16.6666666666667,3.879,0.834188
Malawi,2022,Africa,Sub-Saharan Africa,Low income,MWI,3.495,66.037,560.635759714941,16.84830093,16.7146031979436,22.9166666666667,5.02,20.568728
Botswana,2022,Africa,Sub-Saharan Africa,Upper middle income,BWA,3.435,68.749,7159.5860618268,57.9,66.5889787170477,11.1111111111111,23.615,2.439892
DR Congo,2022,Africa,Sub-Saharan Africa,Low income,COD,3.207,60.979,513.512704372167,17.99620056,44.003287663813,12.8,4.54,102.396968
Zimbabwe,2022,Africa,Sub-Saharan Africa,Lower middle income,ZWE,3.204,62.36,1369.19761495571,36.25650024,38.7055207169041,30.5660377358491,10.087,16.069056
Sierra Leone,2022,Africa,Sub-Saharan Africa,Low income,SLE,3.138,61.275,1077.08884538507,21.50880051,44.2666343543487,12.3287671232877,3.137,8.276807
Lebanon,2022,Asia,"Middle East, North Africa, Afghanistan & Pakistan",Lower middle income,LBN,2.392,78.003,5909.03651555028,81.46479797,90.206313713022,6.25,11.105,5.744489
Afghanistan,2022,Asia,"Middle East, North Africa, Afghanistan & Pakistan",Low income,AFG,1.859,65.617,377.665627080705,15.86629963,25.3939250580909,NA,14.1,40.578842
Finland,2021,Europe,Europe & Central Asia,High income,FIN,7.821,81.8853658536585,45792.0454180872,92.80806082,73.3710215780329,46,7.617,5.541017
Denmark,2021,Europe,Europe & Central Asia,High income,DNK,7.636,81.4048780487805,59312.815804377104,98.8658506,88.2616449318149,39.6648044692737,5.065,5.856733
Iceland,2021,Europe,Europe & Central Asia,High income,ISL,7.557,83.1658536585366,54285.0209203242,99.68701957,94.2108206403841,47.6190476190476,6.029,0.37252
Switzerland,2021,Europe,Europe & Central Asia,High income,CHE,7.512,83.7512195121951,90924.9256769825,95.56937154,84.2006477608879,42.5,5.013,8.704546
Netherlands,2021,Europe,Europe & Central Asia,High income,NLD,7.415,81.309756097561,49780.8328352542,92.05298013,94.6294783220315,39.3333333333333,4.209,17.533044
Luxembourg,2021,Europe,Europe & Central Asia,High income,LUX,7.404,82.5975609756098,110873.115269021,98.66086333,94.5861743396533,35,5.571,0.640064
Sweden,2021,Europe,Europe & Central Asia,High income,SWE,7.384,83.0560975609756,53997.1337068799,94.6703163,88.1741651958315,46.9914040114613,8.803,10.415811
Norway,2021,Europe,Europe & Central Asia,High income,NOR,7.365,83.1634146341463,81199.3391492139,99.0000036,82.8612877226956,44.9704142011834,4.359,5.40832
Israel,2021,Asia,"Middle East, North Africa, Afghanistan & Pakistan",High income,ISR,7.364,82.5,40788.2391785198,90.29689758,91.5353517549466,28.3333333333333,4.812,9.3714
New Zealand,2021,Oceania,East Asia & Pacific,High income,NZL,7.2,82.2073170731707,41309.8198451344,91.99060059,83.8299382585905,49.1666666666667,3.776,5.0846
Austria,2021,Europe,Europe & Central Asia,High income,AUT,7.163,81.190243902439,45368.6434337368,92.52915104,68.773601700253,40.4371584699454,6.459,8.955797
Australia,2021,Oceania,East Asia & Pacific,High income,AUS,7.162,83.3,59465.535671364,96.97219849,87.2353407632761,31.1258278145695,5.022,25.685412
Ireland,2021,Europe,Europe & Central Asia,High income,IRL,7.041,82.2536585365854,92781.2322150786,93.50610352,63.6774229356985,22.5,6.357,5.110585
Germany,2021,Europe,Europe & Central Asia,High income,DEU,7.034,80.790243902439,44011.0194631674,91.43060973,81.6325870653934,34.9184782608696,3.594,83.196078
Canada,2021,Americas,North America,High income,CAN,7.025,81.4514634146342,44639.2381171993,93.93710327,82.1779279079275,30.4733727810651,7.527,38.239864
United States,2021,Americas,North America,High income,USA,6.977,76.3292682926829,63096.7856149746,91.2684021,80.0074765140272,27.6497695852535,5.349,332.100166
United Kingdom,2021,Europe,Europe & Central Asia,High income,GBR,6.943,80.6473170731707,46491.5068836685,96.19650269,82.9886431523641,34.2592592592593,4.864,66.978
Czechia,2021,Europe,Europe & Central Asia,High income,CZE,6.92,77.2219512195122,20373.8783043424,82.67062427,72.6810594374316,25,2.803,10.505772
Belgium,2021,Europe,Europe & Central Asia,High income,BEL,6.805,81.790243902439,43140.9676652971,92.78867618,87.4305564090635,42,6.248,11.586195
France,2021,Europe,Europe & Central Asia,High income,FRA,6.687,82.3243902439024,38030.8571685178,86.09548575,78.7364603392338,39.5147313691508,7.871,67.842811
Bahrain,2021,Asia,"Middle East, North Africa, Afghanistan & Pakistan",High income,BHR,6.647,78.083,24086.7847803428,100,100,15,1.548,1.504365
Slovenia,2021,Europe,Europe & Central Asia,High income,SVN,6.63,80.6756097560976,24665.4410464026,89.00399524,55.3046289429588,26.6666666666667,4.744,2.108079
Costa Rica,2021,Americas,Latin America & Caribbean,High income,CRI,6.582,78.05,13267.2549508035,82.74901607,77.9868940200009,45.6140350877193,15.139,5.059988
United Arab Emirates,2021,Asia,"Middle East, North Africa, Afghanistan & Pakistan",High income,ARE,6.576,79.083,40935.8915482084,100,85.3571908511355,50,3.105,9.575152
Saudi Arabia,2021,Asia,"Middle East, North Africa, Afghanistan & Pakistan",High income,SAU,6.523,77.089,24922.6716948944,100,83.9716349986538,19.8675496688742,6.621,30.784383
Singapore,2021,Asia,East Asia & Pacific,High income,SGP,6.48,83.0926829268293,67846.8565377728,96.92468156,100,29.8076923076923,4.64,5.453566
Romania,2021,Europe,Europe & Central Asia,High income,ROU,6.477,72.809756097561,11546.3224998072,83.5904265,52.2321512130811,18.5410334346505,5.59,19.122059
Spain,2021,Europe,Europe & Central Asia,High income,ESP,6.476,83.1780487804878,26705.3629138959,93.89752157,79.7846242983598,43.4285714285714,14.914,47.443821
Uruguay,2021,Americas,Latin America & Caribbean,High income,URY,6.474,75.434,17416.0052308469,87.64440155,95.4497146606445,24.2424242424242,9.328,3.396695
Italy,2021,Europe,Europe & Central Asia,High income,ITA,6.467,82.6463414634146,32267.7091050201,74.8623274,69.4812507629394,35.7142857142857,9.497,59.133173
Kosovo,2021,Europe,Europe & Central Asia,Upper middle income,XKX,6.455,74.981,4429.87389440857,NA,46.4995789423362,NA,NA,1.786079
Malta,2021,Europe,"Middle East, North Africa, Afghanistan & Pakistan",High income,MLT,6.447,82.2585365853659,31419.5031714693,87.46977742,95.5145343617045,13.4328358208955,3.754,0.51815
Lithuania,2021,Europe,Europe & Central Asia,High income,LTU,6.446,74.0365853658537,18572.2895051093,86.93054425,68.1912117004395,27.6595744680851,7.112,2.80838
Slovakia,2021,Europe,Europe & Central Asia,High income,SVK,6.391,74.6146341463415,18808.4540496595,88.92560523,53.1901479870605,22.6666666666667,6.894,5.447247
Estonia,2021,Europe,Europe & Central Asia,High income,EST,6.341,76.9439024390244,21570.6658455268,90.97970174,70.1777274135822,25.7425742574257,6.178,1.330932
Panama,2021,Americas,Latin America & Caribbean,High income,PAN,6.309,77.004,14552.9345271768,66.04270172,65.8092302689169,22.5352112676056,10.177,4.345405
Brazil,2021,Americas,Latin America & Caribbean,Upper middle income,BRA,6.293,73.038,8799.22945810901,80.68989314,87.1360781715439,15.2046783625731,13.158,209.550294
Guatemala,2021,Americas,Latin America & Caribbean,Upper middle income,GTM,6.262,67.858,4268.62864461492,50.84164945,54.9047071553758,19.375,2.174,17.59865
Kazakhstan,2021,Asia,Europe & Central Asia,Upper middle income,KAZ,6.234,70.131,10873.3915275276,90.9239507,61.030254280267,27.1028037383178,5.568,19.743603
Cyprus,2021,Asia,Europe & Central Asia,High income,CYP,6.221,80.573,29517.05859375,90.75951564,66.6718365394971,14.2857142857143,7.513,1.317309
Latvia,2021,Europe,Europe & Central Asia,High income,LVA,6.18,72.9804878048781,16070.1680032322,91.17964988,68.1808791463693,29,7.513,1.88449
Serbia,2021,Europe,Europe & Central Asia,Upper middle income,SRB,6.178,72.780487804878,7465.67601077148,81.16588116,61.363899230957,39.2,9.843,6.834326
Chile,2021,Americas,Latin America & Caribbean,High income,CHL,6.172,78.876,14056.251601955,90.23280334,88.4660511664452,35.4838709677419,9.281,19.456334
Nicaragua,2021,Americas,Latin America & Caribbean,Lower middle income,NIC,6.165,70.478,2128.30880041334,51.62039948,58.8592529296875,50.5494505494505,6.076,6.644741
Mexico,2021,Americas,Latin America & Caribbean,Upper middle income,MEX,6.128,69.75,9728.05680024504,75.62650476,78.9324007418057,50,4.019,127.648148
Croatia,2021,Europe,Europe & Central Asia,High income,HRV,6.125,76.4243902439025,15395.2861605128,81.25396608,56.7683502560171,31.1258278145695,7.483,3.878981
Poland,2021,Europe,Europe & Central Asia,High income,POL,6.123,75.3512195121951,16368.6239689025,85.37490906,59.8096513205543,28.322440087146,3.268,36.981559
El Salvador,2021,Americas,Latin America & Caribbean,Upper middle income,SLV,6.12,69.941,4247.54750394978,57.26380157,73.6838531494141,27.3809523809524,4.327,6.255782
Kuwait,2021,Asia,"Middle East, North Africa, Afghanistan & Pakistan",High income,KWT,6.106,78.7365853658537,26203.2617257856,99.7,100,1.53846153846154,2.97,4.360865
Hungary,2021,Europe,Europe & Central Asia,High income,HUN,6.086,74.0658536585366,15787.9535427563,88.64083466,70.2059275331413,13.0653266331658,4.021,9.630932
Mauritius,2021,Africa,Sub-Saharan Africa,Upper middle income,MUS,6.071,73.680243902439,9849.34891121846,71.59999847,39.077147315722,20,7.719,1.266334
Uzbekistan,2021,Asia,Europe & Central Asia,Lower middle income,UZB,6.063,71.681,3951.99657327359,76.59043014,50.9269905090332,32.6530612244898,5.364,34.243696
Japan,2021,Asia,East Asia & Pacific,High income,JPN,6.039,84.4456097560976,36792.556429474,82.91407928,91.8741049279527,9.67741935483871,2.808,125.681593
Honduras,2021,Americas,Latin America & Caribbean,Lower middle income,HND,6.022,69.492,2423.76634916911,51.95159912,57.3550236357547,27.34375,8.506,10.289877
Portugal,2021,Europe,Europe & Central Asia,High income,PRT,6.016,81.3780487804878,20747.6990734163,82.30902804,61.0951249296597,40,6.712,10.361831
Argentina,2021,Americas,Latin America & Caribbean,Upper middle income,ARG,5.967,73.948,12549.2811699342,87.15070683,92.0292776175651,44.7470817120623,8.736,45.312281
Greece,2021,Europe,Europe & Central Asia,High income,GRC,5.948,80.0829268292683,19231.2888803517,78.49426371,78.3884898647442,21.6666666666667,14.656,10.57013
Republic of Korea,2021,Asia,East Asia & Pacific,High income,KOR,5.935,83.5268292682927,34792.9397214598,97.57132698,81.1616526507785,19,3.639,51.769539
Philippines,2021,Asia,East Asia & Pacific,Upper middle income,PHL,5.904,66.675,3350.97587587776,66.90779877,54.4504102510776,27.9605263157895,3.398,113.10095
Thailand,2021,Asia,East Asia & Pacific,Upper middle income,THA,5.891,77.606,6119.11018526099,85.26956666,58.5087776184082,15.7464212678937,1.215,71.727332
Republic of Moldova,2021,Europe,Europe & Central Asia,Upper middle income,MDA,5.857,68.991,3688.16729442144,74.91899872,41.8115425109863,39.6039603960396,0.794,2.595809
Jamaica,2021,Americas,Latin America & Caribbean,Upper middle income,JAM,5.85,69.085,5607.45378253877,82.36071561,57.5411017937226,28.5714285714286,5.188,2.837682
Kyrgyzstan,2021,Asia,Europe & Central Asia,Lower middle income,KGZ,5.828,71.9,1132.5546781282,77.11769867,34.7521210171204,20.4545454545455,5.149,6.851224
Belarus,2021,Europe,Europe & Central Asia,Upper middle income,BLR,5.821,72.0714634146342,6457.73053706343,86.88841196,78.131086803694,40,3.9,9.302585
Colombia,2021,Americas,Latin America & Caribbean,Upper middle income,COL,5.781,72.698,6457.16921807086,73.02837449,77.8339570326128,18.8235294117647,13.898,51.188173
Bosnia and Herzegovina,2021,Europe,Europe & Central Asia,Upper middle income,BIH,5.768,74.567,5995.54197590494,75.67620138,50.4899479477034,26.1904761904762,14.897,3.244907
Mongolia,2021,Asia,East Asia & Pacific,Upper middle income,MNG,5.761,71.6451219512195,4063.53669849245,81.60682285,69.2153244018555,17.1052631578947,7.871,3.383741
Dominican Republic,2021,Americas,Latin America & Caribbean,Upper middle income,DOM,5.737,71.757,8344.90510312395,85.24298638,72.9243347395035,27.8947368421053,7.702,11.123476
Malaysia,2021,Asia,East Asia & Pacific,Upper middle income,MYS,5.711,73.917,10388.2667120857,96.7514278,75.5088628191907,14.8648648648649,4.64,34.282399
Bolivia,2021,Americas,Latin America & Caribbean,Lower middle income,BOL,5.6,61.427,3011.55110825301,65.9773785,70.3450412826165,46.1538461538462,5.089,11.93736
China,2021,Asia,East Asia & Pacific,Upper middle income,CHN,5.585,78.117,11469.3174514512,73.05323517,64.721076965332,24.9411764705882,4.55,1412.36
Paraguay,2021,Americas,Latin America & Caribbean,Upper middle income,PRY,5.578,68.108,6276.7748423663,77.01838621,67.3058612772421,16.25,7.311,6.684182
Peru,2021,Americas,Latin America & Caribbean,Upper middle income,PER,5.559,71.596,6550.96747543872,71.10782643,83.9480118272361,40,5.097,33.155882
Montenegro,2021,Europe,Europe & Central Asia,Upper middle income,MNE,5.547,73.8243902439024,7198.3012265441,82.21969752,65.3266031317675,24.6913580246914,16.543,0.625053
Ecuador,2021,Americas,Latin America & Caribbean,Upper middle income,ECU,5.533,72.746,5815.09477390949,69.1147995,63.0871268249117,39.4160583941606,4.504,17.682454
Viet Nam,2021,Asia,East Asia & Pacific,Upper middle income,VNM,5.485,74.145,3358.21734764714,74.20999985,36.6540656426603,30.2605210420842,2.383,98.935098
Turkmenistan,2021,Asia,Europe & Central Asia,Upper middle income,TKM,5.474,69.353,7244.61385880341,NA,47.0581410301711,25,4.458,7.092043
North Cyprus,2021,Asia,Europe & Central Asia,High income,CYP,5.467,80.573,29517.05859375,90.75951564,66.6718365394971,14.2857142857143,7.513,1.317309
Russian Federation,2021,Europe,Europe & Central Asia,High income,RUS,5.459,69.900243902439,10231.318359375,88.21384578,74.7516840220252,16.2222222222222,4.749,144.746762
Hong Kong SAR of China,2021,Asia,East Asia & Pacific,High income,HKG,5.425,85.5326829268293,44530.9213833761,93.08715788,100,NA,5.174,7.4131
Armenia,2021,Asia,Europe & Central Asia,Upper middle income,ARM,5.399,72.2780487804878,4264.79961505187,78.61225758,65.3572875314441,33.6448598130841,15.469,2.9623
Tajikistan,2021,Asia,Europe & Central Asia,Lower middle income,TJK,5.377,69.594,1254.06999592306,36.70560074,26.1991525151375,23.8095238095238,7.687,9.966908
Nepal,2021,Asia,South Asia,Lower middle income,NPL,5.377,68.385,1062.7888430629,40.98910141,66.144235274522,32.7272727272727,12.241,29.47501
Bulgaria,2021,Europe,Europe & Central Asia,High income,BGR,5.371,71.2121951219512,9161.94541759347,75.27144583,73.346765618041,23.75,5.166,6.507301
Libya,2021,Africa,"Middle East, North Africa, Afghanistan & Pakistan",Upper middle income,LBY,5.33,72.062,7731.35448152581,77.438797,87.8365018271835,15.9574468085106,19.779,7.135175
Indonesia,2021,Asia,East Asia & Pacific,Upper middle income,IDN,5.24,67.452,3850.68877253903,62.10447842,56.8761702464027,21.0434782608696,3.827,276.758053
Côte d’Ivoire,2021,Africa,Sub-Saharan Africa,Lower middle income,CIV,5.235,60.29,2146.46047529012,35.95069885,52.3183461956059,14.1732283464567,2.623,29.639736
North Macedonia,2021,Europe,Europe & Central Asia,Upper middle income,MKD,5.199,73.2463414634146,6064.92315120022,81.873703,61.6841975628139,41.6666666666667,15.801,1.837114
Albania,2021,Europe,Europe & Central Asia,Upper middle income,ALB,5.199,76.844,5511.75743402862,79.32371752,57.5077187031778,35.7142857142857,11.474,2.489762
South Africa,2021,Africa,Sub-Saharan Africa,Upper middle income,ZAF,5.194,62.01,5750.90937479584,74.96859741,63.4503925883909,46.5822784810127,34.007,61.502603
Azerbaijan,2021,Asia,Europe & Central Asia,Upper middle income,AZE,5.173,70.999,5349.58226071425,85.99998954,58.3659969744818,18.1818181818182,6.04,10.13775
Gambia,2021,Africa,Sub-Saharan Africa,Low income,GMB,5.164,63.847,689.49323955737,41.67309952,62.7550706637859,8.62068965517241,6.213,2.57601
Bangladesh,2021,Asia,South Asia,Lower middle income,BGD,5.155,71.103,1702.08028414189,38.91744466,31.3992156886061,20.8571428571429,5.457,167.658854
Lao PDR,2021,Asia,East Asia & Pacific,Lower middle income,LAO,5.14,67.807,2556.58912640405,62,37.338778268357,21.9512195121951,2.08,7.453194
Algeria,2021,Africa,"Middle East, North Africa, Afghanistan & Pakistan",Upper middle income,DZA,5.122,75.208,4456.74687637774,72.21240234,73.6199218261573,8.10810810810811,13.656,44.761099
Liberia,2021,Africa,Sub-Saharan Africa,Low income,LBR,5.122,61.166,621.927983063426,26.38229942,53.9224618859098,10.958904109589,3.844,5.259323
Ukraine,2021,Europe,Europe & Central Asia,Upper middle income,UKR,5.084,71.631,2426.6123046875,79.21829353,69.4027032653896,20.8037825059102,9.834,44.29864
Congo,2021,Africa,Sub-Saharan Africa,Lower middle income,COG,5.075,64.192,1701.79060456872,30.02739906,63.6179125824196,11.2582781456954,21.998,5.892183
Morocco,2021,Africa,"Middle East, North Africa, Afghanistan & Pakistan",Lower middle income,MAR,5.06,73.385,3309.130859375,88.13031937,62.3173276600289,22.7848101265823,10.551,36.954442
Mozambique,2021,Africa,Sub-Saharan Africa,Low income,MOZ,5.048,60.268,588.215854695416,16.35759926,34.4499259401554,42.4,5.413,31.7078
Cameroon,2021,Africa,Sub-Saharan Africa,Lower middle income,CMR,5.048,61.146,1443.57600237663,38.89260101,54.5548664463635,33.8888888888889,3.976,26.915758
Senegal,2021,Africa,Sub-Saharan Africa,Lower middle income,SEN,5.046,66.868,1414.53951093499,55.04040146,52.2260292191155,43.030303030303,3.436,17.220867
Niger,2021,Africa,Sub-Saharan Africa,Low income,NER,5.003,59.542,520.912751008043,12.45689964,17.2295936666686,25.9036144578313,0.806,24.50214
Georgia,2021,Asia,Europe & Central Asia,Upper middle income,GEO,4.973,71.635,5175.19865185825,76.4427093,59.4293560618005,19.3333333333333,11.785,3.70861
Gabon,2021,Africa,Sub-Saharan Africa,Upper middle income,GAB,4.958,67.072,6479.0490069252,65.76809692,90.7881967286967,16.1971830985916,21.223,2.376722
Iraq,2021,Asia,"Middle East, North Africa, Afghanistan & Pakistan",Upper middle income,IRQ,4.941,70.704,4182.50064045825,65.00219727,69.8682708740234,28.8753799392097,16.173,43.071211
Venezuela,2021,Americas,Latin America & Caribbean,Lower middle income,VEN,4.925,71.536,1272.94397516527,74.11219788,89.1766444746891,22.1556886227545,7.027,28.237826
Guinea,2021,Africa,Sub-Saharan Africa,Lower middle income,GIN,4.891,59.373,973.646890096159,28.61330032,36.8502178436256,NA,5.815,13.710513
Iran,2021,Asia,"Middle East, North Africa, Afghanistan & Pakistan",Upper middle income,IRN,4.888,73.752,5300.62271961895,78.5957366,75.9926376342773,5.59440559440559,9.282,88.455488
Ghana,2021,Africa,Sub-Saharan Africa,Lower middle income,GHA,4.872,64.286,2030.04866500967,68.6,56.6952556826536,14.5454545454545,3.2,32.518665
Türkiye,2021,Asia,Europe & Central Asia,Upper middle income,TUR,4.744,75.722,13670.938029516,81.40843745,89.1762048153239,17.3333333333333,11.969,84.147318
Burkina Faso,2021,Africa,Sub-Saharan Africa,Low income,BFA,4.67,60.046,745.472563435144,18.1522007,26.8114307743017,6.2992125984252,4.511,21.995243
Cambodia,2021,Asia,East Asia & Pacific,Lower middle income,KHM,4.64,69.301,1938.76436741728,60.76269913,40.1091858128847,21.6,0.396,16.974305
Benin,2021,Africa,Sub-Saharan Africa,Lower middle income,BEN,4.623,59.61,1176.37727637273,28.20470047,50.1961807561354,8.43373493975904,1.833,13.413417
Comoros,2021,Africa,Sub-Saharan Africa,Lower middle income,COM,4.609,65.201,1360.32663361462,30.68120003,32.4124444313246,16.6666666666667,4.394,0.818174
Uganda,2021,Africa,Sub-Saharan Africa,Low income,UGA,4.603,66.45,919.401675217265,10,29.2362957789022,33.8129496402878,3.416,45.91093
Nigeria,2021,Africa,Sub-Saharan Africa,Lower middle income,NGA,4.552,53.455,2206.66406255564,35.50979996,60.5698545383604,3.61111111111111,5.404,218.529286
Kenya,2021,Africa,Sub-Saharan Africa,Lower middle income,KEN,4.543,61.225,1698.89578271444,26.96290016,31.2879334021971,21.6138328530259,5.693,53.219166
Tunisia,2021,Africa,"Middle East, North Africa, Afghanistan & Pakistan",Lower middle income,TUN,4.516,72.893,3902.53322990199,68.31552226,69.3997523770568,26.2672811059908,16.632,12.048622
Pakistan,2021,Asia,"Middle East, North Africa, Afghanistan & Pakistan",Lower middle income,PAK,4.516,65.773,1595.02792175422,NA,37.9333395514173,20.1754385964912,6.338,239.477801
State of Palestine,2021,Asia,"Middle East, North Africa, Afghanistan & Pakistan",Lower middle income,PSE,4.483,73.89,3051.48607007995,NA,86.334956387337,NA,26.39,4.922749
Mali,2021,Africa,Sub-Saharan Africa,Low income,MLI,4.479,59.116,872.332509422409,33.95650101,29.7049638253978,27.2727272727273,4.006,22.38863
Namibia,2021,Africa,Sub-Saharan Africa,Lower middle income,NAM,4.459,60.85,3809.80753359714,60.25999832,49.0571881483796,44.2307692307692,20.931,2.810548
Eswatini,2021,Africa,Sub-Saharan Africa,Lower middle income,SWZ,4.396,58.228,3719.03838239806,53.99530029,25.0156180525173,9.58904109589041,34.153,1.206593
Myanmar,2021,Asia,East Asia & Pacific,Lower middle income,MMR,4.394,65.553,1136.9956605414,NA,30.2368812529698,15.2941176470588,4.34,53.387102
Sri Lanka,2021,Asia,South Asia,Upper middle income,LKA,4.362,76.278,4357.97224978578,44.45308724,19.8266275195269,5.38116591928251,4.981,22.156
Madagascar,2021,Africa,Sub-Saharan Africa,Low income,MDG,4.339,62.516,431.599103077746,13.74590015,31.1137123216036,17.8807947019868,3.498,29.691083
Egypt,2021,Africa,"Middle East, North Africa, Afghanistan & Pakistan",Lower middle income,EGY,4.288,68.976,3837.31992325256,72.05599976,42.5686062621468,27.7027027027027,7.441,110.957008
Chad,2021,Africa,Sub-Saharan Africa,Low income,TCD,4.251,53.136,857.52763057976,9.653699875,25.2312246423075,32.258064516129,1.53,17.828273
Ethiopia,2021,Africa,Sub-Saharan Africa,Low income,ETH,4.241,65.33,790.657019602458,16.6981031,22.1067085266113,42.5882352941177,3.935,122.138588
Mauritania,2021,Africa,Sub-Saharan Africa,Lower middle income,MRT,4.153,66.762,1524.11753502309,35.63660049,57.901535141641,20.2614379084967,11.131,4.734874
Jordan,2021,Asia,"Middle East, North Africa, Afghanistan & Pakistan",Upper middle income,JOR,4.152,74.204,4266.3790298994,85.999997,92.117972910453,11.5384615384615,19.837,11.066356
Togo,2021,Africa,Sub-Saharan Africa,Lower middle income,TGO,4.112,61.337,928.301087692897,30.33839989,42.3105904515122,18.6813186813187,2.344,7.936176
India,2021,Asia,South Asia,Lower middle income,IND,3.777,67.282,1965.30943437472,49.2580986,34.4425517181304,14.4444444444444,6.38,1414.203896
Zambia,2021,Africa,Sub-Saharan Africa,Lower middle income,ZMB,3.76,62.363,1269.10821808895,14.82190037,44.2353731410926,15.0602409638554,5.197,19.603607
Malawi,2021,Africa,Sub-Saharan Africa,Low income,MWI,3.75,64.782,569.968967322435,15.30300045,16.4881925800694,22.9166666666667,5.652,20.047258
Tanzania,2021,Africa,Sub-Saharan Africa,Lower middle income,TZA,3.702,66.131,1054.31726074219,22.87540054,34.3500111758619,36.8556701030928,1.876,62.830412
Sierra Leone,2021,Africa,Sub-Saharan Africa,Low income,SLE,3.574,60.26,1045.7661615758,18.65390015,43.7345385973699,12.3287671232877,3.551,8.094602
Lesotho,2021,Africa,Sub-Saharan Africa,Lower middle income,LSO,3.512,54.209,955.221236301503,45.05670166,40.6551760851997,23.3333333333333,18.214,2.261542
Botswana,2021,Africa,Sub-Saharan Africa,Upper middle income,BWA,3.471,63.303,6895.91184943107,54.70069885,66.5182767068255,10.7692307692308,23.106,2.401441
Rwanda,2021,Africa,Sub-Saharan Africa,Low income,RWA,3.268,66.85,871.041835304187,24.4416008,26.1049092762833,61.25,15.775,13.35526
Zimbabwe,2021,Africa,Sub-Saharan Africa,Lower middle income,ZWE,2.995,60.135,1312.20001358807,32.5923996,37.8692058859373,31.8518518518519,9.54,15.79721
Lebanon,2021,Asia,"Middle East, North Africa, Afghanistan & Pakistan",Lower middle income,LBN,2.955,73.65,5973.41933892988,82.65599823,89.965362045441,4.6875,12.715,5.718122
Afghanistan,2021,Asia,"Middle East, North Africa, Afghanistan & Pakistan",Low income,AFG,2.404,60.417,408.625855217403,16.51429939,25.3478620272481,27.0161290322581,12.006,40.000412
Finland,2020,Europe,Europe & Central Asia,High income,FIN,7.842,81.9317073170732,44690.9801103074,92.17027106,73.0849439791673,46,7.759,5.529543
Denmark,2020,Europe,Europe & Central Asia,High income,DNK,7.62,81.6024390243903,55934.5555945523,96.54914573,88.2394485473632,39.6648044692737,5.644,5.831404
Switzerland,2020,Europe,Europe & Central Asia,High income,CHE,7.571,83,86293.9183441155,94.34999847,82.3416838515457,41.5,4.817,8.638167
Iceland,2020,Europe,Europe & Central Asia,High income,ISL,7.554,83.0634146341463,52464.3073240589,99.5327519,94.1367102874722,38.0952380952381,5.478,0.366463
Netherlands,2020,Europe,Europe & Central Asia,High income,NLD,7.464,81.3585365853659,47086.5674755497,91.33333333,94.2532277765935,33.3333333333333,3.82,17.4415
Norway,2020,Europe,Europe & Central Asia,High income,NOR,7.392,83.209756097561,78387.0435023102,94.60755647,82.7029885700532,41.4201183431953,4.424,5.379475
Sweden,2020,Europe,Europe & Central Asia,High income,SWE,7.363,82.3560975609756,51624.5811789573,94.53943122,87.9424046895699,46.9914040114613,8.291,10.353442
Luxembourg,2020,Europe,Europe & Central Asia,High income,LUX,7.324,82.1439024390244,105274.182260744,98.45962893,93.8600689970981,30,6.766,0.630419
New Zealand,2020,Oceania,East Asia & Pacific,High income,NZL,7.277,82.2560975609756,39702.3112090418,90.92099762,83.8138977095908,48.3333333333333,4.595,5.0724
Austria,2020,Europe,Europe & Central Asia,High income,AUT,7.268,81.1926829268293,43428.6983137234,87.52942813,68.5410177924001,39.344262295082,5.201,8.916864
Australia,2020,Oceania,East Asia & Pacific,High income,AUS,7.183,83.2,58377.7670517802,94.6934967,87.2713470458985,30.4635761589404,6.394,25.649248
Israel,2020,Asia,"Middle East, North Africa, Afghanistan & Pakistan",High income,ISR,7.157,82.6487804878049,37938.3809354755,90.12734091,91.5788453228939,27.5,4.169,9.2151
Germany,2020,Europe,Europe & Central Asia,High income,DEU,7.155,81.0414634146342,42372.8726784255,89.81294133,81.4700055002738,31.1706629055007,3.881,83.160871
Canada,2020,Americas,North America,High income,CAN,7.103,81.53,42366.1710935265,92.3,81.9509888710566,28.9940828402367,9.657,38.028638
Ireland,2020,Europe,Europe & Central Asia,High income,IRL,7.085,82.4560975609756,80927.936475395,91.99989097,63.4713366724915,22.5,5.623,5.039747
Costa Rica,2020,Americas,Latin America & Caribbean,High income,CRI,7.069,79.725,12322.2359458534,80.530186079999993,77.5211537281257,45.6140350877193,16.432,5.03432
United Kingdom,2020,Europe,Europe & Central Asia,High income,GBR,7.064,80.331756097561,42985.0392148248,94.81820132,82.9000015258789,33.8461538461538,4.472,66.74
Czechia,2020,Europe,Europe & Central Asia,High income,CZE,6.965,78.2268292682927,19233.1469549829,81.33889705,72.7254901604208,22.5,2.55,10.697858
United States,2020,Americas,North America,High income,USA,6.951,76.9804878048781,59533.609024416,90.34470367,79.997451762548,27.4647887323944,8.055,331.578104
Belgium,2020,Europe,Europe & Central Asia,High income,BEL,6.834,80.6951219512195,40769.0218072962,91.52641629,87.2964994991269,41.3333333333333,5.545,11.538604
France,2020,Europe,Europe & Central Asia,High income,FRA,6.69,82.1756097560976,35709.2045925926,84.70639801,78.7119131765249,39.5147313691508,8.009,67.60111
Bahrain,2020,Asia,"Middle East, North Africa, Afghanistan & Pakistan",High income,BHR,6.647,78.683,23586.9309581516,99.67103159,100,15,1.765,1.472204
Malta,2020,Europe,"Middle East, North Africa, Afghanistan & Pakistan",High income,MLT,6.602,82.0975609756098,27861.80732148,86.85876183,95.1841082280263,13.4328358208955,4.856,0.51549
United Arab Emirates,2020,Asia,"Middle East, North Africa, Afghanistan & Pakistan",High income,ARE,6.561,81.936,39878.4663896389,100,85.1955255681984,50,4.294,9.401038
Saudi Arabia,2020,Asia,"Middle East, North Africa, Afghanistan & Pakistan",High income,SAU,6.494,77.596,22827.671935548,97.8623325,83.8064352851942,19.8675496688742,7.66,31.55251
Spain,2020,Europe,Europe & Central Asia,High income,ESP,6.491,82.2317073170732,25077.019882928,93.20564892,79.6955674617799,44,15.532,47.359424
Italy,2020,Europe,Europe & Central Asia,High income,ITA,6.483,82.1951219512195,29469.7989238626,70.48342785,69.5187492370606,35.7142857142857,9.192,59.438851
Slovenia,2020,Europe,Europe & Central Asia,High income,SVN,6.461,80.5317073170732,22811.8050540778,86.60130109,55.384391784668,27.7777777777778,4.971,2.102419
Guatemala,2020,Americas,Latin America & Caribbean,Upper middle income,GTM,6.435,69.971,4005.83916360689,47.51229858,54.5483167911628,19.375,2.965,17.357325
Uruguay,2020,Americas,Latin America & Caribbean,High income,URY,6.431,78.381,16443.363490131,85.47100067,95.3997650146484,21.2121212121212,10.413,3.398968
Singapore,2020,Asia,East Asia & Pacific,High income,SGP,6.377,83.5439024390244,59083.8574841572,92.00434653,100,29.4736842105263,4.1,5.685807
Kosovo,2020,Europe,Europe & Central Asia,Upper middle income,XKX,6.372,74.212,3990.94425586648,NA,45.2268625263391,NA,NA,1.790151
Slovakia,2020,Europe,Europe & Central Asia,High income,SVK,6.331,76.8658536585366,17763.8563847352,89.92090413,53.2481998906526,22.6666666666667,6.719,5.458827
Brazil,2020,Americas,Latin America & Caribbean,Upper middle income,BRA,6.33,74.506,8435.01143254978,81.34269353,86.9112186503004,14.6198830409357,13.697,208.660842
Mexico,2020,Americas,Latin America & Caribbean,Upper middle income,MEX,6.317,70.449,9234.64362226594,71.49017499,78.677960602824,48.2,4.44,126.799054
Jamaica,2020,Americas,Latin America & Caribbean,Upper middle income,JAM,6.309,71.452,5317.84145033966,76.38400269,57.1103647563627,28.5714285714286,6.501,2.830739
Lithuania,2020,Europe,Europe & Central Asia,High income,LTU,6.255,75.0292682926829,17443.65526328,83.05554724,67.4254608154297,26.9503546099291,8.487,2.810369
Cyprus,2020,Asia,Europe & Central Asia,High income,CYP,6.223,81.23,26895.671875,90.80194644,66.7180443478713,19.6428571428571,7.755,1.302247
Estonia,2020,Europe,Europe & Central Asia,High income,EST,6.189,78.5951219512195,19946.945696898,89.05828666,69.8815778947665,28.7128712871287,6.956,1.329522
Panama,2020,Americas,Latin America & Caribbean,High income,PAN,6.18,76.33,12647.0914227279,64.82430267,65.7862999591993,22.5352112676056,14.663,4.293261
Uzbekistan,2020,Asia,Europe & Central Asia,Lower middle income,UZB,6.179,71.461,3723.82133264406,71.09999824,50.7670402526855,32,5.293,33.586372
Chile,2020,Americas,Latin America & Caribbean,High income,CHL,6.172,79.349,12680.7761524378,87.45929718,88.2953490438375,22.5806451612903,10.934,19.370624
Poland,2020,Europe,Europe & Central Asia,High income,POL,6.166,76.4,15090.2228440113,83.18488715,59.8738141138092,28.695652173913,3.155,37.515748
Kazakhstan,2020,Asia,Europe & Central Asia,Upper middle income,KAZ,6.152,71.195,10565.0359816235,85.94259898,59.9871193541692,27.1028037383178,4.89,19.482117
Romania,2020,Europe,Europe & Central Asia,High income,ROU,6.14,74.2536585365854,10854.049431887,78.45526895,52.611947245178,21.8844984802432,5.035,19.26525
Kuwait,2020,Asia,"Middle East, North Africa, Afghanistan & Pakistan",High income,KWT,6.106,78.7609756097561,25541.5378987908,99.10587017,100,6.34920634920635,3.489,4.400267
Serbia,2020,Europe,Europe & Central Asia,Upper middle income,SRB,6.078,74.4780487804878,6850.96742168834,78.36804864,61.223201751709,38.8,9.011,6.899126
El Salvador,2020,Americas,Latin America & Caribbean,Upper middle income,SLV,6.061,70.244,3808.53195436409,54.60136976,73.0570220947266,33.3333333333333,5.008,6.234673
Mauritius,2020,Africa,Sub-Saharan Africa,Upper middle income,MUS,6.049,74.1770731707317,9533.5982796049,67.73290684,39.1607039074325,20,8.626,1.266014
Latvia,2020,Europe,Europe & Central Asia,High income,LVA,6.032,75.1853658536585,14900.7295718866,88.89796078,68.1211222872228,30,8.098,1.900449
Colombia,2020,Americas,Latin America & Caribbean,Upper middle income,COL,6.012,74.757,5891.9552321540305,69.79533474,77.6382533537045,18.3431952662722,15.983,50.629997
Hungary,2020,Europe,Europe & Central Asia,High income,HUN,5.992,75.419512195122,14664.2971195385,84.77115202,70.2917327880859,12.0603015075377,4.248,9.670419
Thailand,2020,Asia,East Asia & Pacific,Upper middle income,THA,5.985,77.331,6032.42244606793,77.84374066,57.2358779907227,15.7464212678937,1.099,71.641484
Nicaragua,2020,Americas,Latin America & Caribbean,Lower middle income,NIC,5.972,70.766,1950.19181218473,44.87490082,58.7045922689128,47.2527472527472,6.18,6.565267
Japan,2020,Asia,East Asia & Pacific,High income,JPN,5.94,84.56,35363.2996951789,90.21945812,91.7809926267889,9.89247311827957,2.809,126.261
Argentina,2020,Americas,Latin America & Caribbean,Upper middle income,ARG,5.929,75.878,11393.0505957877,85.51438646,91.9439026594897,40.8560311284047,11.461,45.191965
Portugal,2020,Europe,Europe & Central Asia,High income,PRT,5.929,81.3292682926829,19778.7139525722,78.26166044,61.1042566768691,40,6.85,10.297081
Honduras,2020,Americas,Latin America & Caribbean,Lower middle income,HND,5.919,70.864,2189.43168668222,45.24829865,56.8691654042685,21.09375,10.982,10.11964
Croatia,2020,Europe,Europe & Central Asia,High income,HRV,5.882,77.5243902439024,13545.7402289427,78.32090004,56.5284863367411,31.1258278145695,7.389,3.914206
Philippines,2020,Asia,East Asia & Pacific,Upper middle income,PHL,5.88,70.097,3198.66690008413,53.76490021,54.1077719895977,27.9605263157895,2.522,112.081264
Republic of Korea,2020,Asia,East Asia & Pacific,High income,KOR,5.845,83.4268292682927,33215.9298928108,96.50506052,81.1759595622913,19,3.931,51.836239
Peru,2020,Americas,Latin America & Caribbean,Upper middle income,PER,5.84,73.832,5831.83024758521,65.25179796,83.5267437189637,26.1538461538462,7.179,32.838579
Bosnia and Herzegovina,2020,Europe,Europe & Central Asia,Upper middle income,BIH,5.813,76.04,5490.75366635139,73.21175294,49.9710852122997,26.1904761904762,15.868,3.299349
Republic of Moldova,2020,Europe,Europe & Central Asia,Upper middle income,MDA,5.766,69.914,3188.91691602699,74.11830139,41.3368530273438,24.7524752475248,1.206,2.63513
Ecuador,2020,Americas,Latin America & Caribbean,Upper middle income,ECU,5.764,72.004,5355.68934196443,70.7,63.0773897782521,39.4160583941606,6.116,17.546065
Kyrgyzstan,2020,Asia,Europe & Central Asia,Lower middle income,KGZ,5.744,71.8,1093.32856461422,72,34.8174315392111,16.5217391304348,5.945,6.726596
Greece,2020,Europe,Europe & Central Asia,High income,GRC,5.723,81.2878048780488,17486.951333323,78.11584474,78.3066842455552,21.6666666666667,15.899,10.698599
Bolivia,2020,Americas,Latin America & Caribbean,Lower middle income,BOL,5.716,62.906,2765.09271788602,59.94010155,70.0442635528254,46.1538461538462,7.903,11.816299
Mongolia,2020,Asia,East Asia & Pacific,Upper middle income,MNG,5.677,71.3490243902439,4066.03410882791,62.50002848,68.0894771770775,17.3333333333333,6.413,3.327204
Paraguay,2020,Americas,Latin America & Caribbean,Upper middle income,PRY,5.653,72.72,6109.19608100615,73.95751114,66.116520986009,16.25,7.548,6.603739
Montenegro,2020,Europe,Europe & Central Asia,Upper middle income,MNE,5.581,75.9317073170732,6351.95187949313,77.60879306,65.2490688418027,22.2222222222222,17.878,0.62659
Dominican Republic,2020,Americas,Latin America & Caribbean,Upper middle income,DOM,5.545,72.636,7395.8734262396,81.61730194,73.2643793773663,27.8947368421053,6.126,11.0083
North Cyprus,2020,Asia,Europe & Central Asia,High income,CYP,5.536,81.23,26895.671875,90.80194644,66.7180443478713,19.6428571428571,7.755,1.302247
Belarus,2020,Europe,Europe & Central Asia,Upper middle income,BLR,5.534,72.1385609756098,6251.98898968645,85.08791245,77.7890385790408,40,4.049,9.379952
Russian Federation,2020,Europe,Europe & Central Asia,High income,RUS,5.477,71.3387804878049,9632.3251953125,84.99466978,74.6932216791674,15.7777777777778,5.62,145.245148
Hong Kong SAR of China,2020,Asia,East Asia & Pacific,High income,HKG,5.477,85.4963414634146,41451.2989586282,92.41313602,100,NA,5.808,7.481
Tajikistan,2020,Asia,Europe & Central Asia,Lower middle income,TJK,5.466,68.605,1171.90127480359,27.54409981,26.1925442328719,23.8095238095238,7.576,9.74931
Viet Nam,2020,Asia,East Asia & Pacific,Upper middle income,VNM,5.411,75.383,3303.16949807493,70.300000120000007,35.5706676299742,26.7206477732794,2.103,98.079191
Libya,2020,Africa,"Middle East, North Africa, Afghanistan & Pakistan",Upper middle income,LBY,5.41,72.388,6102.79864032512,74.35810089,87.8278267096263,15.9574468085106,19.651,7.045399
Malaysia,2020,Asia,East Asia & Pacific,Upper middle income,MYS,5.384,76.057,10171.4657842762,89.55501192,75.0511895575672,14.8648648648649,4.54,33.889558
Indonesia,2020,Asia,East Asia & Pacific,Upper middle income,IDN,5.345,68.817,3739.44906563161,53.72649449,56.2785287648768,20.3478260869565,4.255,274.814866
Congo,2020,Africa,Sub-Saharan Africa,Lower middle income,COG,5.342,64.391,1725.51040049963,21.99850082,63.5760904494257,11.2582781456954,22.286,5.752791
China,2020,Asia,East Asia & Pacific,Upper middle income,CHN,5.339,78.019,10573.3794064211,70.05275998,63.5234230266258,24.9411764705882,5,1411.1
Côte d’Ivoire,2020,Africa,Sub-Saharan Africa,Lower middle income,CIV,5.306,60.14,2055.08483996432,36.01660156,51.8357660823651,11.3725490196078,2.588,28.915449
Armenia,2020,Asia,Europe & Central Asia,Upper middle income,ARM,5.283,73.3756097560976,4032.09043454955,76.50770055,65.174217253699,23.4848484848485,18.175,2.9615
Nepal,2020,Asia,South Asia,Lower middle income,NPL,5.269,69.106,1031.53618783934,36.96530151,66.1050886088505,32.7272727272727,13.037,28.966574
Bulgaria,2020,Europe,Europe & Central Asia,High income,BGR,5.266,73.3560975609756,8440.51416964556,70.16248359,73.3239898681641,26.6666666666667,5.037,6.550696
Maldives,2020,Asia,South Asia,Upper middle income,MDV,5.198,78.713,7295.60220956454,79.09780121,40.3985147902839,4.59770114942529,5.42,0.502118
Azerbaijan,2020,Asia,Europe & Central Asia,Upper middle income,AZE,5.171,70.312,5087.50022783627,84.59999573,58.2934691761937,17.3553719008264,7.24,10.093121
Cameroon,2020,Africa,Sub-Saharan Africa,Lower middle income,CMR,5.142,61.674,1434.51913723409,37.69749832,54.2557949164174,33.8888888888889,3.881,26.210558
Senegal,2020,Africa,Sub-Saharan Africa,Lower middle income,SEN,5.132,67.496,1361.7914374888,53.30879974,51.0562950093282,43.030303030303,3.432,16.789219
Albania,2020,Europe,Europe & Central Asia,Upper middle income,ALB,5.117,77.824,4980.61699524696,72.23767711,57.1408592155544,29.5081967213115,11.639,2.52848
North Macedonia,2020,Europe,Europe & Central Asia,Upper middle income,MKD,5.101,74.3951219512195,5743.72649424581,81.40553811,61.1593302746435,39.1666666666667,16.575,1.856124
Ghana,2020,Africa,Sub-Saharan Africa,Lower middle income,GHA,5.088,64.309,1970.19411460398,62.51760101,56.2171613974837,13.0909090909091,3.178,31.887809
Niger,2020,Africa,Sub-Saharan Africa,Low income,NER,5.074,59.89,532.208221196997,11.85680008,17.0081420003794,16.9590643274854,0.591,23.717613
Turkmenistan,2020,Asia,Europe & Central Asia,Upper middle income,TKM,5.066,68.846,6964.38162887016,NA,47.0546961907259,25,4.489,6.949912
Gambia,2020,Africa,Sub-Saharan Africa,Low income,GMB,5.051,64.418,670.758642891251,36.01100159,62.2069251698555,8.62068965517241,5.84,2.515733
Benin,2020,Africa,Sub-Saharan Africa,Lower middle income,BEN,5.045,60.154,1126.65404122154,22.12059975,49.4461567219896,7.2289156626506,1.518,13.070169
Lao PDR,2020,Asia,East Asia & Pacific,Lower middle income,LAO,5.03,68.339,2529.74622698761,54,36.6185033569111,27.5167785234899,2.349,7.346533
Bangladesh,2020,Asia,South Asia,Lower middle income,BGD,5.025,71.421,1604.6659234742,36.10910034,31.1168927321524,20.9169054441261,5.539,166.298024
Guinea,2020,Africa,Sub-Saharan Africa,Lower middle income,GIN,4.984,59.35,945.570903389665,26.14550018,36.4802208060551,16.6666666666667,6.007,13.371183
South Africa,2020,Africa,Sub-Saharan Africa,Upper middle income,ZAF,4.956,65.15,5569.58483319272,72.1128006,63.4373088310982,46.75,29.217,60.562381
Türkiye,2020,Asia,Europe & Central Asia,Upper middle income,TUR,4.948,76.525,12338.643833135,77.6695605,88.9303114965222,17.3174872665535,13.148,83.38468
Pakistan,2020,Asia,"Middle East, North Africa, Afghanistan & Pakistan",Lower middle income,PAK,4.934,65.701,1526.00597486307,18.935,37.5080192948099,20.1754385964912,5.994,235.001746
Morocco,2020,Africa,"Middle East, North Africa, Afghanistan & Pakistan",Lower middle income,MAR,4.918,73.133,3090.89428710938,84.12036305,62.0933436005366,20.5063291139241,11.189,36.584208
Venezuela,2020,Americas,Latin America & Caribbean,Lower middle income,VEN,4.892,72.369,1255.86457068119,72.44110107,89.1399056567545,22.1556886227545,7.53,28.444077
Georgia,2020,Asia,Europe & Central Asia,Upper middle income,GEO,4.891,73.509,4659.60925318234,72.53157487,58.9990552763878,20.6666666666667,11.734,3.722716
Algeria,2020,Africa,"Middle East, North Africa, Afghanistan & Pakistan",Upper middle income,DZA,4.887,73.257,4363.68533767783,63.47269821,73.0541126293395,25.7575757575758,14.08,44.042091
Ukraine,2020,Europe,Europe & Central Asia,Upper middle income,UKR,4.875,73.283,2324.107421875,75.03790912,69.3839100516745,20.8037825059102,9.475,44.680014
Iraq,2020,Asia,"Middle East, North Africa, Afghanistan & Pakistan",Upper middle income,IRQ,4.854,69.651,4213.99843766061,53.67779922,69.8683166503906,26.4437689969605,15.766,42.116605
Gabon,2020,Africa,Sub-Saharan Africa,Upper middle income,GAB,4.852,67.073,6534.27966529444,63.91790009,90.3480750410147,14.7887323943662,21.279,2.322539
Burkina Faso,2020,Africa,Sub-Saharan Africa,Low income,BFA,4.834,60.454,713.8421779224,12.97319984,26.3578373628627,6.2992125984252,4.59,21.47869
Cambodia,2020,Asia,East Asia & Pacific,Lower middle income,KHM,4.83,70.059,1908.63427518336,56.37590027,39.832658030922,20,0.172,16.725474
Mozambique,2020,Africa,Sub-Saharan Africa,Low income,MOZ,4.794,61.39,591.804059985932,14.28740025,33.9044006416285,42.4,5.019,30.783688
Nigeria,2020,Africa,Sub-Saharan Africa,Lower middle income,NGA,4.759,53.072,2228.68631426529,31.88879967,59.7659654848781,7.22222222222222,5.714,213.996181
Mali,2020,Africa,Sub-Saharan Africa,Low income,MLI,4.723,58.858,872.389426815267,29.11300087,29.0205972994693,27.891156462585,3.528,21.713836
Iran,2020,Asia,"Middle East, North Africa, Afghanistan & Pakistan",Upper middle income,IRN,4.721,74.141,5132.82430762118,75.56986637,75.5986404418945,5.59440559440559,9.687,87.723443
Uganda,2020,Africa,Sub-Saharan Africa,Low income,UGA,4.636,66.41,917.0350317644,7.4,28.5399752271502,34.8583877995643,3.819,44.457152
Liberia,2020,Africa,Sub-Saharan Africa,Low income,LBR,4.625,61.267,605.025475431411,22.91069984,53.3878685572381,12.3287671232877,4.102,5.149463
Kenya,2020,Africa,Sub-Saharan Africa,Lower middle income,KEN,4.607,61.596,1609.33414078281,24.7227993,31.2063494632616,21.7765042979943,5.613,52.217334
Tunisia,2020,Africa,"Middle East, North Africa, Afghanistan & Pakistan",Lower middle income,TUN,4.596,75.004,3749.26841452928,68.55639648,69.1043166438476,24.8847926267281,17.651,11.974057
Lebanon,2020,Asia,"Middle East, North Africa, Afghanistan & Pakistan",Lower middle income,LBN,4.584,76.299,6440.82843092922,82.0664978,89.729499798117,4.6875,13.252,5.702398
Namibia,2020,Africa,Sub-Saharan Africa,Lower middle income,NAM,4.574,64.071,3787.49943973286,57.8608017,48.547381745659,43.2692307692308,21.003,2.728762
State of Palestine,2020,Asia,"Middle East, North Africa, Afghanistan & Pakistan",Lower middle income,PSE,4.517,74.998,2922.46801084844,76.18160248,86.0741183743925,NA,25.895,4.803269
Myanmar,2020,Asia,East Asia & Pacific,Lower middle income,MMR,4.426,66.612,1301.31386350667,45.4477005,30.1593049968842,16.8253968253968,1.476,53.016522
Jordan,2020,Asia,"Middle East, North Africa, Afghanistan & Pakistan",Upper middle income,JOR,4.395,75.583,4188.21240095719,78.4178009,91.8216722992319,11.5384615384615,19.213,10.865228
Chad,2020,Africa,Sub-Saharan Africa,Low income,TCD,4.355,53.082,884.980541934939,8.343099594,24.7341921795416,15.4320987654321,1.695,17.224679
Sri Lanka,2020,Asia,South Asia,Upper middle income,LKA,4.325,76.928,4227.23314530167,36.18473435,19.6621898312161,5.38116591928251,5.364,21.919
Swaziland,2020,Africa,Sub-Saharan Africa,Lower middle income,SWZ,4.308,59.862,3609.3669136859,49.01300049,24.6652798922192,9.58904109589041,32.978,1.192729
Comoros,2020,Africa,Sub-Saharan Africa,Lower middle income,COM,4.289,65.756,1359.7070891825,22.42040062,32.0638072194881,16.6666666666667,4.468,0.802163
Egypt,2020,Africa,"Middle East, North Africa, Afghanistan & Pakistan",Lower middle income,EGY,4.283,69.79,3770.86947868544,71.91420096,42.5181534630674,27.4111675126904,7.974,109.315124
Ethiopia,2020,Africa,Sub-Saharan Africa,Low income,ETH,4.275,65.969,768.705424484873,16.06959915,21.6260051727295,38.7568555758684,3.998,118.917671
Mauritania,2020,Africa,Sub-Saharan Africa,Lower middle income,MRT,4.227,66.794,1557.19511875153,29.90649986,56.9836701058893,20.2614379084967,11.051,4.600131
Madagascar,2020,Africa,Sub-Saharan Africa,Low income,MDG,4.208,62.706,422.924255422319,11.35470009,30.7019474167548,17.8807947019868,3.292,28.953556
Togo,2020,Africa,Sub-Saharan Africa,Lower middle income,TGO,4.107,61.14,899.748802355348,29.02370071,41.8781527268075,18.6813186813187,2.231,7.788054
Zambia,2020,Africa,Sub-Saharan Africa,Lower middle income,ZMB,4.073,63.361,1228.73500113195,14.64579964,43.8644489410157,16.7664670658683,6.032,19.059395
Sierra Leone,2020,Africa,Sub-Saharan Africa,Low income,SLE,3.849,59.694,1010.25294614757,17.12080002,43.2129659123546,12.3287671232877,3.509,7.912558
India,2020,Asia,South Asia,Lower middle income,IND,3.819,70.156,1806.50110583865,43.40544313,34.1286726088333,14.3646408839779,7.859,1402.617695
Burundi,2020,Africa,Sub-Saharan Africa,Low income,BDI,3.775,62.569,263.463876362597,6.430099964,19.9309984273971,38.2113821138211,1.03,12.617036
Tanzania,2020,Africa,Sub-Saharan Africa,Lower middle income,TZA,3.623,66.771,1041.25964355469,19.48139954,33.8547246036273,36.71875,1.792,60.972798
Haiti,2020,Americas,Latin America & Caribbean,Lower middle income,HTI,3.615,63.773,1331.69778506932,39.38809967,52.6307476732151,NA,15.573,11.243848
Malawi,2020,Africa,Sub-Saharan Africa,Low income,MWI,3.6,65.216,559.447086086067,13.89949989,16.2961471756409,22.9166666666667,5.72,19.533888
Lesotho,2020,Africa,Sub-Saharan Africa,Lower middle income,LSO,3.512,55.133,944.834128375429,43.65750122,39.6329305425532,23.3333333333333,18.385,2.235727
Botswana,2020,Africa,Sub-Saharan Africa,Upper middle income,BWA,3.467,67.643,6254.24806241091,51.67819977,66.4488166494554,10.7692307692308,21.017,2.365894
Rwanda,2020,Africa,Sub-Saharan Africa,Low income,RWA,3.415,66.953,821.257133282758,23.8,24.5029761132966,61.25,11.829,13.065837
Zimbabwe,2020,Africa,Sub-Saharan Africa,Lower middle income,ZWE,3.145,61.53,1230.81933361016,29.29856532,37.0097671560802,31.8518518518519,8.617,15.526888
Afghanistan,2020,Asia,"Middle East, North Africa, Afghanistan & Pakistan",Low income,AFG,2.523,61.454,527.834554499306,17.04850006,25.2622103446137,27.0161290322581,11.71,39.068979
Finland,2019,Europe,Europe & Central Asia,High income,FIN,7.80870008468628,81.9829268292683,45898.5708448954,89.6073851129779,72.7431214358314,47,6.695,5.521606
Denmark,2019,Europe,Europe & Central Asia,High income,DNK,7.64559984207153,81.4512195121951,57114.6227336347,98.0464347521549,88.2096490810669,39.1061452513966,5.018,5.814422
Switzerland,2019,Europe,Europe & Central Asia,High income,CHE,7.55989980697632,83.9048780487805,88932.4119306425,93.1460869535177,80.7792907322229,41.5,4.394,8.57528
Iceland,2019,Europe,Europe & Central Asia,High income,ISL,7.50449991226196,83.1634146341463,57118.8452777198,99.5049411693787,93.9770847416131,38.0952380952381,3.507,0.360563
Norway,2019,Europe,Europe & Central Asia,High income,NOR,7.48799991607666,82.9585365853659,79937.5097885912,98.0000043853142,82.4935894878281,40.8284023668639,3.684,5.347896
Netherlands,2019,Europe,Europe & Central Asia,High income,NLD,7.44890022277832,82.1121951219512,49254.024789064,93.2885906040269,93.8898028856479,31.3333333333333,3.379,17.344874
Sweden,2019,Europe,Europe & Central Asia,High income,SWE,7.35349988937378,83.109756097561,53024.4099494317,94.4934434072202,87.7088420242759,47.2779369627507,6.833,10.278887
New Zealand,2019,Oceania,East Asia & Pacific,High income,NZL,7.29960012435913,82.0560975609756,40615.7266946543,89.86370087,83.804965871667,40.8333333333333,4.109,4.9703
Austria,2019,Europe,Europe & Central Asia,High income,AUT,7.29419994354248,81.8951219512195,46550.5622459492,87.7522047870069,68.3176044750522,39.344262295082,4.56,8.87992
Luxembourg,2019,Europe,Europe & Central Asia,High income,LUX,7.23750019073486,82.6390243902439,107591.899505248,97.120635693272,93.2589839734767,25,5.592,0.620001
Canada,2019,Americas,North America,High income,CAN,7.23210000991821,82.1585365853659,45100.336805859,91.91290283,81.7363672047941,28.9940828402367,5.69,37.618495
Australia,2019,Oceania,East Asia & Pacific,High income,AUS,7.22279977798462,82.9,59181.2997904131,93.60990143,87.3019647888406,30.4635761589404,5.143,25.334826
United Kingdom,2019,Europe,Europe & Central Asia,High income,GBR,7.16450023651123,81.3691219512195,47866.9140354078,92.5166285497138,82.6699420738913,32,3.657,66.628
Israel,2019,Asia,"Middle East, North Africa, Afghanistan & Pakistan",High income,ISR,7.12860012054443,82.8048780487805,39322.038041422,86.7878776180583,91.6154002002652,23.3333333333333,3.731,9.054
Costa Rica,2019,Americas,Latin America & Caribbean,High income,CRI,7.12139987945557,80.296,12944.013449341,81.2025964435269,77.0435864735963,45.6140350877193,10.807,4.999553
Ireland,2019,Europe,Europe & Central Asia,High income,IRL,7.09369993209839,82.7024390243903,76485.635854651,87.0000552425146,63.2737009154127,22.1518987341772,4.95,4.976456
Germany,2019,Europe,Europe & Central Asia,High income,DEU,7.0757999420166,81.2926829268293,44235.2658954682,88.1345169091916,81.3053991689039,30.8885754583921,3.163,83.092962
United States,2019,Americas,North America,High income,USA,6.93959999084473,78.7878048780488,61047.9648238812,89.4302848575712,80.1304793353594,23.4338747099768,3.669,330.226227
Czechia,2019,Europe,Europe & Central Asia,High income,CZE,6.9109001159668,79.2292682926829,20360.0599221814,80.8669444139622,72.7876426709563,22.5,2.015,10.67187
Belgium,2019,Europe,Europe & Central Asia,High income,BEL,6.86350011825562,81.9951219512195,43006.4042308863,90.275428012141,87.0961631189222,42,5.364,11.48898
United Arab Emirates,2019,Asia,"Middle East, North Africa, Afghanistan & Pakistan",High income,ARE,6.79080009460449,82.596,43468.4534705013,99.1499979561243,85.0298263388195,50,2.331,9.445785
Malta,2019,Europe,"Middle East, North Africa, Afghanistan & Pakistan",High income,MLT,6.77279996871948,82.6585365853659,29522.6480165028,85.7785963798031,94.9332032524644,14.9253731343284,4.08,0.503912
France,2019,Europe,Europe & Central Asia,High income,FRA,6.66379976272583,82.8268292682927,38705.2072940618,83.3397440866883,78.6890784549356,39.6880415944541,8.415,67.382061
Mexico,2019,Americas,Latin America & Caribbean,Upper middle income,MEX,6.46500015258789,74.53,10159.4448367696,69.6321092705209,78.355984332992,48.2,3.477,125.762982
Uruguay,2019,Americas,Latin America & Caribbean,High income,URY,6.44010019302368,77.503,17758.4384273402,83.3515337667548,95.3479309082031,19.1919191919192,8.836,3.397206
Saudi Arabia,2019,Asia,"Middle East, North Africa, Afghanistan & Pakistan",High income,SAU,6.4064998626709,78.313,24905.6697428558,95.7247355953812,83.6394643268678,19.8675496688742,5.636,30.063799
Spain,2019,Europe,Europe & Central Asia,High income,ESP,6.40089988708496,83.8317073170732,28301.4393949563,90.718665325267,79.6349761108307,44,14.104,47.118501
Guatemala,2019,Americas,Latin America & Caribbean,Upper middle income,GTM,6.39890003204346,71.639,4139.12206338632,44.401049838502,54.1882267267974,19.375,2.193,17.103803
Italy,2019,Europe,Europe & Central Asia,High income,ITA,6.38740015029907,83.4975609756098,32180.4341017428,67.8507102874836,69.5050010681153,35.7142857142857,9.884,59.729081
Singapore,2019,Asia,East Asia & Pacific,High income,SGP,6.37709999084473,83.5951219512195,61106.3119775351,88.9492526850762,100,23,3.1,5.703569
Brazil,2019,Americas,Latin America & Caribbean,Upper middle income,BRA,6.37559986114502,75.809,8771.44051292177,73.9124399133589,86.6797991084296,15.009746588694,11.936,207.455459
Slovenia,2019,Europe,Europe & Central Asia,High income,SVN,6.36339998245239,81.5292682926829,23943.1800949889,83.1083578026717,55.4523277282715,27.7777777777778,4.446,2.088385
El Salvador,2019,Americas,Latin America & Caribbean,Upper middle income,SLV,6.34829998016357,71.725,4143.11437097867,50.4911940673888,72.4148941040039,30.952380952381,4.17,6.222318
Kosovo,2019,Europe,Europe & Central Asia,Upper middle income,XKX,6.32520008087158,77.249,4219.06495675744,NA,44.0002171565695,NA,NA,1.788891
Panama,2019,Americas,Latin America & Caribbean,High income,PAN,6.30480003356934,78.514,15602.5315209709,63.6284147731451,65.752985396379,21.1267605633803,6.256,4.2347
Slovakia,2019,Europe,Europe & Central Asia,High income,SVK,6.28060007095337,77.6658536585366,18250.9802475637,82.8536605021784,53.3666558664583,20,5.761,5.454147
Uzbekistan,2019,Asia,Europe & Central Asia,Lower middle income,UZB,6.25759983062744,72.093,3733.50435754861,70.3999986481458,50.5920104980469,16,4.936,32.964701
Chile,2019,Americas,Latin America & Caribbean,High income,CHL,6.22849988937378,80.324,13631.9284885172,85.01760101,88.1273685623538,22.5806451612903,7.493,19.197744
Bahrain,2019,Asia,"Middle East, North Africa, Afghanistan & Pakistan",High income,BHR,6.22730016708374,80.471,24873.6640060134,99.7015043807778,100,15,1.217,1.483756
Lithuania,2019,Europe,Europe & Central Asia,High income,LTU,6.21549987792969,76.2829268292683,17431.7239081591,81.5818683764046,67.245735168457,21.2765957446809,6.255,2.811089
Trinidad and Tobago,2019,Americas,Latin America & Caribbean,High income,TTO,6.19189977645874,72.836,17225.361633712,74.98670197,53.9342394732739,30.952380952381,3.523,1.363985
Poland,2019,Europe,Europe & Central Asia,High income,POL,6.1862998008728,77.9048780487805,15221.3090624454,80.4359068768673,59.9626184068963,28.695652173913,3.267,37.965475
Colombia,2019,Americas,Latin America & Caribbean,Upper middle income,COL,6.16340017318726,76.793,6439.96359812647,65.0069007159493,77.4595528518377,18.7134502923977,10.28,49.907985
Cyprus,2019,Asia,Europe & Central Asia,High income,CYP,6.15899991989136,81.454,28167.146484375,86.0636299618935,66.7677357070518,17.8571428571429,7.155,1.286671
Nicaragua,2019,Americas,Latin America & Caribbean,Lower middle income,NIC,6.13710021972656,73.764,2019.91518620044,39.01079941,58.5405671448072,44.5652173913043,5.457,6.483657
Romania,2019,Europe,Europe & Central Asia,High income,ROU,6.12370014190674,75.6073170731707,11197.3162915853,73.6574757545465,52.8931835224862,21.8844984802432,3.912,19.371648
Kuwait,2019,Asia,"Middle East, North Africa, Afghanistan & Pakistan",High income,KWT,6.10209989547729,81.969756097561,26580.2264741607,99.5426764518489,100,4.61538461538462,2.213,4.442316
Mauritius,2019,Africa,Sub-Saharan Africa,Upper middle income,MUS,6.10129976272583,74.2358536585366,11111.3423669526,61.7299551453346,39.2509492806955,20,6.331,1.265985
Kazakhstan,2019,Asia,Europe & Central Asia,Upper middle income,KAZ,6.05789995193481,73.658,10989.6840718388,81.8776204746284,59.0832474269546,27.1028037383178,4.8,19.209555
Estonia,2019,Europe,Europe & Central Asia,High income,EST,6.02180004119873,78.6463414634147,20579.8756732376,90.2289281997919,69.5787397662154,29.7029702970297,4.514,1.326898
Philippines,2019,Asia,East Asia & Pacific,Upper middle income,PHL,6.00600004196167,69.68,3575.88170922922,43.0266118680279,53.7157859948017,27.9605263157895,2.237,110.804683
Hungary,2019,Europe,Europe & Central Asia,High income,HUN,6.00040006637573,76.3195121951219,15290.8085466331,80.3716936050482,70.4565277099609,12.5628140703518,3.411,9.694824
Thailand,2019,Asia,East Asia & Pacific,Upper middle income,THA,5.9987998008728,77.197,6434.53770518034,66.6524194587528,55.9266166687012,16.2,0.716,71.522271
Argentina,2019,Americas,Latin America & Caribbean,Upper middle income,ARG,5.97469997406006,76.847,12706.3978108968,79.9469520347551,91.8567844513802,40.1574803149606,9.843,44.973465
Honduras,2019,Americas,Latin America & Caribbean,Lower middle income,HND,5.95319986343384,72.124,2447.61649282181,39.3883521850111,56.3791561389766,21.09375,5.698,9.943633
Latvia,2019,Europe,Europe & Central Asia,High income,LVA,5.94999980926514,75.3878048780488,15328.3859933295,86.13545644343,68.066323694246,30,6.312,1.913822
Ecuador,2019,Americas,Latin America & Caribbean,Upper middle income,ECU,5.92519998550415,77.286,5971.38938386723,59.2,63.0627139714638,37.956204379562,3.812,17.340021
Portugal,2019,Europe,Europe & Central Asia,High income,PRT,5.9109001159668,81.6756097560976,21569.1874752919,75.346377940871207,61.114927250613,38.695652173913,6.422,10.286263
Jamaica,2019,Americas,Latin America & Caribbean,Upper middle income,JAM,5.88980007171631,71.532,5814.79275311692,70.8410169743356,56.6957957395074,17.4603174603175,4.987,2.823271
Republic of Korea,2019,Asia,East Asia & Pacific,High income,KOR,5.87239980697632,83.2268292682927,33496.3113815643,96.157579184239,81.2901063535619,16.6666666666667,3.746,51.764822
Japan,2019,Asia,East Asia & Pacific,High income,JPN,5.87080001831055,84.3563414634146,36837.2583653113,92.7303978145525,91.7164207898107,10.1075268817204,2.351,126.633
Peru,2019,Americas,Latin America & Caribbean,Upper middle income,PER,5.79680013656616,76.275,6626.26083494969,59.9505036049006,83.1033003087105,30,3.379,32.449303
Serbia,2019,Europe,Europe & Central Asia,Upper middle income,SRB,5.77820014953613,75.9365853658537,6870.75810896296,77.4167736219802,61.0492248535156,37.6518218623482,10.395,6.945235
Bolivia,2019,Americas,Latin America & Caribbean,Lower middle income,BOL,5.74749994277954,67.82,3207.38695231128,47.4748191121692,69.7334986708387,53.0769230769231,3.682,11.671386
Pakistan,2019,Asia,"Middle East, North Africa, Afghanistan & Pakistan",Lower middle income,PAK,5.69329977035522,66.729,1573.8330826937,17.070901719916,37.1091631735769,20.2346041055718,4.83,230.800899
Paraguay,2019,Americas,Latin America & Caribbean,Upper middle income,PRY,5.69210004806519,73.668,6243.53620897773,68.5176284222264,64.9845298299929,15,6.595,6.515058
Dominican Republic,2019,Americas,Latin America & Caribbean,Upper middle income,DOM,5.68919992446899,73.112,8117.04639185786,79.71549988,73.5403464672933,26.8421052631579,6.356,10.894043
Bosnia and Herzegovina,2019,Europe,Europe & Central Asia,Upper middle income,BIH,5.67409992218018,77.394,5583.29721276458,69.9463476317266,49.4650440037758,21.4285714285714,15.692,3.345533
Republic of Moldova,2019,Europe,Europe & Central Asia,Upper middle income,MDA,5.60750007629395,70.181,3438.67732670712,73.32610321,40.772289276123,25.7425742574257,1.502,2.664224
Tajikistan,2019,Asia,Europe & Central Asia,Lower middle income,TJK,5.55569982528687,70.962,1148.34676712493,22.68630028,26.1300735473633,19.047619047619,7.026,9.529966
Montenegro,2019,Europe,Europe & Central Asia,Upper middle income,MNE,5.54610013961792,76.6829268292683,7470.29237568568,73.4766657478691,65.1686759904159,28.3950617283951,15.128,0.626753
Russian Federation,2019,Europe,Europe & Central Asia,High income,RUS,5.5460000038147,73.0839024390244,9882.0244140625,82.6421618670668,74.6222859951926,15.7777777777778,4.513,145.453291
Kyrgyzstan,2019,Asia,Europe & Central Asia,Lower middle income,KGZ,5.54150009155273,71.6,1201.87701429721,64.1,34.8805205758044,19.1666666666667,5.45,6.590211
Belarus,2019,Europe,Europe & Central Asia,Upper middle income,BLR,5.5398998260498,74.2268292682927,6267.73508743505,82.7891520910901,77.4550771852757,40,4.165,9.419758
North Cyprus,2019,Asia,Europe & Central Asia,High income,CYP,5.53550004959106,81.454,28167.146484375,86.0636299618935,66.7677357070518,17.8571428571429,7.155,1.286671
Greece,2019,Europe,Europe & Central Asia,High income,GRC,5.5149998664856,81.6390243902439,19216.6759579785,75.6712066931757,78.1888100466875,20.6666666666667,17.045,10.721582
Hong Kong SAR of China,2019,Asia,East Asia & Pacific,High income,HKG,5.51039981842041,85.1558536585366,44195.2741142906,91.7434003891587,100,NA,2.917,7.5079
Croatia,2019,Europe,Europe & Central Asia,High income,HRV,5.50470018386841,78.2243902439024,14641.8735578488,79.0797836757554,56.303247958306,20.5298013245033,6.551,3.94939
Libya,2019,Africa,"Middle East, North Africa, Afghanistan & Pakistan",Upper middle income,LBY,5.48880004882813,72.941,8768.4104874586,71.40409851,87.8220115209342,15.9574468085106,19.087,6.951033
Mongolia,2019,Asia,East Asia & Pacific,Upper middle income,MNG,5.45620012283325,71.0531707317073,4337.8167085432,51.079994082603,67.8277299551557,17.3333333333333,9.024,3.267673
Malaysia,2019,Asia,East Asia & Pacific,Upper middle income,MYS,5.38430023193359,75.9,10902.9834855856,84.1871450078281,74.8377707734042,14.4144144144144,3.33,33.440596
Viet Nam,2019,Asia,East Asia & Pacific,Upper middle income,VNM,5.35349988937378,74.211,3241.07648966529,68.6615802057338,34.6239134999511,26.7206477732794,1.681,97.173776
Indonesia,2019,Asia,East Asia & Pacific,Upper middle income,IDN,5.28560018539429,70.349,3850.90321738979,47.6906489788375,55.7382049560547,17.3913043478261,3.59,272.489381
Côte d’Ivoire,2019,Africa,Sub-Saharan Africa,Lower middle income,CIV,5.23330020904541,60.274,2093.09994335779,36.2889545655205,51.3514799771241,10.9803921568627,2.401,28.193009
Benin,2019,Africa,Sub-Saharan Africa,Lower middle income,BEN,5.21600008010864,59.888,1114.17304526443,20.50099945,48.7125500590248,7.2289156626506,1.214,12.726755
Maldives,2019,Asia,South Asia,Upper middle income,MDV,5.1975998878479,79.707,11194.9253748064,77.46970367,40.0492764783282,4.59770114942529,4.562,0.487731
Congo,2019,Africa,Sub-Saharan Africa,Lower middle income,COG,5.1943998336792,63.152,1885.51080877731,16.11639977,63.5176376123385,11.2582781456954,20.494,5.616661
Azerbaijan,2019,Asia,Europe & Central Asia,Upper middle income,AZE,5.16480016708374,73.29,5346.95318604114,81.0999990651547,58.1308191977779,16.8067226890756,5,10.024283
North Macedonia,2019,Europe,Europe & Central Asia,Upper middle income,MKD,5.15980005264282,76.6024390243903,5961.58475399191,81.4128827618364,60.6286848102132,39.1666666666667,17.414,1.876262
Ghana,2019,Africa,Sub-Saharan Africa,Lower middle income,GHA,5.14799976348877,64.455,1999.55372220211,22.0732,55.7246279109161,13.0909090909091,3.067,31.258945
Nepal,2019,Asia,South Asia,Lower middle income,NPL,5.13719987869263,69.299,1077.11796498188,33.33660126,65.9873929484157,32.7272727272727,10.477,28.414064
Türkiye,2019,Asia,Europe & Central Asia,Upper middle income,TUR,5.13180017471313,77.737,12238.2950220128,73.9767022871511,88.6618152857124,17.4496644295302,13.73,82.57944
China,2019,Asia,East Asia & Pacific,Upper middle income,CHN,5.12389993667603,77.94,10356.2924890582,64.080881297515,62.7099151611328,24.9411764705882,4.56,1407.745
Turkmenistan,2019,Asia,Europe & Central Asia,Upper middle income,TKM,5.11910009384155,69.405,6719.32320157703,NA,47.0494562466485,25,4.035,6.803944
Bulgaria,2019,Europe,Europe & Central Asia,High income,BGR,5.10150003433228,75.1121951219512,8626.5750265742,67.9469809417603,73.7162322998047,25.8333333333333,4.148,6.616726
Morocco,2019,Africa,"Middle East, North Africa, Afghanistan & Pakistan",Lower middle income,MAR,5.09479999542236,74.245,3364.73950195313,84.1203630467602,61.8430450233765,20.5063291139241,9.191,36.210898
Cameroon,2019,Africa,Sub-Saharan Africa,Lower middle income,CMR,5.08489990234375,61.695,1470.31785276187,36.53919983,53.9487914119331,31.1111111111111,3.632,25.506095
Venezuela,2019,Americas,Latin America & Caribbean,Lower middle income,VEN,5.05319976806641,72.766,1759.05547364548,49.05009842,89.1030100517924,22.1556886227545,5.89,28.938098
Algeria,2019,Africa,"Middle East, North Africa, Afghanistan & Pakistan",Upper middle income,DZA,5.00509977340698,75.682,4672.66408678635,55.79069901,72.4824561380175,25.7575757575758,12.302,43.294546
Senegal,2019,Africa,Sub-Saharan Africa,Lower middle income,SEN,4.98080015182495,67.668,1379.60875249843,43.37969971,49.9443321273477,41.8181818181818,2.863,16.352922
Guinea,2019,Africa,Sub-Saharan Africa,Lower middle income,GIN,4.94929981231689,59.379,926.42221954853,23.89049911,36.1281547546387,22.8070175438596,5.018,13.034346
Niger,2019,Africa,Sub-Saharan Africa,Low income,NER,4.90959978103638,60.031,526.60361746086,11.28549957,16.813146499685,16.9590643274854,0.531,22.947757
Lao PDR,2019,Asia,East Asia & Pacific,Lower middle income,LAO,4.88859987258911,67.911,2554.95638019245,47.03229904,35.9072880879451,27.5167785234899,2.531,7.237636
Albania,2019,Europe,Europe & Central Asia,Upper middle income,ALB,4.88269996643066,79.467,5072.43648354739,68.5503911218006,56.7639071287255,29.5081967213115,11.466,2.5678009999999998
Cambodia,2019,Asia,East Asia & Pacific,Lower middle income,KHM,4.8484001159668,70.127,2008.32094006706,52.305878224498,39.5830241256026,20,0.119,16.481304
Bangladesh,2019,Asia,South Asia,Lower middle income,BGD,4.83279991149902,72.625,1564.20802445636,30.38310051,30.8228396343012,20.6303724928367,4.504,164.91305500000001
Gabon,2019,Africa,Sub-Saharan Africa,Upper middle income,GAB,4.82929992675781,67.337,6817.56879468764,59.51760101,89.9031850170394,17.910447761194,20.371,2.267706
South Africa,2019,Africa,Sub-Saharan Africa,Upper middle income,ZAF,4.81409978866577,66.071,6032.82972598668,69.69689941,63.4127255007908,46.3476070528967,28.468,59.587885
Iraq,2019,Asia,"Middle East, North Africa, Afghanistan & Pakistan",Upper middle income,IRQ,4.78480005264282,71.245,4898.14897668582,44.3263465511579,69.8683395385742,25.2279635258359,14.096,41.192171
Lebanon,2019,Asia,"Middle East, North Africa, Afghanistan & Pakistan",Lower middle income,LBN,4.77150011062622,78.208,8064.04873416236,81.48120117,89.4986743521503,4.6875,11.301,5.794594
Burkina Faso,2019,Africa,Sub-Saharan Africa,Low income,BFA,4.76870012283325,60.184,717.021595096634,9.27180600953186,26.1187254401157,13.3858267716535,4.493,20.961952
Gambia,2019,Africa,Sub-Saharan Africa,Low income,GMB,4.75059986114502,64.427,682.797642940426,31.11829948,61.643210849607,10.3448275862069,4.481,2.456844
Mali,2019,Africa,Sub-Saharan Africa,Low income,MLI,4.72930002212524,59.217,909.751069706998,24.96030045,28.3520715749509,9.52380952380952,3.29,21.068405
Nigeria,2019,Africa,Sub-Saharan Africa,Lower middle income,NGA,4.72410011291504,53.009,2431.53528475874,29.74410057,58.9611186427056,3.38028169014084,5.206,209.485641
Armenia,2019,Asia,Europe & Central Asia,Upper middle income,ARM,4.67679977416992,76.2219512195122,4343.45839583019,66.5439496866159,65.0047033570428,23.4848484848485,18.304,2.9625
Georgia,2019,Asia,Europe & Central Asia,Upper middle income,GEO,4.67259979248047,74.165,4975.81148194814,68.8467135616978,58.6304091780343,14.7651006711409,11.565,3.720161
Iran,2019,Asia,"Middle East, North Africa, Afghanistan & Pakistan",Upper middle income,IRN,4.67239999771118,76.855,4952.45669081078,72.4509047672065,75.2038879394531,5.88235294117647,10.74,87.051648
Jordan,2019,Asia,"Middle East, North Africa, Afghanistan & Pakistan",Upper middle income,JOR,4.63339996337891,76.865,4313.80791426608,70.08470154,91.515966492507,15.3846153846154,16.801,10.671891
Mozambique,2019,Africa,Sub-Saharan Africa,Low income,MOZ,4.62360000610352,61.306,617.13932000195,12.47929955,33.4177241517032,41.2,4.462,29.88438
Kenya,2019,Africa,Sub-Saharan Africa,Lower middle income,KEN,4.58300018310547,62.939,1645.70961777862,22.6687733618171,31.1895566421135,21.7765042979943,5.014,51.202827
Namibia,2019,Africa,Sub-Saharan Africa,Lower middle income,NAM,4.57110023498535,63.546,4243.09274481966,49.77590179,48.0019807724839,42.7083333333333,19.929,2.650494
Ukraine,2019,Europe,Europe & Central Asia,Upper middle income,UKR,4.56069993972778,73.92,2398.07836914063,70.1248442995263,69.3527648708735,20.5188679245283,8.194,44.957458
Liberia,2019,Africa,Sub-Saharan Africa,Low income,LBR,4.55789995193481,61.232,636.699384824869,19.89579964,52.85526226447,12.3287671232877,3.071,5.043721
State of Palestine,2019,Asia,"Middle East, North Africa, Afghanistan & Pakistan",Lower middle income,PSE,4.55280017852783,75.811,3378.4346209191,70.6225837001758,85.8136174183656,NA,25.34,4.685306
Uganda,2019,Africa,Sub-Saharan Africa,Low income,UGA,4.43200016021729,66.354,920.939101515671,11.72579956,27.8369781799403,34.8583877995643,3.057,42.999637
Chad,2019,Africa,Sub-Saharan Africa,Low income,TCD,4.42269992828369,52.993,917.203710060136,7.618199825,24.2731047386633,14.8809523809524,1.077,16.685223
Tunisia,2019,Africa,"Middle East, North Africa, Afghanistan & Pakistan",Lower middle income,TUN,4.39219999313354,75.599,4153.27978615515,66.6999983024144,68.8206382576031,22.5806451612903,17.153,11.875081
Mauritania,2019,Africa,Sub-Saharan Africa,Lower middle income,MRT,4.37459993362427,67.64,1609.15396170643,25.0977993,56.0596215779146,20.2614379084967,10.416,4.467708
Sri Lanka,2019,Asia,South Asia,Upper middle income,LKA,4.3270001411438,76.698,4455.78188788143,32.02090073,19.4946326418437,5.33333333333333,4.67,21.803
DR Congo,2019,Africa,Sub-Saharan Africa,Low income,COD,4.31099987030029,60.242,482.524295129472,13.02970028,42.8747090907476,10,4.605,92.947442
Swaziland,2019,Africa,Sub-Saharan Africa,Lower middle income,SWZ,4.30810022354126,59.85,3759.67106964666,43.93389893,24.3459549517751,7.2463768115942,28.222,1.179874
Myanmar,2019,Asia,East Asia & Pacific,Lower middle income,MMR,4.30800008773804,66.457,1440.98988236734,36.54050064,30.0782436945232,11.3163972286374,0.407,52.640713
Comoros,2019,Africa,Sub-Saharan Africa,Lower middle income,COM,4.28859996795654,65.662,1389.36488014859,16.38380051,31.7287584068243,6.06060606060606,3.926,0.786578
Togo,2019,Africa,Sub-Saharan Africa,Lower middle income,TGO,4.18720006942749,61.061,900.166602437871,20.72730064,41.445731197295,16.4835164835165,2.036,7.619925
Ethiopia,2019,Africa,Sub-Saharan Africa,Low income,ETH,4.18620014190674,65.741,744.702789740042,15.98460007,21.2486705780029,38.7568555758684,2.928,115.737383
Madagascar,2019,Africa,Sub-Saharan Africa,Low income,MDG,4.16559982299805,63.504,467.27741349648,9.379400253,30.3046972370204,15.8940397350993,2.479,28.219554
Egypt,2019,Africa,"Middle East, North Africa, Afghanistan & Pakistan",Lower middle income,EGY,4.15140008926392,71.213,3701.2446344954,57.2828663990195,42.4812027332648,14.9328859060403,7.851,107.553158
Sierra Leone,2019,Africa,Sub-Saharan Africa,Low income,SLE,3.92639994621277,59.593,1046.96778078594,15.71370029,42.7018444914441,12.3287671232877,3.204,7.731991
Burundi,2019,Africa,Sub-Saharan Africa,Low income,BDI,3.77530002593994,62.18,270.411005710809,6.072199821,18.786178154187,36.3636363636364,1.043,12.255336
Zambia,2019,Africa,Sub-Saharan Africa,Lower middle income,ZMB,3.75939989089966,62.914,1301.18132976178,14.47189999,43.4897864547552,17.9640718562874,5.538,18.513839
Haiti,2019,Americas,Latin America & Caribbean,Lower middle income,HTI,3.72079992294312,64.328,1394.42114071112,35.76409912,52.0069059952475,2.54237288135593,14.095,11.105163
Lesotho,2019,Africa,Sub-Saharan Africa,Lower middle income,LSO,3.6528000831604,55.249,1040.99351014117,42.301733569273,38.6040920446259,23.3333333333333,16.876,2.209405
India,2019,Asia,South Asia,Lower middle income,IND,3.57329988479614,70.746,1936.03067741063,29.52350044,33.8139578818147,14.3911439114391,6.51,1389.030312
Malawi,2019,Africa,Sub-Saharan Africa,Low income,MWI,3.53800010681152,64.995,569.866249371948,11.05860043,16.1383746619001,22.9166666666667,4.964,19.025752
Botswana,2019,Africa,Sub-Saharan Africa,Upper middle income,BWA,3.47889995574951,67.167,6951.73189051146,48.82279968,66.3271694845464,10.7692307692308,20.094,2.332083
Tanzania,2019,Africa,Sub-Saharan Africa,Lower middle income,TZA,3.47620010375977,66.007,1051.7666015625,16.59090042,33.3475258518752,36.8956743002545,1.735,59.174891
Central African Republic,2019,Africa,Sub-Saharan Africa,Low income,CAF,3.47589993476868,31.53,401.82582161435,7.509200096,41.7800430407332,8.57142857142857,5.916,4.944703
Rwanda,2019,Africa,Sub-Saharan Africa,Low income,RWA,3.31229996681213,66.691,863.872077583172,21.3579998,22.9711026997362,61.25,11.236,12.776103
Zimbabwe,2019,Africa,Sub-Saharan Africa,Lower middle income,ZWE,3.2992000579834,61.06,1357.53087818754,26.5883007,36.1837638266364,31.8518518518519,7.373,15.271368
Afghanistan,2019,Asia,"Middle East, North Africa, Afghanistan & Pakistan",Low income,AFG,2.56690001487732,62.941,557.861533207459,17.60000038,25.1437258839803,27.8688524590164,11.187,37.856121
Finland,2018,Europe,Europe & Central Asia,High income,FIN,7.769,81.7341463414634,45337.2409550575,88.8899599985585,72.3423467740343,42,7.361,5.515525
Denmark,2018,Europe,Europe & Central Asia,High income,DNK,7.6,80.9536585365854,56355.0733084714,97.3192043651002,88.1059762310689,37.4301675977654,5.131,5.793636
Norway,2018,Europe,Europe & Central Asia,High income,NOR,7.554,82.7585365853659,79313.2889434042,96.4916579887094,82.2452112401723,41.4201183431953,3.801,5.311916
Iceland,2018,Europe,Europe & Central Asia,High income,ISL,7.494,82.8609756097561,57731.6523639512,99.0109539916991,93.8526667025487,38.0952380952381,2.704,0.352721
Netherlands,2018,Europe,Europe & Central Asia,High income,NLD,7.488,81.8121951219512,48463.0055608731,91.8918918918919,92.6062472401044,36,3.832,17.231624
Switzerland,2018,Europe,Europe & Central Asia,High income,CHE,7.48,83.7536585365854,88581.0826935584,91.80000305,79.2922201625844,32.5,4.713,8.514329
Sweden,2018,Europe,Europe & Central Asia,High income,SWE,7.343,82.5585365853659,52203.0872589761,89.2469631588137,87.4737430925296,46.1318051575931,6.365,10.175214
New Zealand,2018,Oceania,East Asia & Pacific,High income,NZL,7.307,81.7073170731707,40257.9139260803,89,83.8017846685577,38.3333333333333,4.335,4.9006
Canada,2018,Americas,North America,High income,CAN,7.278,81.8036585365854,44907.3887994469,94.64,81.5500341646653,26.9461077844311,5.837,37.07262
Austria,2018,Europe,Europe & Central Asia,High income,AUT,7.246,81.6926829268293,45951.5819164034,87.4791372262556,68.1046787227623,34.4262295081967,4.933,8.840521
Australia,2018,Oceania,East Asia & Pacific,High income,AUS,7.228,82.7487804878049,58772.7063152213,90.0082016,87.226768084592507,28.6666666666667,5.345,24.963258
Costa Rica,2018,Americas,Latin America & Caribbean,High income,CRI,7.167,80.09,12708.8042828359,73.4797284369906,76.5544308439668,45.6140350877193,9.01,4.957818
Israel,2018,Asia,"Middle East, North Africa, Afghanistan & Pakistan",High income,ISR,7.139,82.8024390243903,38695.0100079706,83.7331569615326,91.6456193546346,27.5,3.917,8.8828
Luxembourg,2018,Europe,Europe & Central Asia,High income,LUX,7.09,82.2951219512195,106788.661202756,97.061298705829,92.6709441899184,20,5.589,0.60795
United Kingdom,2018,Europe,Europe & Central Asia,High income,GBR,7.054,81.2560975609756,47516.2099770322,90.692008988783,82.4465657551295,32.1538461538462,4.145,66.287
Ireland,2018,Europe,Europe & Central Asia,High income,IRL,7.021,82.2048780487805,74029.0550611436,87.0001401148942,63.0844503476779,22.1518987341772,5.741,4.898022
Germany,2018,Europe,Europe & Central Asia,High income,DEU,6.985,80.8926829268293,43905.8550061973,87.037112092841,81.1423036204018,30.7475317348378,3.384,82.905782
Belgium,2018,Europe,Europe & Central Asia,High income,BEL,6.923,81.5951219512195,42208.3625650272,88.6473429951691,86.8883449485575,38,5.941,11.427054
United States,2018,Americas,North America,High income,USA,6.892,78.6390243902439,59817.6556798612,88.498903165152,80.2804567987377,23.5023041474654,3.896,328.529577
Czechia,2018,Europe,Europe & Central Asia,High income,CZE,6.852,79.0292682926829,19736.6295261285,80.6881675434288,72.8498744351241,22,2.246,10.629928
United Arab Emirates,2018,Asia,"Middle East, North Africa, Afghanistan & Pakistan",High income,ARE,6.825,82.449,43377.802601486,98.4500017817194,84.8601805824625,22.5,2.236,9.346701
Malta,2018,Europe,"Middle East, North Africa, Afghanistan & Pakistan",High income,MLT,6.726,82.2487804878049,29536.7913868949,81.6580442928014,94.7242373261706,11.9402985074627,3.956,0.483903
Mexico,2018,Americas,Latin America & Caribbean,Upper middle income,MEX,6.595,74.301,10296.8690940459,56.6595667981289,78.0271223924494,48.2,3.275,124.573711
France,2018,Europe,Europe & Central Asia,High income,FRA,6.592,82.6756097560976,38062.4435961412,82.0431867788484,78.6714432536599,39.5833333333333,9.018,67.158348
Chile,2018,Americas,Latin America & Caribbean,High income,CHL,6.444,80.559,13763.0068844795,84.90000153,87.9620493753008,22.5806451612903,7.623,18.893191
Guatemala,2018,Americas,Latin America & Caribbean,Upper middle income,GTM,6.436,71.496,4040.21214374742,41.5,53.845962303542,12.6582278481013,2.283,16.845685
Saudi Arabia,2018,Asia,"Middle East, North Africa, Afghanistan & Pakistan",High income,SAU,6.375,78.75,24393.5188306638,93.3100018480347,83.4708425884849,19.8675496688742,6.029,30.196281
Qatar,2018,Asia,"Middle East, North Africa, Afghanistan & Pakistan",High income,QAT,6.374,82.714,64410.8171280981,99.6528491261175,99.0755684762244,9.75609756097561,0.11,2.580734
Spain,2018,Europe,Europe & Central Asia,High income,ESP,6.354,83.4317073170732,27956.7225466484,86.107235525659,79.5580057813361,39.1428571428571,15.255,46.782011
Panama,2018,Americas,Latin America & Caribbean,High income,PAN,6.321,78.266,15375.6500855703,61.8055313202468,65.7099285144924,18.3098591549296,5.161,4.16786
Brazil,2018,Americas,Latin America & Caribbean,Upper middle income,BRA,6.3,75.633,8722.33630317935,70.4342825404361,86.4420719945072,15.009746588694,12.329,206.107261
Uruguay,2018,Americas,Latin America & Caribbean,High income,URY,6.293,77.527,17608.94412947,80.7268428795854,95.2942581176758,20.2020202020202,8.336,3.394534
Singapore,2018,Asia,East Asia & Pacific,High income,SGP,6.262,83.2975609756098,61101.5252578902,88.1656360313447,100,23,3.613,5.638676
El Salvador,2018,Americas,Latin America & Caribbean,Upper middle income,SLV,6.253,71.384,4046.16291720583,43.79999924,71.7577209472656,30.952380952381,4.006,6.219807
Italy,2018,Europe,Europe & Central Asia,High income,ITA,6.223,83.3463414634146,31963.6417148824,74.3871829234822,69.4800033569336,35.7142857142857,10.538,59.877221
Bahrain,2018,Asia,"Middle East, North Africa, Afghanistan & Pakistan",High income,BHR,6.199,80.412,24059.7838641562,98.6446725799886,100,15,1.188,1.503091
Slovakia,2018,Europe,Europe & Central Asia,High income,SVK,6.198,77.2658536585366,17869.0149173679,80.4489224826099,53.4881496935559,20,6.544,5.446771
Trinidad and Tobago,2018,Americas,Latin America & Caribbean,High income,TTO,6.192,72.658,17205.615135339,72.76029968,53.9314518934907,30.952380952381,3.497,1.359193
Poland,2018,Europe,Europe & Central Asia,High income,POL,6.182,77.6024390243903,14551.0850277089,77.5417345350006,60.0533306480907,28.0434782608696,3.835,37.97475
Uzbekistan,2018,Asia,Europe & Central Asia,Lower middle income,UZB,6.174,71.999,3559.85436594803,55.2000006732722,50.5814971923828,16,5.392,32.37349
Lithuania,2018,Europe,Europe & Central Asia,High income,LTU,6.149,75.6804878048781,16604.9021440809,79.7225827680518,67.1464742010457,21.2765957446809,6.147,2.8192
Colombia,2018,Americas,Latin America & Caribbean,Upper middle income,COL,6.125,76.579,6353.5464285392,64.1263768204459,77.2804816598084,18.1286549707602,9.36,49.024465
Slovenia,2018,Europe,Europe & Central Asia,High income,SVN,6.118,81.3780487804878,23293.966665323,79.7499765956562,55.1913430955675,24.4444444444444,5.108,2.073894
Nicaragua,2018,Americas,Latin America & Caribbean,Lower middle income,NIC,6.105,73.879,2107.3396261623,33.9129982,58.3683858659405,45.6521739130435,5.2,6.40008
Kosovo,2018,Europe,Europe & Central Asia,Upper middle income,XKX,6.1,77.117,4009.11952439378,89.4430319734879,42.8378095837429,NA,NA,1.797086
Argentina,2018,Americas,Latin America & Caribbean,Upper middle income,ARG,6.086,76.77,13058.3285449954,77.7,91.7679941327998,38.9105058365759,9.22,44.654882
Romania,2018,Europe,Europe & Central Asia,High income,ROU,6.07,75.3585365853659,10714.1701157127,70.6812779273268,53.1445711571868,20.6686930091185,4.187,19.47397
Cyprus,2018,Asia,Europe & Central Asia,High income,CYP,6.046,81.556,26962.392578125,84.4335825186889,66.8255530496405,17.8571428571429,8.504,1.270737
Ecuador,2018,Americas,Latin America & Caribbean,Upper middle income,ECU,6.028,77.248,6063.0956178776,57.5,63.0433276812321,37.956204379562,3.53,17.049547
Kuwait,2018,Asia,"Middle East, North Africa, Afghanistan & Pakistan",High income,KWT,6.021,80.1063658536585,26706.0191660864,99.5988495907557,100,3.07692307692308,2.202,4.323515
Thailand,2018,Asia,East Asia & Pacific,Upper middle income,THA,6.008,77.19,6314.19948412043,56.8174809301456,54.5843734741211,5.28455284552846,0.765,71.376079
Latvia,2018,Europe,Europe & Central Asia,High income,LVA,5.94,74.7829268292683,15120.0698171804,83.5771748630956,68.0160346376376,31,7.412,1.927174
Republic of Korea,2018,Asia,East Asia & Pacific,High income,KOR,5.895,82.6268292682927,32852.8887488942,96.0228595797887,81.3823523035196,17,3.824,51.585058
Estonia,2018,Europe,Europe & Central Asia,High income,EST,5.893,78.2439024390244,19914.3454922878,89.3570077747426,69.2803532930133,26.7326732673267,5.412,1.321977
Jamaica,2018,Americas,Latin America & Caribbean,Upper middle income,JAM,5.89,71.606,5717.87621107532,68.2145170876072,56.297410990325,17.4603174603175,5.47,2.820097
Mauritius,2018,Africa,Sub-Saharan Africa,Upper middle income,MUS,5.888,74.4163414634146,10805.4615213739,58.596169704299,39.3474905591359,11.5942028985507,6.426,1.265577
Japan,2018,Asia,East Asia & Pacific,High income,JPN,5.886,84.2109756097561,36899.3847079435,88.7463508901772,91.6377318609728,10.1075268817204,2.467,126.811
Honduras,2018,Americas,Latin America & Caribbean,Lower middle income,HND,5.86,72.001,2430.13503657762,36.0400608231468,55.8852577716247,21.09375,5.648,9.76521
Kazakhstan,2018,Asia,Europe & Central Asia,Upper middle income,KAZ,5.809,73.369,10670.2120148279,78.9039190578816,58.2388038921695,27.1028037383178,4.85,18.932727
Bolivia,2018,Americas,Latin America & Caribbean,Lower middle income,BOL,5.779,67.699,3204.53670838005,44.2861422024283,69.4133879813999,53.0769230769231,3.519,11.508368
Hungary,2018,Europe,Europe & Central Asia,High income,HUN,5.758,76.0658536585366,14533.7783144312,76.0743606365063,70.4711761474609,12.5628140703518,3.667,9.706964
Paraguay,2018,Americas,Latin America & Caribbean,Upper middle income,PRY,5.743,73.627,6354.2392005297,64.9935430235756,63.9248988239553,15,6.217,6.427382
North Cyprus,2018,Asia,Europe & Central Asia,High income,CYP,5.718,81.556,26962.392578125,84.4335825186889,66.8255530496405,17.8571428571429,8.504,1.270737
Peru,2018,Americas,Latin America & Caribbean,Upper middle income,PER,5.697,76.018,6593.14437459526,55.0543342443197,82.6854929960921,27.6923076923077,3.492,31.897584
Portugal,2018,Europe,Europe & Central Asia,High income,PRT,5.693,81.3243902439024,20997.7745987013,74.6609681487507,61.1233069673808,34.7826086956522,6.966,10.283822
Pakistan,2018,Asia,"Middle East, North Africa, Afghanistan & Pakistan",Lower middle income,PAK,5.653,66.481,1561.68169819559,15.34000015,36.7478511550359,20.2346041055718,4.083,226.928892
Russian Federation,2018,Europe,Europe & Central Asia,High income,RUS,5.648,72.6621951219512,9674.787109375,80.8647218726954,74.5442926137992,15.7777777777778,4.871,145.398106
Philippines,2018,Asia,East Asia & Pacific,Upper middle income,PHL,5.631,69.761,3410.93647976109,44.09999847,53.2088897464754,29.4520547945205,2.338,109.465287
Serbia,2018,Europe,Europe & Central Asia,Upper middle income,SRB,5.603,75.890243902439,6524.08029755191,73.360709154564,60.8433609008789,34.4,12.733,6.982604
Republic of Moldova,2018,Europe,Europe & Central Asia,Upper middle income,MDA,5.529,70.236,3267.9961042872,72.54239655,40.3258094787598,22.7722772277228,1.239,2.707203
Libya,2018,Africa,"Middle East, North Africa, Afghanistan & Pakistan",Upper middle income,LBY,5.525,73.151,10020.9165751361,47.5,87.818484275334,15.9574468085106,18.865,6.849055
Montenegro,2018,Europe,Europe & Central Asia,Upper middle income,MNE,5.523,77.8853658536585,7159.46778433252,71.5171004874886,65.0854068937869,23.4567901234568,15.19,0.626438
Tajikistan,2018,Asia,Europe & Central Asia,Lower middle income,TJK,5.467,70.737,1094.8002018221,32.59999847,26.2338752746582,19.047619047619,7.028,9.307333
Croatia,2018,Europe,Europe & Central Asia,High income,HRV,5.432,77.919512195122,14061.0597402919,75.2946259897258,56.093170097094,18.5430463576159,8.322,3.988775
Hong Kong SAR of China,2018,Asia,East Asia & Pacific,High income,HKG,5.43,84.869756097561,45280.4971892076,90.5073953294283,100,NA,2.805,7.4526
Dominican Republic,2018,Americas,Latin America & Caribbean,Upper middle income,DOM,5.425,73.555,7818.70593240469,74.8220483597284,73.7589255716938,26.8421052631579,5.861,10.782053
Bosnia and Herzegovina,2018,Europe,Europe & Central Asia,Upper middle income,BIH,5.386,77.942,5360.25201017633,70.1201350394885,48.971927825824,21.4285714285714,18.4,3.387
Türkiye,2018,Asia,Europe & Central Asia,Upper middle income,TUR,5.373,77.454,12255.0082146169,71.0427608433809,88.1655749576173,17.4496644295302,10.956,81.407204
Malaysia,2018,Asia,East Asia & Pacific,Upper middle income,MYS,5.339,75.734,10610.1950240479,81.2010486181174,74.5634625145296,13.9013452914798,3.3,32.910967
Belarus,2018,Europe,Europe & Central Asia,Upper middle income,BLR,5.323,74.1756097560976,6165.91320019277,79.1298866919307,77.2132720947266,34.5454545454545,4.763,9.438785
Greece,2018,Europe,Europe & Central Asia,High income,GRC,5.287,81.7878048780488,18769.0389621976,72.2383733920483,78.0490656849874,18.6666666666667,19.179,10.732882
Mongolia,2018,Asia,East Asia & Pacific,Upper middle income,MNG,5.285,70.8270731707317,4183.85566447661,47.1300018848989,67.8683444833372,17.1052631578947,5.377,3.208189
North Macedonia,2018,Europe,Europe & Central Asia,Upper middle income,MKD,5.274,76.6487804878049,5698.39334484489,79.1677551850871,60.1580316016216,38.3333333333333,21.208,1.889051
Nigeria,2018,Africa,Sub-Saharan Africa,Lower middle income,NGA,5.265,52.669,2431.77857832597,27.74370003,58.1553347527729,5.55555555555556,5.069,204.938755
Kyrgyzstan,2018,Asia,Europe & Central Asia,Lower middle income,KGZ,5.261,71.4,1175.0712778747,62.8,34.9408997219466,19.1666666666667,4.559,6.444079
Turkmenistan,2018,Asia,Europe & Central Asia,Upper middle income,TKM,5.247,69.272,6460.13015920839,NA,47.0423948717765,24.8,4.036,6.655524
Algeria,2018,Africa,"Middle East, North Africa, Afghanistan & Pakistan",Upper middle income,DZA,5.211,75.555,4717.0035885361,49.0384680793271,71.905249845153,25.7575757575758,12.112,42.505035
Morocco,2018,Africa,"Middle East, North Africa, Afghanistan & Pakistan",Lower middle income,MAR,5.208,73.946,3304.7119140625,64.8038651924043,61.5695822753314,20.5063291139241,9.272,35.83976
Azerbaijan,2018,Asia,Europe & Central Asia,Upper middle income,AZE,5.208,73.016,5261.92938234432,79.7999954887896,57.1841534654123,16.8,4.9,9.939771
Lebanon,2018,Asia,"Middle East, North Africa, Afghanistan & Pakistan",Lower middle income,LBN,5.197,78.263,8388.7235123835,80.90000153,89.272833088641,4.6875,10.755,5.984119
Indonesia,2018,Asia,East Asia & Pacific,Upper middle income,IDN,5.192,70.08,3701.32155461912,39.9046386385762,55.0956840515137,19.8214285714286,4.387,269.951846
China,2018,Asia,East Asia & Pacific,Upper middle income,CHN,5.191,77.709,9798.57890566402,65.35839844,61.5001983642578,24.8993288590604,4.31,1402.76
Viet Nam,2018,Asia,East Asia & Pacific,Upper middle income,VNM,5.175,74.1,3048.28327602145,69.8479286837965,33.9410227821412,26.7206477732794,1.161,96.237319
Bhutan,2018,Asia,South Asia,Lower middle income,BTN,5.082,71.711,3300.55006461736,63.48680115,38.4661892776975,14.8936170212766,3.35,0.759759
Cameroon,2018,Africa,Sub-Saharan Africa,Lower middle income,CMR,5.044,61.189,1461.01969999317,29.700000760000002,53.6339873660653,31.1111111111111,3.608,24.806383
Bulgaria,2018,Europe,Europe & Central Asia,High income,BGR,5.011,74.9634146341464,8194.79296320014,64.78201069118,73.600212097168,23.75,5.211,6.710798
Ghana,2018,Africa,Sub-Saharan Africa,Lower middle income,GHA,4.996,64.138,1915.4532323781,43,55.218477566593,12.7272727272727,3.204,30.637585
Côte d’Ivoire,2018,Africa,Sub-Saharan Africa,Lower middle income,CIV,4.944,59.795,2013.32307598499,37.546536130128104,50.8718477756395,10.5882352941176,2.852,27.464173
Nepal,2018,Asia,South Asia,Lower middle income,NPL,4.913,69.036,1021.91492204011,28.60000038,65.8104229225551,32.7272727272727,10.593,28.079689
Jordan,2018,Asia,"Middle East, North Africa, Afghanistan & Pakistan",Upper middle income,JOR,4.906,76.491,4320.029787425,65.2,91.2008859099729,15.3846153846154,18.257,10.462306
Benin,2018,Africa,Sub-Saharan Africa,Lower middle income,BEN,4.883,59.71,1071.50452156932,19,47.9952829275963,7.2289156626506,1.426,12.383347
Congo,2018,Africa,Sub-Saharan Africa,Lower middle income,COG,4.812,64.472,1909.9560382117,11.8071003,63.4434577481975,11.2582781456954,20.84,5.483118
Gabon,2018,Africa,Sub-Saharan Africa,Upper middle income,GAB,4.799,67.043,6724.5961429108,55.42020035,89.4539949981866,NA,20.459,2.212318
Lao PDR,2018,Asia,East Asia & Pacific,Lower middle income,LAO,4.796,67.594,2459.97874636195,36.27130127,35.2050070032013,27.5167785234899,2.897,7.128045
South Africa,2018,Africa,Sub-Saharan Africa,Upper middle income,ZAF,4.722,65.726,6117.2701406047,62.40000153,63.3771545246841,42.7480916030534,26.906,58.613001
Albania,2018,Europe,Europe & Central Asia,Upper middle income,ALB,4.719,79.238,4893.82375538717,65.40000153,56.377000259892,27.8571428571429,12.304,2.607733
Venezuela,2018,Americas,Latin America & Caribbean,Lower middle income,VEN,4.707,72.641,2359.38238345005,NA,89.0659636921159,22.1556886227545,5.468,29.807592
Cambodia,2018,Asia,East Asia & Pacific,Lower middle income,KHM,4.7,69.993,1884.28374817086,65,37.6404336372742,20,0.129,16.274522
State of Palestine,2018,Asia,"Middle East, North Africa, Afghanistan & Pakistan",Lower middle income,PSE,4.696,75.38,3417.79440837962,64.3999937114499,85.5351131070872,NA,26.256,4.569087
Senegal,2018,Africa,Sub-Saharan Africa,Lower middle income,SEN,4.681,67.379,1355.09610863533,35.29999924,48.9001692274485,41.8181818181818,3.453,15.914498
Somalia,2018,Africa,Sub-Saharan Africa,Low income,SOM,4.668,54.767,498.981065013918,NA,50.9506215336872,24.3636363636364,18.7,15.452487
Namibia,2018,Africa,Sub-Saharan Africa,Lower middle income,NAM,4.639,62.579,4400.47537705743,42.8207016,47.4232814423189,46.1538461538462,19.877,2.577327
Niger,2018,Africa,Sub-Saharan Africa,Low income,NER,4.628,59.765,513.423699765289,10.74180031,16.6449011799221,16.9590643274854,0.536,22.188069
Burkina Faso,2018,Africa,Sub-Saharan Africa,Low income,BFA,4.587,59.972,694.492813126351,8.498900414,26.0832202154822,11.0236220472441,4.695,20.438288
Armenia,2018,Asia,Europe & Central Asia,Upper middle income,ARM,4.559,75.619512195122,4027.83393010979,68.2450522610271,64.8502833795679,18.0952380952381,18.966,2.969
Iran,2018,Asia,"Middle East, North Africa, Afghanistan & Pakistan",Upper middle income,IRN,4.548,76.621,5127.22495367018,70.2005650008363,74.8034286499023,5.88235294117647,12.195,86.117998
Guinea,2018,Africa,Sub-Saharan Africa,Lower middle income,GIN,4.534,59.043,899.907328045175,21.8300230430563,35.8554382324219,21.9298245614035,4.835,12.704774
Georgia,2018,Asia,Europe & Central Asia,Upper middle income,GEO,4.519,73.985,4713.6535484530305,62.7179081974285,58.3038181862576,16,12.667,3.726549
Gambia,2018,Africa,Sub-Saharan Africa,Low income,GMB,4.516,64.034,658.127833258563,28.30900002,61.0645869348107,10.3448275862069,4.055,2.399632
Sri Lanka,2018,Asia,South Asia,Upper middle income,LKA,4.366,76.485,4493.03574617534,28.33620071,19.3241083384127,5.77777777777778,4.318,21.67
Kenya,2018,Africa,Sub-Saharan Africa,Lower middle income,KEN,4.509,62.825,1596.69045914945,19.5,31.3940041639796,21.7765042979943,4.284,50.207107
Mauritania,2018,Africa,Sub-Saharan Africa,Lower middle income,MRT,4.49,67.419,1606.91539159026,22.96699905,55.1305077000081,20.2614379084967,10.411,4.337685
Mozambique,2018,Africa,Sub-Saharan Africa,Low income,MOZ,4.466,60.79,621.153734194787,10.899999619999999,32.9902559073541,39.6,4.21,29.018644
Tunisia,2018,Africa,"Middle East, North Africa, Afghanistan & Pakistan",Lower middle income,TUN,4.461,75.37,4127.97005697994,64.1908102327387,68.5485240272509,31.3364055299539,15.459,11.765514
Bangladesh,2018,Asia,South Asia,Lower middle income,BGD,4.456,72.122,1462.25050255713,25.56509972,30.5175656009959,20.2857142857143,4.439,163.523103
Iraq,2018,Asia,"Middle East, North Africa, Afghanistan & Pakistan",Upper middle income,IRQ,4.437,71.116,4749.00921836896,33.92810059,69.8765148865842,25.2279635258359,13.458,40.265624
DR Congo,2018,Africa,Sub-Saharan Africa,Low income,COD,4.418,59.926,495.312105711027,11.69999981,42.4946599159958,8.94308943089431,4.632,90.047644
Mali,2018,Africa,Sub-Saharan Africa,Low income,MLI,4.39,58.873,892.978322787306,21.39999962,27.6999185916288,8.84353741496599,1.62,20.44203
Sierra Leone,2018,Africa,Sub-Saharan Africa,Low income,SLE,4.374,59.059,1015.6678297205,14.42230034,42.2011025267803,12.3287671232877,3.192,7.554563
Myanmar,2018,Asia,East Asia & Pacific,Lower middle income,MMR,4.36,66.232,1361.5683126412,29.37899971,29.993574050729,10.161662817552,0.767,52.272247
Chad,2018,Africa,Sub-Saharan Africa,Low income,TCD,4.35,52.447,898.834794005046,6.956299782,23.8486084924975,15.2542372881356,1.135,16.156531
Ukraine,2018,Europe,Europe & Central Asia,Upper middle income,UKR,4.332,73.569,2308.6669921875,62.5531553933869,69.3157992777909,12.2931442080378,8.799,45.208907
Ethiopia,2018,Africa,Sub-Saharan Africa,Low income,ETH,4.286,65.257,705.96881207336,15.88619995,20.7838096618652,38.7568555758684,2.811,112.664152
Swaziland,2018,Africa,Sub-Saharan Africa,Lower middle income,SWZ,4.212,58.707,3565.54285067501,39.38100052,24.0579295404227,7.2463768115942,26.471,1.168929
Uganda,2018,Africa,Sub-Saharan Africa,Low income,UGA,4.189,65.775,895.07512785438,9.326299667,27.1280475018884,34.2984409799555,3.249,41.565831
Egypt,2018,Africa,"Middle East, North Africa, Afghanistan & Pakistan",Lower middle income,EGY,4.166,70.974,3568.63966286365,46.92433676792,42.4577177449969,14.9328859060403,9.855,105.682094
Zambia,2018,Africa,Sub-Saharan Africa,Lower middle income,ZMB,4.107,62.138,1321.25045711573,14.2999970950012,43.1114735233156,17.9640718562874,5.032,17.973569
Togo,2018,Africa,Sub-Saharan Africa,Lower middle income,TGO,4.085,60.608,876.562800915869,15.5,41.013328267781,17.5824175824176,2.9,7.458206
India,2018,Asia,South Asia,Lower middle income,IND,4.015,70.415,1883.35772705055,20.0813000379384,33.4984353473598,11.8081180811808,7.652,1374.659064
Liberia,2018,Africa,Sub-Saharan Africa,Low income,LBR,3.975,60.999,665.875439637137,17.27770042,52.3245795497906,12.3287671232877,3.058,4.944726
Comoros,2018,Africa,Sub-Saharan Africa,Lower middle income,COM,3.973,65.401,1391.84570443267,NA,31.4073645195839,6.06060606060606,3.975,0.77159
Madagascar,2018,Africa,Sub-Saharan Africa,Low income,MDG,3.933,63.491,459.330367799543,7.747799873,29.9181125346909,19.205298013245,2.303,27.494926
Lesotho,2018,Africa,Sub-Saharan Africa,Lower middle income,LSO,3.802,54.638,1068.44462913373,40.79999924,37.569092747415,22.1311475409836,16.614,2.183603
Burundi,2018,Africa,Sub-Saharan Africa,Low income,BDI,3.775,61.806,267.508692172687,4.019499779,17.6820221982475,36.3636363636364,1.147,11.859446
Zimbabwe,2018,Africa,Sub-Saharan Africa,Lower middle income,ZWE,3.663,60.906,1472.14603844842,25,35.4085538807905,31.4814814814815,6.788,15.034452
Haiti,2018,Americas,Latin America & Caribbean,Lower middle income,HTI,3.597,64.077,1437.35251928349,32.4736271300557,51.374898112219,2.54237288135593,13.934,10.962362
Botswana,2018,Africa,Sub-Saharan Africa,Upper middle income,BWA,3.488,66.371,6843.84612027739,46.12509918,66.1579176461888,9.52380952380952,19.665,2.299141
Syria,2018,Asia,"Middle East, North Africa, Afghanistan & Pakistan",Low income,SYR,3.462,67.371,792.412864720441,33.77000046,74.0612602381775,13.2,13.505,19.577845
Malawi,2018,Africa,Sub-Saharan Africa,Low income,MWI,3.41,64.464,553.528790902088,8.798299789,16.0221486554255,16.6666666666667,5.021,18.528081
Yemen,2018,Asia,"Middle East, North Africa, Afghanistan & Pakistan",Low income,YEM,3.38,65.915,1079.32938366255,NA,34.2106045810864,0,17.593,34.085182
Rwanda,2018,Africa,Sub-Saharan Africa,Low income,RWA,3.334,66.354,808.704812752127,19.16659927,21.5418444579064,61.25,10.759,12.487996
Tanzania,2018,Africa,Sub-Saharan Africa,Lower middle income,TZA,3.231,65.488,1024.01525878906,15.49069977,32.8287423010834,37.1794871794872,1.792,57.437145
Afghanistan,2018,Asia,"Middle East, North Africa, Afghanistan & Pakistan",Low income,AFG,3.203,62.443,553.125151688293,16.799999239999998,24.9991645191406,NA,11.192,36.743039
Central African Republic,2018,Africa,Sub-Saharan Africa,Low income,CAF,3.083,52.297,395.020015455909,5.099999905,41.2824666248606,8.57142857142857,5.825,4.878657
Finland,2017,Europe,Europe & Central Asia,High income,FIN,7.632,81.6317073170732,44862.220404205,87.4689290730615,71.9563038312956,42,8.64,5.508214
Norway,2017,Europe,Europe & Central Asia,High income,NOR,7.594,82.609756097561,78961.7757906168,96.3576012951191,81.9699745912375,41.4201183431953,4.164,5.276968
Denmark,2017,Europe,Europe & Central Asia,High income,DNK,7.555,81.1024390243903,55601.0145717787,97.0993621555621,88.0161943799509,37.4301675977654,5.833,5.76498
Iceland,2017,Europe,Europe & Central Asia,High income,ISL,7.495,82.6609756097561,56657.9800322797,98.2552011867973,93.7718982310092,38.0952380952381,2.742,0.3434
Switzerland,2017,Europe,Europe & Central Asia,High income,CHE,7.487,83.5512195121951,86362.360972862,89.6861476710225,77.9126273688843,32.5,4.797,8.45184
Netherlands,2017,Europe,Europe & Central Asia,High income,NLD,7.441,81.7609756097561,47670.0858101833,93.1972789115646,91.1219700676602,36,4.837,17.131296
Canada,2017,Americas,North America,High income,CAN,7.328,81.8078048780488,44339.433221787804,92.70140076,81.4018945832226,26.2686567164179,6.426,36.545075
New Zealand,2017,Oceania,East Asia & Pacific,High income,NZL,7.324,81.8585365853659,39667.6884236272,87.69999695,84.1701025874108,38.3333333333333,4.736,4.8136
Sweden,2017,Europe,Europe & Central Asia,High income,SWE,7.314,82.409756097561,51894.3748177808,93.0062669652127,87.237373786911,43.5530085959885,6.718,10.057698
Australia,2017,Oceania,East Asia & Pacific,High income,AUS,7.272,82.5,57991.771347333,86.5450488476768,87.12809266445,28.6666666666667,5.592,24.592588
Israel,2017,Asia,"Middle East, North Africa, Afghanistan & Pakistan",High income,ISR,7.19,82.5512195121951,37911.0217281157,81.5811835871611,91.6701057535759,27.5,4.14,8.7133
Austria,2017,Europe,Europe & Central Asia,High income,AUT,7.139,81.6439024390244,45056.6385912412,87.9355865856062,67.9051196052802,34.4262295081967,5.561,8.797566
Costa Rica,2017,Americas,Latin America & Caribbean,High income,CRI,7.072,79.994,12468.5654849336,71.5816646195022,76.0539254265608,35.0877192982456,7.729,4.913177
Ireland,2017,Europe,Europe & Central Asia,High income,IRL,6.977,82.1560975609756,69748.6221034014,84.1140070623844,62.9035196521232,22.1518987341772,6.713,4.827445
Germany,2017,Europe,Europe & Central Asia,High income,DEU,6.965,80.9926829268293,43543.4807050551,84.3941537010844,80.9842544038853,30.7475317348378,3.781,82.657002
Belgium,2017,Europe,Europe & Central Asia,High income,BEL,6.927,81.4926829268293,41619.328629169,87.6796808175598,86.6731739531869,38,7.09,11.375158
Luxembourg,2017,Europe,Europe & Central Asia,High income,LUX,6.91,82.0951219512195,107142.05542835,97.3629603241751,92.0963768119916,28.3333333333333,5.523,0.596336
United States,2017,Americas,North America,High income,USA,6.886,78.5390243902439,58435.9707535619,87.2748891687657,80.4018678392891,19.3548387096774,4.355,326.608609
United Kingdom,2017,Europe,Europe & Central Asia,High income,GBR,6.814,81.2560975609756,47019.4510419999,90.4245504868553,82.23065673273,32,4.501,65.964
United Arab Emirates,2017,Asia,"Middle East, North Africa, Afghanistan & Pakistan",High income,ARE,6.774,82.388,43293.0202360765,94.8199225383446,84.686675718659,22.5,2.462,9.223225
Czechia,2017,Europe,Europe & Central Asia,High income,CZE,6.711,78.9780487804878,19257.6930680911,78.7191728513432,72.9121853567256,22,2.893,10.594438
Malta,2017,Europe,"Middle East, North Africa, Afghanistan & Pakistan",High income,MLT,6.627,82.1951219512195,28546.6464943104,81.0119110762945,94.5691806330314,11.9402985074627,4.008,0.467106
France,2017,Europe,Europe & Central Asia,High income,FRA,6.489,82.5756097560976,37580.5979329356,80.5024597243607,78.6467804026368,38.9948006932409,9.409,66.91802
Mexico,2017,Americas,Latin America & Caribbean,Upper middle income,MEX,6.488,74.261,10193.7727188313,53.0317886110982,77.7206924598541,42.6,3.419,123.400057
Chile,2017,Americas,Latin America & Caribbean,High income,CHL,6.476,80.61,13473.3458532934,82.3274869338464,87.8000295757281,NA,7.257,18.558868
Panama,2017,Americas,Latin America & Caribbean,High income,PAN,6.43,77.901,15045.5456426827,59.9506309038683,65.6577712475758,18.3098591549296,5.338,4.098707
Brazil,2017,Americas,Latin America & Caribbean,Upper middle income,BRA,6.419,75.383,8628.25308908043,67.4712845236305,86.1982897571091,10.7212475633528,12.792,204.703445
Argentina,2017,Americas,Latin America & Caribbean,Upper middle income,ARG,6.388,76.543,13520.1129846159,74.2949068657957,91.6776028433824,38.1322957198444,8.347,44.288894
Guatemala,2017,Americas,Latin America & Caribbean,Upper middle income,GTM,6.382,71.583,3972.74059262672,37.90000153,53.7994723140017,12.6582278481013,2.462,16.567357
Uruguay,2017,Americas,Latin America & Caribbean,High income,URY,6.379,77.618,17611.6036800874,70.3223543994698,95.2288235732042,20.2020202020202,7.89,3.388438
Qatar,2017,Asia,"Middle East, North Africa, Afghanistan & Pakistan",High income,QAT,6.374,82.458,64497.6987225375,97.3888491654164,99.0310125265978,9.75609756097561,0.14,2.54582
Saudi Arabia,2017,Asia,"Middle East, North Africa, Afghanistan & Pakistan",High income,SAU,6.371,78.721,23035.1199977707,94.1755996113911,83.300690534822,19.8675496688742,5.89,30.977355
Singapore,2017,Asia,East Asia & Pacific,High income,SGP,6.343,83.0951219512195,59493.3758595703,84.4522678893074,100,23,4.2,5.612253
Malaysia,2017,Asia,East Asia & Pacific,Upper middle income,MYS,6.322,75.542,10293.762920536201,80.1404790103961,74.2354806421432,10.3603603603604,3.41,32.355644
Spain,2017,Europe,Europe & Central Asia,High income,ESP,6.31,83.2829268292683,27426.281015093,84.6022457016524,79.4663233085683,39.1428571428571,17.224,46.571232
Colombia,2017,Americas,Latin America & Caribbean,Upper middle income,COL,6.26,76.418,6309.67745292518,62.2598803162841,77.2245191706503,18.6746987951807,9.086,48.131078
Trinidad and Tobago,2017,Americas,Latin America & Caribbean,High income,TTO,6.192,72.984,17402.6155328454,70.59999847,53.9293186833833,30.952380952381,3.389,1.356633
Slovakia,2017,Europe,Europe & Central Asia,High income,SVK,6.173,77.1658536585366,17195.2888721963,81.6256675172655,53.6126018237016,20,8.142,5.439232
El Salvador,2017,Americas,Latin America & Caribbean,Upper middle income,SLV,6.167,71.007,3954.84014277572,33.8207289048526,71.0856704711914,32.1428571428571,4.385,6.213533
Nicaragua,2017,Americas,Latin America & Caribbean,Lower middle income,NIC,6.141,73.389,2209.63273423213,30.39999962,58.1892567408822,45.6521739130435,3.3,6.316231
Poland,2017,Europe,Europe & Central Asia,High income,POL,6.123,77.7536585365854,13695.6452848724,75.9853659493832,60.145888199417,28.0434782608696,4.867,37.974826
Bahrain,2017,Asia,"Middle East, North Africa, Afghanistan & Pakistan",High income,BHR,6.105,80.407,23606.8867501313,95.8781357543453,100,7.5,1.18,1.501116
Uzbekistan,2017,Asia,Europe & Central Asia,Lower middle income,UZB,6.096,71.737,3425.78819696408,48.6999988524556,50.6787376403809,16,5.83,31.819178
Kuwait,2017,Asia,"Middle East, North Africa, Afghanistan & Pakistan",High income,KWT,6.083,79.9160731707317,27048.3706935958,97.9999893344615,100,3.07692307692308,2.23,4.154812
Thailand,2017,Asia,East Asia & Pacific,Upper middle income,THA,6.072,76.989,6076.74307700082,52.8919293439676,49.2311973571777,4.8,0.83,71.160187
Italy,2017,Europe,Europe & Central Asia,High income,ITA,6,82.9463414634147,31635.52277108,63.0773469984291,69.5180784259382,30.952380952381,11.211,60.002252
Ecuador,2017,Americas,Latin America & Caribbean,Upper middle income,ECU,5.973,76.22,6104.27253521751,55.79999924,63.0194591842425,37.956204379562,3.836,16.759519
Belize,2017,Americas,Latin America & Caribbean,Upper middle income,BLZ,5.956,72.062,5767.61921963762,48.8771019,43.4211086747287,9.375,6.596,0.373202
Lithuania,2017,Europe,Europe & Central Asia,High income,LTU,5.952,75.4804878048781,15695.9993288456,77.6152565124514,67.1012954711914,21.2765957446809,7.073,2.842639
Slovenia,2017,Europe,Europe & Central Asia,High income,SVN,5.948,81.0292682926829,22397.7634988337,78.8854263554775,55.2451133728027,36.6666666666667,6.564,2.066388
Romania,2017,Europe,Europe & Central Asia,High income,ROU,5.945,75.209756097561,10106.2269557253,63.7472821822484,53.3648643239046,20.6686930091185,4.927,19.588715
Latvia,2017,Europe,Europe & Central Asia,High income,LVA,5.933,74.6292682926829,14382.8612727134,80.1140770037369,67.9706866054779,16,8.715,1.942248
Japan,2017,Asia,East Asia & Pacific,High income,JPN,5.915,84.099756097561,36547.7357437305,91.7265472366635,91.5498419685883,10.1075268817204,2.822,126.972
Mauritius,2017,Africa,Sub-Saharan Africa,Upper middle income,MUS,5.891,74.5146341463415,10383.8832682578,55.4032403002657,39.4499348663789,11.5942028985507,6.752,1.264887
Jamaica,2017,Americas,Latin America & Caribbean,Upper middle income,JAM,5.89,71.879,5586.1365723133,55.0720670507751,55.9152267548307,17.4603174603175,7.399,2.815764
Republic of Korea,2017,Asia,East Asia & Pacific,High income,KOR,5.875,82.6268292682927,31979.9027302467,95.0694218761004,81.471030429984,17,3.653,51.361911
North Cyprus,2017,Asia,Europe & Central Asia,High income,CYP,5.835,81.543,25665.990234375,80.743188971932,66.8907450570326,17.8571428571429,11.155,1.254275
Russian Federation,2017,Europe,Europe & Central Asia,High income,RUS,5.81,72.4514634146342,9418.99609375,76.0081385339105,74.460036813029,15.7777777777778,5.238,145.29326
Kazakhstan,2017,Asia,Europe & Central Asia,Upper middle income,KAZ,5.79,72.996,10404.2718646317,76.4267482325439,57.4586448748837,27.1028037383178,4.9,18.651931
Cyprus,2017,Asia,Europe & Central Asia,High income,CYP,5.762,81.543,25665.990234375,80.743188971932,66.8907450570326,17.8571428571429,11.155,1.254275
Bolivia,2017,Americas,Latin America & Caribbean,Lower middle income,BOL,5.752,67.536,3160.16421247588,43.83229828,69.0838016274736,53.0769230769231,3.655,11.344587
Estonia,2017,Europe,Europe & Central Asia,High income,EST,5.739,78.0926829268293,19270.8141210511,88.1024568740199,68.9931941915158,26.7326732673267,5.807,1.317384
Paraguay,2017,Americas,Latin America & Caribbean,Upper middle income,PRY,5.681,73.45,6243.13363139058,61.0757562215797,62.9526389826574,13.75,6.138,6.33866
Peru,2017,Americas,Latin America & Caribbean,Upper middle income,PER,5.663,75.958,6457.41940254721,50.4504121848143,82.1931650502403,27.6923076923077,3.691,31.324637
Kosovo,2017,Europe,Europe & Central Asia,Upper middle income,XKX,5.662,77.105,3890.17624537261,83.8935968102791,41.7578065585746,NA,NA,1.791019
Republic of Moldova,2017,Europe,Europe & Central Asia,Upper middle income,MDA,5.64,70.375,3085.33305844263,71.76709747,39.9736557006836,22.7722772277228,1.622,2.755189
Turkmenistan,2017,Asia,Europe & Central Asia,Upper middle income,TKM,5.636,69.19,6221.41962759021,NA,47.0334857399476,25.8064516129032,4.035,6.507061
Hungary,2017,Europe,Europe & Central Asia,High income,HUN,5.62,75.8170731707317,13734.2442804335,76.7505471201922,70.4542541503906,10.0502512562814,4.156,9.726756
Libya,2017,Africa,"Middle East, North Africa, Afghanistan & Pakistan",Upper middle income,LBY,5.566,72.721,9435.60060040046,47.5,87.8166729870528,15.9574468085106,19.053,6.73877
Philippines,2017,Asia,East Asia & Pacific,Upper middle income,PHL,5.524,69.966,3247.4503878362,41.59999847,52.6010482354344,29.4520547945205,2.552,108.119693
Honduras,2017,Americas,Latin America & Caribbean,Lower middle income,HND,5.504,71.805,2383.37398439714,31.7357924661485,55.3877322339915,NA,5.528,9.588137
Belarus,2017,Europe,Europe & Central Asia,Upper middle income,BLR,5.483,74.1292682926829,5964.89668834561,74.4364454136036,77.0208206176758,34.5454545454545,5.648,9.458989
Türkiye,2017,Asia,Europe & Central Asia,Upper middle income,TUR,5.483,77.037,12005.6459824832,64.6846176835371,88.0320472717286,14.5719489981785,10.919,80.312698
Pakistan,2017,Asia,"Middle East, North Africa, Afghanistan & Pakistan",Lower middle income,PAK,5.472,66.223,1495.26187528032,13.77999973,36.435154822339904,20.5882352941176,3.204,223.273967
Hong Kong SAR of China,2017,Asia,East Asia & Pacific,High income,HKG,5.43,84.6956097560976,44380.8176753147,89.4159446487565,100,NA,3.124,7.3932
Portugal,2017,Europe,Europe & Central Asia,High income,PRT,5.41,81.4243902439025,20364.1962735946,73.7912139515729,61.1296726507436,34.7826086956522,8.878,10.3003
Serbia,2017,Europe,Europe & Central Asia,Upper middle income,SRB,5.398,75.5390243902439,6200.26118592152,70.3308355269141,60.621208190918,34.4,13.477,7.020858
Greece,2017,Europe,Europe & Central Asia,High income,GRC,5.358,81.2878048780488,18352.0884461258,69.8929706543154,77.8895342613411,18.3333333333333,21.413,10.754679
Tajikistan,2017,Asia,Europe & Central Asia,Lower middle income,TJK,5.352,70.524,1042.26391757642,21.95999908,26.2731513977051,19.047619047619,7.035,9.085946
Montenegro,2017,Europe,Europe & Central Asia,Upper middle income,MNE,5.347,76.6853658536585,6840.90834101224,71.2723325399382,64.9992438680584,23.4567901234568,16.082,0.625982
Croatia,2017,Europe,Europe & Central Asia,High income,HRV,5.321,77.7268292682927,13485.3711360576,67.0961920368478,55.9009887365155,18.5430463576159,11.078,4.041407
Dominican Republic,2017,Americas,Latin America & Caribbean,Upper middle income,DOM,5.302,73.37,7379.39978067137,67.5712453277737,73.926806252977,26.8421052631579,5.832,10.666843
Algeria,2017,Africa,"Middle East, North Africa, Afghanistan & Pakistan",Upper middle income,DZA,5.295,75.431,4742.90075532529,47.69110107,71.3227912436551,25.7575757575758,12,41.689299
Morocco,2017,Africa,"Middle East, North Africa, Afghanistan & Pakistan",Lower middle income,MAR,5.254,73.608,3242.64428710938,61.7622120123071,61.2761057031842,20.5063291139241,9.22,35.446392
China,2017,Asia,East Asia & Pacific,Upper middle income,CHN,5.246,77.235,9221.35045639842,54.3,60.2402687072754,24.2476060191518,4.47,1396.215
Azerbaijan,2017,Asia,Europe & Central Asia,Upper middle income,AZE,5.201,72.694,5229.25259993413,79,56.4331887124691,16.8,5,9.854033
Lebanon,2017,Asia,"Middle East, North Africa, Afghanistan & Pakistan",Lower middle income,LBN,5.199,78.192,8305.57405425721,78.18080139,89.0519233886895,3.125,10.258,6.160128
North Macedonia,2017,Europe,Europe & Central Asia,Upper middle income,MKD,5.185,75.9536585365854,5510.81862920922,74.5168241807954,59.7437719356273,37.5,22.857,1.898657
Jordan,2017,Asia,"Middle East, North Africa, Afghanistan & Pakistan",Upper middle income,JOR,5.161,76.071,4335.92512689541,64.5,90.8764609714428,15.3846153846154,18.12,10.234226
Nigeria,2017,Africa,Sub-Saharan Africa,Lower middle income,NGA,5.155,52.397,2441.71236404537,25.87789917,57.3486345560101,5.55555555555556,4.83,200.254579
Kyrgyzstan,2017,Asia,Europe & Central Asia,Lower middle income,KGZ,5.131,71.2,1157.1827575806701,50.80530167,34.9980805726839,19.1666666666667,4.425,6.306696
Bosnia and Herzegovina,2017,Europe,Europe & Central Asia,Upper middle income,BIH,5.129,77.385,5099.81602856447,64.8920205128383,48.4918401819106,21.4285714285714,20.527,3.428682
Mongolia,2017,Asia,East Asia & Pacific,Upper middle income,MNG,5.125,70.5434146341463,3956.2049437134,23.71430016,67.9260583223672,17.1052631578947,6.359,3.148917
Viet Nam,2017,Asia,East Asia & Pacific,Upper middle income,VNM,5.103,74.026,2868.13680013379,58.1400000036297,33.3625963003742,26.7206477732794,1.874,95.176977
Indonesia,2017,Asia,East Asia & Pacific,Upper middle income,IDN,5.093,69.953,3553.51999262321,32.335806250688,54.4541015625,19.8214285714286,3.783,267.346658
Bhutan,2017,Asia,South Asia,Lower middle income,BTN,5.082,71.413,3211.80903275593,54.33549881,37.8645544995016,8.51063829787234,3.027,0.754335
Somalia,2017,Africa,Sub-Saharan Africa,Low income,SOM,4.982,52.19,506.501098879426,NA,48.3639630032265,24.3636363636364,18.455,14.916629
Cameroon,2017,Africa,Sub-Saharan Africa,Lower middle income,CMR,4.975,60.817,1444.90682916573,23.2029719748646,53.3115142121504,31.1111111111111,3.573,24.128601
Bulgaria,2017,Europe,Europe & Central Asia,High income,BGR,4.933,74.8146341463415,7899.11056589871,63.4101013837926,73.3904571533203,23.75,6.164,6.803468
Nepal,2017,Asia,South Asia,Lower middle income,NPL,4.88,68.74,951.857298563641,24.3,65.5768928085184,29.5798319327731,10.66,28.011258
Venezuela,2017,Americas,Latin America & Caribbean,Lower middle income,VEN,4.806,71.903,2863.33227846365,NA,89.0287726100378,22.1556886227545,5.045,30.565323
Gabon,2017,Africa,Sub-Saharan Africa,Upper middle income,GAB,4.758,66.816,6840.05959347802,51.60490036,89.0009733256896,17.0940170940171,20.307,2.1569
State of Palestine,2017,Asia,"Middle East, North Africa, Afghanistan & Pakistan",Lower middle income,PSE,4.743,75.216,3462.97986107136,63.29999924,85.3782255354,NA,25.677,4.454805
South Africa,2017,Africa,Sub-Saharan Africa,Upper middle income,ZAF,4.724,65.422,6125.6920507497,56.16740036,63.3311078299936,41.8367346938776,27.035,57.635162
Iran,2017,Asia,"Middle East, North Africa, Afghanistan & Pakistan",Upper middle income,IRN,4.707,76.396,5395.2398398598,64.0439736249513,74.4011840820312,5.88235294117647,12.232,85.026754
Côte d’Ivoire,2017,Africa,Sub-Saharan Africa,Lower middle income,CIV,4.671,59.315,1972.81431788947,43.8399208514876,50.3977309654344,10.5882352941176,3.272,26.733372
Ghana,2017,Africa,Sub-Saharan Africa,Lower middle income,GHA,4.657,63.829,1841.44636153249,37.88420105,54.6991419779128,12.7272727272727,3.369,30.008354
Senegal,2017,Africa,Sub-Saharan Africa,Lower middle income,SEN,4.631,67.059,1312.10932775878,29.64310074,47.9338349639053,41.8181818181818,4.078,15.475002
Lao PDR,2017,Asia,East Asia & Pacific,Lower middle income,LAO,4.623,67.345,2351.57441747595,25.51040077,34.5115346444216,27.5167785234899,3.268,7.018147
Tunisia,2017,Africa,"Middle East, North Africa, Afghanistan & Pakistan",Lower middle income,TUN,4.592,75.177,4062.80606534519,55.5001550633671,68.2877807617188,31.3364055299539,15.33,11.650498
Albania,2017,Europe,Europe & Central Asia,Upper middle income,ALB,4.586,78.9,4648.23078660658,62.40000153,55.980276426546,27.8571428571429,13.616,2.648285
Sierra Leone,2017,Africa,Sub-Saharan Africa,Low income,SLE,4.571,57.761,1010.54694071207,9.297100067,41.7106682105058,12.396694214876,3.656,7.379299
Congo,2017,Africa,Sub-Saharan Africa,Lower middle income,COG,4.559,64.203,2003.27121075187,8.649999619,63.3544545340423,11.2582781456954,20.737,5.351011
Bangladesh,2017,Asia,South Asia,Lower middle income,BGD,4.5,71.606,1373.75363740186,21.5,30.2015798381799,20.2857142857143,4.372,162.186147
Sri Lanka,2017,Asia,South Asia,Upper middle income,LKA,4.471,76.239,4436.00789131029,25.07550049,19.1507693078088,5.77777777777778,4.046,21.453
Iraq,2017,Asia,"Middle East, North Africa, Afghanistan & Pakistan",Upper middle income,IRQ,4.456,69.788,4736.32710809857,25.96920013,69.8944511190753,25.3048780487805,13.02,39.337353
Mali,2017,Africa,Sub-Saharan Africa,Low income,MLI,4.447,58.562,878.561348378099,18.89999962,27.0646702892896,8.84353741496599,1.498,19.813011
Namibia,2017,Africa,Sub-Saharan Africa,Lower middle income,NAM,4.441,61.661,4476.73324402105,36.83739853,46.8135799686288,41.3461538461538,21.748,2.506853
Cambodia,2017,Asia,East Asia & Pacific,Lower middle income,KHM,4.433,69.842,1753.93530504662,32.9002785437986,35.0127905056235,20.3252032520325,0.141,16.073372
Burkina Faso,2017,Africa,Sub-Saharan Africa,Low income,BFA,4.424,59.578,669.276310328333,7.790400028,25.9769918665632,11.0236220472441,4.662,19.894407
Egypt,2017,Africa,"Middle East, North Africa, Afghanistan & Pakistan",Lower middle income,EGY,4.419,70.709,3452.90961245976,44.9502042452857,42.4486008687179,14.9328859060403,11.767,103.696057
Mozambique,2017,Africa,Sub-Saharan Africa,Low income,MOZ,4.417,60.148,618.397694360334,7.7963266079129,32.6274411492675,39.6,3.935,28.166393
Kenya,2017,Africa,Sub-Saharan Africa,Lower middle income,KEN,4.41,62.725,1542.33773973372,17.82710075,31.5383650847102,21.7765042979943,3.542,49.197766
Zambia,2017,Africa,Sub-Saharan Africa,Lower middle income,ZMB,4.377,61.564,1308.76829240086,12.19999981,42.7295979877011,17.9640718562874,4.529,17.44132
Mauritania,2017,Africa,Sub-Saharan Africa,Lower middle income,MRT,4.356,67.088,1580.01453100123,21.01720047,54.1970448502004,25.1700680272109,10.336,4.2106
Ethiopia,2017,Africa,Sub-Saharan Africa,Low income,ETH,4.35,64.766,678.98541915757,15.62440014,20.3084850311279,38.7568555758684,2.665,109.666481
Georgia,2017,Asia,Europe & Central Asia,Upper middle income,GEO,4.34,73.435,4442.50744127374,59.7055045962571,57.9996827205757,16,13.939,3.728004
Armenia,2017,Asia,Europe & Central Asia,Upper middle income,ARM,4.321,75.2170731707317,3815.3747426037,64.7448843250726,64.7124948593667,18.0952380952381,17.704,2.9794
Myanmar,2017,Asia,East Asia & Pacific,Lower middle income,MMR,4.308,65.909,1290.5640902569,23.621081950267,29.9051727703437,10.161662817552,1.356,51.894938
Chad,2017,Africa,Sub-Saharan Africa,Low income,TCD,4.301,51.875,879.075895464417,6.351900101,23.461349471105,12.7659574468085,1.132,15.622759
DR Congo,2017,Africa,Sub-Saharan Africa,Low income,COD,4.245,59.495,482.854682128541,NA,42.1127579403217,8.94308943089431,4.613,87.083398
India,2017,Asia,South Asia,Lower middle income,IND,4.19,70.068,1788.69770318481,18.200000760000002,33.1821328157539,11.8081180811808,7.626,1359.6574
Niger,2017,Africa,Sub-Saharan Africa,Low income,NER,4.166,59.524,497.172608329608,10.2243115586561,16.5036987906896,16.9590643274854,0.556,21.435446
Uganda,2017,Africa,Sub-Saharan Africa,Low income,UGA,4.161,65.174,871.093880017151,7.417900085,26.4139260579546,34.2984409799555,3.428,40.177388
Benin,2017,Africa,Sub-Saharan Africa,Lower middle income,BEN,4.141,59.528,1032.90471194182,18.7,47.2942774880391,7.2289156626506,1.691,12.03978
Sudan,2017,Africa,Sub-Saharan Africa,Low income,SDN,4.139,65.146,1261.87353515625,18.60000038,34.2872225663509,30.5164319248826,13,42.714306
Ukraine,2017,Europe,Europe & Central Asia,Upper middle income,UKR,4.103,73.993,2217.7529296875,58.8894794459775,69.2633108489282,12.2931442080378,9.5,45.436041
Togo,2017,Africa,Sub-Saharan Africa,Lower middle income,TGO,3.999,60.145,851.735728621337,12.3602249692905,40.5809463430719,17.5824175824176,3.744,7.324386
Guinea,2017,Africa,Sub-Saharan Africa,Lower middle income,GIN,3.964,58.715,867.907502577607,18.700000760000002,35.5827331542969,21.9298245614035,4.86,12.385659
Lesotho,2017,Africa,Sub-Saharan Africa,Lower middle income,LSO,3.808,53.874,1097.82166812752,39,36.5283648068846,22.1311475409836,16.379,2.15711
Angola,2017,Africa,Sub-Saharan Africa,Lower middle income,AGO,3.795,62.122,3378.07588102598,26,65.0850525086068,30.4545454545455,16.617,30.234839
Madagascar,2017,Africa,Sub-Saharan Africa,Low income,MDG,3.774,63.433,456.851859574031,6.406000137,29.671033028335,19.205298013245,2.123,26.788375
Zimbabwe,2017,Africa,Sub-Saharan Africa,Lower middle income,ZWE,3.692,60.263,1422.91948946927,24.39999962,34.7014953017273,32.5757575757576,6.35,14.812482
Afghanistan,2017,Asia,"Middle East, North Africa, Afghanistan & Pakistan",Low income,AFG,3.632,62.406,562.769574140988,13.5,24.8352821238871,27.710843373494,11.184,35.688935
Botswana,2017,Africa,Sub-Saharan Africa,Upper middle income,BWA,3.59,65.42,6662.57644805467,43.57640076,65.9456435684731,9.52380952380952,19.671,2.266747
Malawi,2017,Africa,Sub-Saharan Africa,Low income,MWI,3.587,63.914,544.795729220349,7,15.9634281867266,16.6666666666667,5.046,18.039715
Haiti,2017,Americas,Latin America & Caribbean,Lower middle income,HTI,3.582,63.832,1432.67228609541,27.200000760000002,50.735083378449,2.54237288135593,13.932,10.817754
Liberia,2017,Africa,Sub-Saharan Africa,Low income,LBR,3.495,60.777,671.260899835355,16.299999239999998,51.7957569553849,9.85915492957746,3.067,4.848925
Syria,2017,Asia,"Middle East, North Africa, Afghanistan & Pakistan",Low income,SYR,3.462,65.651,795.881817153216,32.70000076,74.5395596323392,13.2,13.603,19.224668
Rwanda,2017,Africa,Sub-Saharan Africa,Low income,RWA,3.408,66.14,765.845359390541,17.2,20.2477568101111,61.25,11.875,12.20206
Yemen,2017,Asia,"Middle East, North Africa, Afghanistan & Pakistan",Low income,YEM,3.355,67.12,1103.45634849842,NA,33.5586912522175,0,18.611,33.090921
Tanzania,2017,Africa,Sub-Saharan Africa,Lower middle income,TZA,3.303,64.963,1001.55895996094,14.46339989,32.2987013317296,37.1794871794872,1.854,55.65289
Central African Republic,2017,Africa,Sub-Saharan Africa,Low income,CAF,3.083,45.231,387.35795131742,4,40.8151443386334,8.57142857142857,5.836,4.793511
Burundi,2017,Africa,Sub-Saharan Africa,Low income,BDI,2.905,61.345,261.725839287239,2.6607485347534,16.6241273909209,36.3636363636364,1.25,11.506762
Norway,2016,Europe,Europe & Central Asia,High income,NOR,7.537,82.4073170731707,77532.2750022669,97.2982036675068,81.6800003051758,39.6449704142012,4.68,5.234519
Denmark,2016,Europe,Europe & Central Asia,High income,DNK,7.522,80.8536585365854,54300.2039621991,96.9677852516645,87.6999969482422,37.4301675977654,5.989,5.72801
Iceland,2016,Europe,Europe & Central Asia,High income,ISL,7.504,82.2048780487805,56049.2928672039,98.23999786,93.7822647094726,47.6190476190476,2.978,0.335439
Switzerland,2016,Europe,Europe & Central Asia,High income,CHE,7.494,83.6024390243903,85951.2234148345,89.1346877351392,76.6726675773771,32,4.918,8.373338
Finland,2016,Europe,Europe & Central Asia,High income,FIN,7.469,81.4292682926829,43529.6761616969,87.7036499599455,71.6158383428171,41.5,8.818,5.495303
Netherlands,2016,Europe,Europe & Central Asia,High income,NLD,7.377,81.5609756097561,46655.0340264754,90.4109589041096,90.5803239452777,37.3333333333333,6.007,17.030314
Canada,2016,Americas,North America,High income,CAN,7.316,81.94,43551.3863558236,91.16000366,81.3023011093703,26.0355029585799,7.038,36.110803
New Zealand,2016,Oceania,East Asia & Pacific,High income,NZL,7.314,81.6585365853659,39205.0341298225,86.5,84.691365594,31.404958677686,5.147,4.7141
Australia,2016,Oceania,East Asia & Pacific,High income,AUS,7.284,82.4487804878049,57632.9995925594,86.54000092,87.0166295249235,28.6666666666667,5.711,24.190907
Sweden,2016,Europe,Europe & Central Asia,High income,SWE,7.284,82.3073170731707,51626.3235312369,89.6509476102355,87,43.5530085959885,6.99,9.923085
Israel,2016,Asia,"Middle East, North Africa, Afghanistan & Pakistan",High income,ISR,7.213,82.4073170731707,37044.0118623764,79.6531241815281,91.6894623646632,26.6666666666667,4.723,8.546
Costa Rica,2016,Americas,Latin America & Caribbean,High income,CRI,7.079,79.988,12084.4351419988,65.8804491942718,75.5423088085047,33.3333333333333,8.085,4.866998
Austria,2016,Europe,Europe & Central Asia,High income,AUT,7.006,81.6414634146342,44362.6702805116,84.3237425711653,67.7218061923556,30.6010928961749,6.064,8.736668
United States,2016,Americas,North America,High income,USA,6.993,78.5390243902439,57430.8499298804,85.5444212887222,80.4976645324131,19.1685912240185,4.869,324.35334
Ireland,2016,Europe,Europe & Central Asia,High income,IRL,6.977,81.6536585365854,64205.979777351,83.5,62.7229399123734,22.1518987341772,8.374,4.762722
Germany,2016,Europe,Europe & Central Asia,High income,DEU,6.951,80.990243902439,42516.9337063103,84.1652066441212,80.8347870684725,36.4500792393027,4.104,82.348669
Belgium,2016,Europe,Europe & Central Asia,High income,BEL,6.891,81.4390243902439,41172.8862831209,86.5164766644457,86.4507790979645,39.3333333333333,7.83,11.331422
Luxembourg,2016,Europe,Europe & Central Asia,High income,LUX,6.863,82.6853658536585,108351.452194449,98.1366986657616,91.5357090052649,28.3333333333333,6.669,0.582014
United Kingdom,2016,Europe,Europe & Central Asia,High income,GBR,6.714,81.1560975609756,45888.7099614563,94.7758006318882,82.0229991698295,29.5839753466872,4.909,65.606
Chile,2016,Americas,Latin America & Caribbean,High income,CHL,6.652,80.295,13505.097711133,83.5585860244169,87.6306290578181,15.8333333333333,6.926,18.267221
United Arab Emirates,2016,Asia,"Middle East, North Africa, Afghanistan & Pakistan",High income,ARE,6.648,82.195,45168.4955973912,90.6000073180483,84.5093991669984,22.5,1.64,8.935095
Brazil,2016,Americas,Latin America & Caribbean,Upper middle income,BRA,6.635,75.081,8577.84376650911,60.8725400681261,85.9487048448108,9.94152046783626,11.58,203.218114
Czechia,2016,Europe,Europe & Central Asia,High income,CZE,6.609,79.0268292682927,18359.0978103904,76.4811986951838,72.9745753395623,20,3.952,10.566332
Argentina,2016,Americas,Latin America & Caribbean,Upper middle income,ARG,6.599,76.105,13265.8860639123,70.9689808206024,91.5856817228217,35.7976653696498,8.088,43.900313
Mexico,2016,Americas,Latin America & Caribbean,Upper middle income,MEX,6.578,74.376,10100.5021195819,59.5404459967255,77.4405087351486,42.4,3.853,122.251351
Singapore,2016,Asia,East Asia & Pacific,High income,SGP,6.572,82.8463414634146,57076.5241936787,84.4522678893074,100,23.7623762376238,4.08,5.607283
Malta,2016,Europe,"Middle East, North Africa, Afghanistan & Pakistan",High income,MLT,6.527,82.3536585365854,25969.4999809345,78.0751488032182,94.4800033569336,12.8571428571429,4.694,0.454505
Uruguay,2016,Americas,Latin America & Caribbean,High income,URY,6.454,77.351,17357.2349992841,66.40000153,95.1585424955685,16.1616161616162,7.841,3.379283
Guatemala,2016,Americas,Latin America & Caribbean,Upper middle income,GTM,6.454,71.215,3924.7789643024,34.50930023,53.6609232857043,13.9240506329114,2.583,16.26876
Panama,2016,Americas,Latin America & Caribbean,High income,PAN,6.452,77.772,14474.1243636349,54,65.5971555296656,18.3098591549296,4.717,4.029086
France,2016,Europe,Europe & Central Asia,High income,FRA,6.442,82.5731707317073,36920.5342846914,79.2698113207547,78.5999114705779,26.1698440207972,10.057,66.724104
Thailand,2016,Asia,East Asia & Pacific,Upper middle income,THA,6.424,76.769,5857.78052935926,47.5049656215909,47.8801095551247,6.09137055837564,0.688,70.859841
Spain,2016,Europe,Europe & Central Asia,High income,ESP,6.403,83.3292682926829,26719.2442268615,80.5613329432179,79.3615955277997,39.1428571428571,19.635,46.458139
Qatar,2016,Asia,"Middle East, North Africa, Afghanistan & Pakistan",High income,QAT,6.375,82.147,67294.4585771356,95.1246621661148,98.9855265345423,0,0.15,2.477113
Colombia,2016,Americas,Latin America & Caribbean,Upper middle income,COL,6.357,76.228,6316.07067782542,58.1364935728703,77.2036266362166,19.8795180722892,8.922,47.437512
Saudi Arabia,2016,Asia,"Middle East, North Africa, Afghanistan & Pakistan",High income,SAU,6.344,78.354,22783.0328538685,74.8792746891625,83.129128630626,19.8675496688742,5.6,30.954198
Trinidad and Tobago,2016,Americas,Latin America & Caribbean,High income,TTO,6.168,72.935,18331.034459758,67.80000305,53.9277523084951,30.952380952381,3.207,1.353895
Kuwait,2016,Asia,"Middle East, North Africa, Afghanistan & Pakistan",High income,KWT,6.105,79.6775853658537,29454.4426388829,85.59999847,100,2,2.16,4.004096
Slovakia,2016,Europe,Europe & Central Asia,High income,SVK,6.098,77.1658536585366,16740.7413996428,80.475857275668,53.7399327086517,20,9.679,5.430798
Bahrain,2016,Asia,"Middle East, North Africa, Afghanistan & Pakistan",High income,BHR,6.087,80.407,23715.2791328712,97.9999807024146,100,7.5,1.19,1.423726
Malaysia,2016,Asia,East Asia & Pacific,Upper middle income,MYS,6.084,75.371,9901.47960179812,78.7883099275229,73.8588978909614,10.3603603603604,3.44,31.789685
Nicaragua,2016,Americas,Latin America & Caribbean,Lower middle income,NIC,6.071,73.18,2140.14405941606,24.57180023,58.0043880782023,45.6521739130435,3.9,6.232666
Ecuador,2016,Americas,Latin America & Caribbean,Upper middle income,ECU,6.008,76.094,5849.13587933672,54.0629247288864,62.9913367571804,41.6058394160584,4.597,16.505139
El Salvador,2016,Americas,Latin America & Caribbean,Upper middle income,SLV,6.003,70.908,3875.84691357954,28.99710083,70.3990173339844,32.1428571428571,4.418,6.2008
Poland,2016,Europe,Europe & Central Asia,High income,POL,5.973,77.8512195121951,13026.1858988718,73.3007040962669,60.2402284228997,27.3913043478261,6.141,37.970087
Uzbekistan,2016,Asia,Europe & Central Asia,Lower middle income,UZB,5.971,71.58,3327.90932206401,46.79130173,50.6572189331055,16,5.16,31.284568
Italy,2016,Europe,Europe & Central Asia,High income,ITA,5.964,83.2439024390244,31077.6792675211,61.3242527666303,69.5969232525286,30.952380952381,11.688,60.115223
Russian Federation,2016,Europe,Europe & Central Asia,High income,RUS,5.963,71.6512195121951,9269.3173828125,73.091434617897,74.3703138709243,12.6666666666667,5.591,145.01546
Belize,2016,Americas,Latin America & Caribbean,Upper middle income,BLZ,5.956,71.843,6012.21296983668,44.57569885,43.6765514309211,3.125,7,0.364705
Japan,2016,Asia,East Asia & Pacific,High income,JPN,5.92,83.9848780487805,35934.4467886662,93.1827212821617,91.4541254852142,9.47368421052632,3.132,127.076
Lithuania,2016,Europe,Europe & Central Asia,High income,LTU,5.902,74.6707317073171,14823.107153522,74.3766455618662,67.1894226074219,21.2765957446809,7.862,2.877325
Algeria,2016,Africa,"Middle East, North Africa, Afghanistan & Pakistan",Upper middle income,DZA,5.872,75.31,4768.73140081027,42.94549942,70.7353778263851,31.6017316017316,10.202,40.850721
Latvia,2016,Europe,Europe & Central Asia,High income,LVA,5.85,74.580487804878,13787.3367440023,79.8420977843089,67.9307110858472,18,9.643,1.959537
Republic of Korea,2016,Asia,East Asia & Pacific,High income,KOR,5.838,82.2756097560976,31005.4072876388,92.843025679607507,81.5559241797057,17,3.65,51.217803
Republic of Moldova,2016,Europe,Europe & Central Asia,Upper middle income,MDA,5.838,70.179,2910.95486872376,70.9999991066624,39.7373237609863,21.7821782178218,1.591,2.803186
Romania,2016,Europe,Europe & Central Asia,High income,ROU,5.825,75.209756097561,9286.87678236598,59.5039512852713,53.5528171972639,13.715710723192,5.901,19.702267
Bolivia,2016,Americas,Latin America & Caribbean,Lower middle income,BOL,5.823,67.392,3077.57057582774,39.69749832,68.7446327876947,53.0769230769231,3.498,11.18002
Turkmenistan,2016,Asia,Europe & Central Asia,Upper middle income,TKM,5.822,69.142,5979.47627661058,17.99029922,47.0227025249994,25.8064516129032,4.026,6.360041
Kazakhstan,2016,Asia,Europe & Central Asia,Upper middle income,KAZ,5.819,72.549,10151.423313302,74.5877264735738,56.7476265001667,27.1028037383178,4.96,18.3636
North Cyprus,2016,Asia,Europe & Central Asia,High income,CYP,5.81,81.534,24477.974609375,75.9002054030125,66.9625604106231,17.8571428571429,13.006,1.237112
Slovenia,2016,Europe,Europe & Central Asia,High income,SVN,5.758,81.1756097560976,21309.7122138949,75.4985042610791,53.647274017334,36.6666666666667,8,2.065042
Peru,2016,Americas,Latin America & Caribbean,Upper middle income,PER,5.715,75.951,6392.25474941014,45.4617406869459,81.4192362241943,27.6923076923077,3.741,30.866494
Mauritius,2016,Africa,Sub-Saharan Africa,Upper middle income,MUS,5.629,74.3948780487805,9997.89198315532,52.19129944,39.5578893260494,11.5942028985507,6.814,1.263747
Cyprus,2016,Asia,Europe & Central Asia,High income,CYP,5.621,81.534,24477.974609375,75.9002054030125,66.9625604106231,17.8571428571429,13.006,1.237112
Estonia,2016,Europe,Europe & Central Asia,High income,EST,5.611,77.6414634146342,18264.9873304279,87.2402327514547,68.724038178078,23.7623762376238,6.882,1.31579
Belarus,2016,Europe,Europe & Central Asia,Upper middle income,BLR,5.569,73.8268292682927,5811.20159182547,71.1130457603832,76.8458709716797,34.5454545454545,5.844,9.469379
Libya,2016,Africa,"Middle East, North Africa, Afghanistan & Pakistan",Upper middle income,LBY,5.525,71.799,7236.16409923502,35,87.8160056703177,15.9574468085106,19.559,6.632126
Türkiye,2016,Asia,Europe & Central Asia,Upper middle income,TUR,5.5,76.595,11279.6169531569,58.3477340145685,88.1020958581776,14.9090909090909,10.899,79.277962
Paraguay,2016,Americas,Latin America & Caribbean,Upper middle income,PRY,5.493,73.487,6041.95879367268,53.4041274791009,62.0827613208606,15,5.255,6.249126
Hong Kong SAR of China,2016,Asia,East Asia & Pacific,High income,HKG,5.472,84.2114634146342,43087.5537128127,87.47941467087,100,NA,3.392,7.3366
Philippines,2016,Asia,East Asia & Pacific,Upper middle income,PHL,5.43,69.49,3076.3374186759,39.20000076,51.9114748151175,29.7945205479452,2.695,106.735719
Serbia,2016,Europe,Europe & Central Asia,Upper middle income,SRB,5.395,75.6878048780488,6024.95754653784,67.0568413716938,60.3853870034026,34,15.257,7.058322
Jordan,2016,Asia,"Middle East, North Africa, Afghanistan & Pakistan",Upper middle income,JOR,5.336,75.55,4326.17261571505,56.15000153,90.56272794707,15.3846153846154,15.275,10.006367
Hungary,2016,Europe,Europe & Central Asia,High income,HUN,5.324,76.0634146341464,13145.6559885563,79.2594121273057,70.4733810424805,10.1010101010101,5.115,9.759755
Jamaica,2016,Americas,Latin America & Caribbean,Upper middle income,JAM,5.311,72.052,5472.28314023034,44.3668563671334,55.549259277615,17.4603174603175,8.634,2.809915
Croatia,2016,Europe,Europe & Central Asia,High income,HRV,5.293,77.9219512195122,12848.473748279,72.6972696701463,55.7294398599808,12.5827814569536,13.015,4.106867
Kosovo,2016,Europe,Europe & Central Asia,Upper middle income,XKX,5.279,76.748,3739.17386677497,NA,40.7783748317802,NA,NA,1.777568
China,2016,Asia,East Asia & Pacific,Upper middle income,CHN,5.273,77.214,8679.22528805041,53.2,58.8399238586426,23.6228455559311,4.56,1387.79
Pakistan,2016,Asia,"Middle East, North Africa, Afghanistan & Pakistan",Lower middle income,PAK,5.269,65.943,1452.18658269177,12.385446763381,36.1597184900333,20.5882352941176,2.285,220.138869
Indonesia,2016,Asia,East Asia & Pacific,Upper middle income,IDN,5.262,69.733,3416.81005170972,25.447353701827,53.812557220459,17.1171171171171,4.301,264.627418
Venezuela,2016,Americas,Latin America & Caribbean,Lower middle income,VEN,5.25,72.002,3374.43091608185,60,88.9914428378712,14.3712574850299,5.319,30.76572
Montenegro,2016,Europe,Europe & Central Asia,Upper middle income,MNE,5.237,76.5414634146342,6634.38197201003,69.8816468416779,64.9101692293409,23.4567901234568,17.732,0.625353
Morocco,2016,Africa,"Middle East, North Africa, Afghanistan & Pakistan",Lower middle income,MAR,5.235,73.228,3124.42504882813,58.271236420398,60.9657656537179,20.5063291139241,9.3,35.023457
Azerbaijan,2016,Asia,Europe & Central Asia,Upper middle income,AZE,5.234,72.568,5272.71817141861,78.2,55.7574797205266,16.8,5,9.757812
Dominican Republic,2016,Americas,Latin America & Caribbean,Upper middle income,DOM,5.23,72.889,7177.75376475488,63.8708647408206,74.0506780735522,26.8421052631579,7.284,10.55143
Greece,2016,Europe,Europe & Central Asia,High income,GRC,5.227,81.3878048780488,18049.928997892,69.0879154723892,77.7122988766348,19.6666666666667,23.514,10.775971
Lebanon,2016,Asia,"Middle East, North Africa, Afghanistan & Pakistan",Lower middle income,LBN,5.225,78.306,8019.1416913426,76.11000061,88.835892633396,3.125,9.794,6.32306
Portugal,2016,Europe,Europe & Central Asia,High income,PRT,5.195,81.1243902439025,19662.82312462,70.423567088723,61.1343011242723,34.7826086956522,11.058,10.325452
Bosnia and Herzegovina,2016,Europe,Europe & Central Asia,Upper middle income,BIH,5.182,77.124,4876.53471495633,60.2565354318987,48.0248845752382,21.4285714285714,25.408,3.473003
Honduras,2016,Americas,Latin America & Caribbean,Lower middle income,HND,5.181,71.615,2315.72983058198,29.5282180796457,54.8868414578857,25.78125,6.727,9.41238
North Macedonia,2016,Europe,Europe & Central Asia,Upper middle income,MKD,5.175,75.4,5429.94678358359,72.1568144676058,59.3823070989891,33.3333333333333,24.312,1.906313
Somalia,2016,Africa,Sub-Saharan Africa,Low income,SOM,5.151,55.283,458.92147682461,1.879999995,45.942842729174,NA,18.611,14.34874
Viet Nam,2016,Asia,East Asia & Pacific,Upper middle income,VNM,5.074,73.984,2715.57887431272,53,32.8476189285136,26.7206477732794,1.848,94.000117
Nigeria,2016,Africa,Sub-Saharan Africa,Lower middle income,NGA,5.074,52.189,2481.81490350403,24.137500760000002,56.541038793347,5.55555555555556,4.499,195.4437
Tajikistan,2016,Asia,Europe & Central Asia,Lower middle income,TJK,5.041,69.982,997.352614556708,20.46999931,26.3718509674072,19.047619047619,7.036,8.865631
Bhutan,2016,Asia,South Asia,Lower middle income,BTN,5.011,71.119,3173.36773217431,46.50320053,37.2745234641407,8.51063829787234,2.707,0.747866
Kyrgyzstan,2016,Asia,Europe & Central Asia,Lower middle income,KGZ,5.004,70.9512195121951,1128.3161612818,40.52619934,35.0515747230627,19.1666666666667,4.294,6.175338
Nepal,2016,Asia,South Asia,Lower middle income,NPL,4.962,68.444,875.188943730855,20.700000760000002,65.2895168835553,29.5798319327731,10.714,27.955462
Mongolia,2016,Asia,East Asia & Pacific,Upper middle income,MNG,4.955,70.2239024390244,3817.91962716702,22.2657705007562,67.9776754820979,17.1052631578947,7.235,3.088856
South Africa,2016,Africa,Sub-Saharan Africa,Upper middle income,ZAF,4.829,64.749,6095.295060428,54,63.2750973439347,42,26.536,57.259551
Tunisia,2016,Africa,"Middle East, North Africa, Afghanistan & Pakistan",Lower middle income,TUN,4.805,75.007,4015.28893802703,49.5999948415756,68.0623356528248,31.3364055299539,15.557,11.528674
State of Palestine,2016,Asia,"Middle East, North Africa, Afghanistan & Pakistan",Lower middle income,PSE,4.775,74.917,3483.09903532972,59.90000153,85.3377390706351,NA,23.939,4.367088
Egypt,2016,Africa,"Middle East, North Africa, Afghanistan & Pakistan",Lower middle income,EGY,4.735,70.437,3381.22246307712,41.2480670885772,42.5210717266225,14.9328859060403,12.45,101.644589
Bulgaria,2016,Europe,Europe & Central Asia,High income,BGR,4.714,74.8121951219512,7586.89174668116,59.825547661014,73.1750030517578,20.4166666666667,7.575,6.894139
Sierra Leone,2016,Africa,Sub-Saharan Africa,Low income,SLE,4.709,56.937,1002.77862282013,7.680099964,41.229411538771,12.396694214876,4.182,7.205328
Cameroon,2016,Africa,Sub-Saharan Africa,Lower middle income,CMR,4.695,60.293,1435.61830727839,20.60000038,52.9815033836792,31.1111111111111,3.529,23.454161
Iran,2016,Asia,"Middle East, North Africa, Afghanistan & Pakistan",Upper middle income,IRN,4.692,76.155,5312.61724954192,53.2267716709857,73.8796100096595,5.88235294117647,12.618,83.812228
Albania,2016,Europe,Europe & Central Asia,Upper middle income,ALB,4.644,78.643,4431.55635814168,59.59999847,55.5738734464276,22.8571428571429,15.418,2.689469
Bangladesh,2016,Asia,South Asia,Lower middle income,BGD,4.608,71.075,1299.83091360792,16.89909935,29.8753915517965,20,4.35,160.811932
Namibia,2016,Africa,Sub-Saharan Africa,Lower middle income,NAM,4.574,60.81,4648.62713460213,31.0333004,46.1751725648784,41.3461538461538,23.352,2.439213
Kenya,2016,Africa,Sub-Saharan Africa,Lower middle income,KEN,4.553,62.526,1517.97796057742,16.6,31.6502520105647,19.7142857142857,2.757,48.139687
Mozambique,2016,Africa,Sub-Saharan Africa,Low income,MOZ,4.55,59.455,620.779714954555,7,32.3819234395234,39.6,3.65,27.337105
Myanmar,2016,Asia,East Asia & Pacific,Lower middle income,MMR,4.545,65.64,1225.37913970989,16,29.8129165582094,9.93071593533487,1.058,51.495696
Senegal,2016,Africa,Sub-Saharan Africa,Lower middle income,SEN,4.535,66.724,1257.40906916238,25.66480064,47.0553579909929,42.6666666666667,4.455,15.034521
Zambia,2016,Africa,Sub-Saharan Africa,Lower middle income,ZMB,4.514,61.129,1303.57513869133,10.30000019,42.3442476889162,17.9640718562874,5.244,16.914423
Iraq,2016,Asia,"Middle East, North Africa, Afghanistan & Pakistan",Upper middle income,IRQ,4.497,68.683,4932.9272911439,19.87719917,69.9123778259643,26.5243902439024,10.82,38.469627
Gabon,2016,Africa,Sub-Saharan Africa,Upper middle income,GAB,4.465,66.583,6991.3251446736,48.0522995,88.5445883406178,14.1666666666667,20.117,2.100306
Ethiopia,2016,Africa,Sub-Saharan Africa,Low income,ETH,4.46,64.162,636.835680951429,15.3669238595896,19.8763618469238,38.7568555758684,2.556,106.718162
Sri Lanka,2016,Asia,South Asia,Upper middle income,LKA,4.44,76.136,4214.74117217382,22.19,18.9747679368162,5.77777777777778,4.242,21.209
Armenia,2016,Asia,Europe & Central Asia,Upper middle income,ARM,4.376,74.8682926829268,3533.88503607007,64.3460297653742,64.5928753345316,10.6870229007634,17.617,2.9923
India,2016,Asia,South Asia,Lower middle income,IND,4.315,69.709,1694.46534973787,16.5,32.8650780972823,11.9705340699816,7.611,1343.944296
Mauritania,2016,Africa,Sub-Saharan Africa,Lower middle income,MRT,4.292,66.823,1531.87725661699,19.23279953,52.9185627319946,25.1700680272109,10.287,4.086657
Congo,2016,Africa,Sub-Saharan Africa,Lower middle income,COG,4.291,63.911,2174.19310251224,8.121899605,63.2515316469123,7.35294117647059,20.298,5.222536
Georgia,2016,Asia,Europe & Central Asia,Upper middle income,GEO,4.286,73.136,4225.09154904806,58.4592896118725,57.6984032005062,16,16.604,3.727505
DR Congo,2016,Africa,Sub-Saharan Africa,Low income,COD,4.28,59.081,480.461377880475,10.1,41.7290483782911,8.94308943089431,4.528,83.956415
Mali,2016,Africa,Sub-Saharan Africa,Low income,MLI,4.19,58.286,860.75307554569,14,26.4468586077195,8.84353741496599,1.367,19.191289
Côte d’Ivoire,2016,Africa,Sub-Saharan Africa,Lower middle income,CIV,4.18,58.814,1889.27777949938,41.2078149304414,49.929991034032,9.16334661354582,1.896,25.989405
Cambodia,2016,Asia,East Asia & Pacific,Lower middle income,KHM,4.168,69.635,1645.46671578126,32.3984517141849,32.4767436038024,20.3252032520325,0.716,15.852803
Sudan,2016,Africa,Sub-Saharan Africa,Low income,SDN,4.139,64.677,1297.15454101563,14.0999999446534,34.1881958841213,30.5164319248826,13.656,41.259892
Ghana,2016,Africa,Sub-Saharan Africa,Lower middle income,GHA,4.12,63.522,1740.81101902928,28,54.167052758274,10.9090909090909,5.256,29.356742
Ukraine,2016,Europe,Europe & Central Asia,Upper middle income,UKR,4.096,73.389,2156.0830078125,53.0009695981884,69.2102241609089,12.0192307692308,9.35,45.616832
Uganda,2016,Africa,Sub-Saharan Africa,Low income,UGA,4.081,64.494,874.648370639216,5.9,25.6953567134098,33.4894613583138,3.002,38.799152
Burkina Faso,2016,Africa,Sub-Saharan Africa,Low income,BFA,4.032,59.173,648.420480176012,7.140999794,25.821510372001,9.44881889763779,4.598,19.334856
Niger,2016,Africa,Sub-Saharan Africa,Low income,NER,4.028,59.228,488.184823801581,4.322800159,16.3898280543236,14.6198830409357,0.55,20.685753
Malawi,2016,Africa,Sub-Saharan Africa,Low income,MWI,3.97,63.163,538.221990810959,6.300000191,15.899632938282,16.6666666666667,5.011,17.557739
Chad,2016,Africa,Sub-Saharan Africa,Low income,TCD,3.936,51.603,923.565872051196,5.800000191,23.1119734707179,14.8936170212766,1.091,15.114655
Zimbabwe,2016,Africa,Sub-Saharan Africa,Lower middle income,ZWE,3.875,59.76,1378.34256192374,23.12000084,34.0799460726314,31.4814814814815,5.896,14.600294
Lesotho,2016,Africa,Sub-Saharan Africa,Lower middle income,LSO,3.808,52.908,1147.58748801671,32.4538569477365,35.5077950709441,25,16.138,2.130422
Angola,2016,Africa,Sub-Saharan Africa,Lower middle income,AGO,3.795,61.619,3505.59634681792,23.200000760000002,64.2992302517989,36.8181818181818,16.572,29.18307
Afghanistan,2016,Asia,"Middle East, North Africa, Afghanistan & Pakistan",Low income,AFG,3.794,62.646,563.872336723147,11,24.6588345720126,27.710843373494,10.116,34.700612
Botswana,2016,Africa,Sub-Saharan Africa,Upper middle income,BWA,3.766,64.32,6490.83463593483,41.16859818,65.6949296854899,9.52380952380952,19.328,2.234776
Benin,2016,Africa,Sub-Saharan Africa,Lower middle income,BEN,3.657,59.283,1006.03926633023,14.5,46.6094559006664,7.2289156626506,1.834,11.697842
Madagascar,2016,Africa,Sub-Saharan Africa,Low income,MDG,3.644,63.431,451.15659433146,4.713699818,29.4239466316878,20.5298013245033,1.949,26.099952
Haiti,2016,Americas,Latin America & Caribbean,Lower middle income,HTI,3.603,63.325,1416.74881879698,22.799999239999998,50.087821148256,0,13.902,10.671457
Yemen,2016,Asia,"Middle East, North Africa, Afghanistan & Pakistan",Low income,YEM,3.593,67.105,1197.95865971172,24.57920074,32.9512008005236,0,18.42,32.10901
Liberia,2016,Africa,Sub-Saharan Africa,Low income,LBR,3.533,60.483,668.031513175601,15.69999981,51.2687310234384,10.958904109589,3.081,4.755608
Guinea,2016,Africa,Sub-Saharan Africa,Lower middle income,GIN,3.507,58.49,807.236421043888,13.100000380000001,35.3100280761719,21.9298245614035,4.997,12.07303
Togo,2016,Africa,Sub-Saharan Africa,Lower middle income,TGO,3.495,59.677,832.959515987733,11.31000042,40.1485878279739,17.5824175824176,2.968,7.200884
Rwanda,2016,Africa,Sub-Saharan Africa,Low income,RWA,3.471,65.733,748.798132068173,14.63710022,19.1213951786548,63.75,11.788,11.919183
Syria,2016,Asia,"Middle East, North Africa, Afghanistan & Pakistan",Low income,SYR,3.462,65.19,802.968607901263,31.8696003,75.15400963398,13.2,13.798,19.193834
Tanzania,2016,Africa,Sub-Saharan Africa,Lower middle income,TZA,3.349,64.404,970.156127929688,13.5042328468919,31.7577303242916,36.5591397849462,1.931,53.824013
Burundi,2016,Africa,Sub-Saharan Africa,Low income,BDI,2.905,60.789,258.061970804063,2.200000048,15.6180905635494,36.3636363636364,1.352,11.239451
Central African Republic,2016,Africa,Sub-Saharan Africa,Low income,CAF,2.693,50.999,376.858254120398,3.0999999049999998,40.3808711749566,7.19424460431655,5.793,4.713663
Denmark,2015,Europe,Europe & Central Asia,High income,DNK,7.526,80.7024390243902,53094.0133607574,96.3305016195436,87.7254056577329,37.4301675977654,6.278,5.683483
Switzerland,2015,Europe,Europe & Central Asia,High income,CHE,7.509,82.8975609756098,85265.06205193,87.4790555978675,75.6044960143169,32,4.801,8.282396
Iceland,2015,Europe,Europe & Central Asia,High income,ISL,7.501,82.4682926829268,53505.6964079339,98.19999695,93.727919768566,41.2698412698413,3.979,0.330815
Norway,2015,Europe,Europe & Central Asia,High income,NOR,7.498,82.3048780487805,77220.9524311414,96.810325691365,81.2378240971353,39.6449704142012,4.296,5.188607
Finland,2015,Europe,Europe & Central Asia,High income,FIN,7.413,81.4804878048781,42560.3456767103,86.4221333325445,71.3054930040604,41.5,9.376,5.479531
Canada,2015,Americas,North America,High income,CAN,7.404,81.8258536585366,43594.2379080706,90,81.2465670276699,26.0355029585799,6.945,35.704498
Netherlands,2015,Europe,Europe & Central Asia,High income,NLD,7.339,81.509756097561,45793.8135434697,91.7241379310345,90.2787737214621,37.3333333333333,6.872,16.939923
New Zealand,2015,Oceania,East Asia & Pacific,High income,NZL,7.334,81.6124390243903,38648.7302562109,85.19999695,85.1518763760531,31.404958677686,5.415,4.6094
Australia,2015,Oceania,East Asia & Pacific,High income,AUS,7.313,82.4,56970.3613028094,84.5605149091408,86.8778642539361,26.6666666666667,6.055,23.815995
Sweden,2015,Europe,Europe & Central Asia,High income,SWE,7.291,82.2048780487805,51188.1652120493,90.6101966398616,86.6158654081858,43.5530085959885,7.432,9.799186
Israel,2015,Asia,"Middle East, North Africa, Afghanistan & Pakistan",High income,ISR,7.267,82.0512195121951,36138.13561386,77.3520896572253,91.7042921554705,26.6666666666667,5.176,8.3801
Austria,2015,Europe,Europe & Central Asia,High income,AUT,7.119,81.190243902439,43915.228020857,83.9401419315026,67.5576175537383,30.6010928961749,5.802,8.642699
United States,2015,Americas,North America,High income,USA,7.104,78.690243902439,56849.4697923159,74.5542024462761,80.5707989535091,19.3548387096774,5.28,321.815121
Costa Rica,2015,Americas,Latin America & Caribbean,High income,CRI,7.087,80.407,11714.7106121672,59.7629501371681,75.0198195767549,33.3333333333333,8.415,4.818038
Puerto Rico,2015,Americas,Latin America & Caribbean,High income,PRI,7.039,80.677,29242.041465085,63.4663353848474,93.7987161428303,NA,12,3.535167
Germany,2015,Europe,Europe & Central Asia,High income,DEU,6.994,80.6414634146341,41929.7549110722,87.5897993525767,80.6974371632814,36.4500792393027,4.612,81.686611
Brazil,2015,Americas,Latin America & Caribbean,Upper middle income,BRA,6.952,75.106,8936.19661712113,58.3279517340924,85.6935697061881,9.94152046783626,8.538,201.675532
Belgium,2015,Europe,Europe & Central Asia,High income,BEL,6.929,80.9926829268293,40893.804537772,85.0529417508701,86.2212893480444,39.3333333333333,8.482,11.274196
Ireland,2015,Europe,Europe & Central Asia,High income,IRL,6.907,81.4536585365854,64250.1385181257,83.4947916666667,62.6392123492764,16.2650602409639,9.908,4.701957
Luxembourg,2015,Europe,Europe & Central Asia,High income,LUX,6.871,82.2926829268293,105462.012584423,96.3767141704759,90.9893679353068,28.3333333333333,6.796,0.569604
Mexico,2015,Americas,Latin America & Caribbean,Upper middle income,MEX,6.778,74.431,10021.2386113616,57.4310429923633,77.1903854182753,42.3694779116466,4.311,121.072306
Singapore,2015,Asia,East Asia & Pacific,High income,SGP,6.739,82.7439024390244,55645.6068614606,79.0129570025584,100,23.9130434782609,3.79,5.535002
United Kingdom,2015,Europe,Europe & Central Asia,High income,GBR,6.725,80.9560975609756,45256.040227057,92.0002998740234,81.8243772295647,29.3846153846154,5.552,65.087
Chile,2015,Americas,Latin America & Caribbean,High income,CHL,6.705,80.008,13433.9202987032,76.6295919508796,87.4653320342387,15.8333333333333,6.605,18.047625
Panama,2015,Americas,Latin America & Caribbean,High income,PAN,6.701,77.583,14082.6548502728,51.2054249948687,65.5287232947981,18.3098591549296,4.335,3.960035
Argentina,2015,Americas,Latin America & Caribbean,Upper middle income,ARG,6.65,76.6,13679.6264980954,68.0430641088122,91.4923019108628,NA,7.577,43.477012
Czechia,2015,Europe,Europe & Central Asia,High income,CZE,6.596,78.5780487804878,17931.5987670768,75.668838699279,73.0370442874355,20,5.048,10.546059
United Arab Emirates,2015,Asia,"Middle East, North Africa, Afghanistan & Pakistan",High income,ARE,6.573,82.076,44910.3458860776,90.5,84.3284383471193,22.5,1.793,8.505237
Uruguay,2015,Americas,Latin America & Caribbean,High income,URY,6.545,77.285,17125.9016800298,64.5707870971624,95.0800002298303,16.1616161616162,7.488,3.368017
Malta,2015,Europe,"Middle East, North Africa, Afghanistan & Pakistan",High income,MLT,6.488,81.7975609756098,25529.6693210673,75.9600189752747,94.4387696268011,12.8571428571429,5.389,0.44422
Colombia,2015,Americas,Latin America & Caribbean,Upper middle income,COL,6.481,76.067,6248.51490534512,55.9049725142924,77.1636280538646,19.8795180722892,8.572,46.96994
France,2015,Europe,Europe & Central Asia,High income,FRA,6.478,82.3219512195122,36702.4323733379,78.0060377071902,77.7610919150066,26.1698440207972,10.354,66.548272
Thailand,2015,Asia,East Asia & Pacific,Upper middle income,THA,6.474,76.563,5688.85335397884,39.3161267365004,46.9521043776171,6.09137055837564,0.597,70.540795
Saudi Arabia,2015,Asia,"Middle East, North Africa, Afghanistan & Pakistan",High income,SAU,6.379,77.776,23256.1549553531,69.6162358014004,82.9562773406163,19.8675496688742,5.6,29.816382
Qatar,2015,Asia,"Middle East, North Africa, Afghanistan & Pakistan",High income,QAT,6.375,81.785,68985.2946961507,92.8848264535481,98.9382407681154,0,0.17,2.344557
Spain,2015,Europe,Europe & Central Asia,High income,ESP,6.361,82.8317073170732,25982.4416197775,78.6896318703515,79.2454892743023,41.1428571428571,22.057,46.422303
Algeria,2015,Africa,"Middle East, North Africa, Afghanistan & Pakistan",Upper middle income,DZA,6.355,75.159,4685.05902729002,38.20000076,70.1433070861612,31.6017316017316,11.206,40.019529
Guatemala,2015,Americas,Latin America & Caribbean,Upper middle income,GTM,6.324,70.915,3893.50533299068,28.80590057,53.4411050262961,13.9240506329114,2.506,15.971743
Suriname,2015,Americas,Latin America & Caribbean,Upper middle income,SUR,6.269,70.567,8813.61705392067,42.76380157,66.1828815074718,25.4901960784314,7.22,0.581627
Kuwait,2015,Asia,"Middle East, North Africa, Afghanistan & Pakistan",High income,KWT,6.239,79.3765609756098,29882.2126495698,82,100,1.53846153846154,2.2,3.834574
Bahrain,2015,Asia,"Middle East, North Africa, Afghanistan & Pakistan",High income,BHR,6.218,80.338,23734.0551143019,93.4783007986129,100,7.5,1.164,1.370322
Trinidad and Tobago,2015,Americas,Latin America & Caribbean,High income,TTO,6.168,72.882,19887.2327716498,65.09999847,53.926665238022,30.952380952381,2.428,1.349667
Venezuela,2015,Americas,Latin America & Caribbean,Lower middle income,VEN,6.084,73.004,4096.61989137473,58,88.9539804079292,16.969696969697,6.139,30.573972
Slovakia,2015,Europe,Europe & Central Asia,High income,SVK,6.078,76.5634146341463,16442.0760860018,77.6346820339875,53.8700628001622,18.6666666666667,11.492,5.423801
El Salvador,2015,Americas,Latin America & Caribbean,Upper middle income,SLV,6.068,70.952,3790.34089108162,26.8026049600572,69.6982116699219,32.1428571428571,3.998,6.183676
Malaysia,2015,Asia,East Asia & Pacific,Upper middle income,MYS,6.005,75.288,9648.6797937523,71.0640678111957,73.4387869957006,10.3603603603604,3.1,31.232798
Nicaragua,2015,Americas,Latin America & Caribbean,Lower middle income,NIC,5.992,72.899,2074.45620634731,19.70429993,57.8149881864705,41.304347826087,4.7,6.149417
Uzbekistan,2015,Asia,Europe & Central Asia,Lower middle income,UZB,5.987,71.33,3172.89899391083,42.79999924,50.6597328186035,16,5.15,30.749346
Italy,2015,Europe,Europe & Central Asia,High income,ITA,5.977,82.5439024390244,30639.8829751432,58.1417349568747,69.6100006103516,30.952380952381,11.896,60.229605
Ecuador,2015,Americas,Latin America & Caribbean,Upper middle income,ECU,5.976,76.222,5976.1596805651,48.9404337892669,62.959188676731,41.6058394160584,3.616,16.266225
Belize,2015,Americas,Latin America & Caribbean,Upper middle income,BLZ,5.956,71.647,6154.62264230369,41.59000015,43.931184585988,3.125,7.578,0.356333
Japan,2015,Asia,East Asia & Pacific,High income,JPN,5.921,83.7939024390244,35664.6446110613,91.0580283929962,91.3532644103625,9.47368421052632,3.385,127.141
Kazakhstan,2015,Asia,Europe & Central Asia,Upper middle income,KAZ,5.919,72.024,10196.1226255982,70.82993359566,56.1106048930882,26.1682242990654,4.93,18.084169
Republic of Moldova,2015,Europe,Europe & Central Asia,Upper middle income,MDA,5.897,70.118,2749.55137054338,69.0000044661932,39.6954040527344,21.7821782178218,1.781,2.835978
Russian Federation,2015,Europe,Europe & Central Asia,High income,RUS,5.856,71.1834146341463,9277.7138671875,70.0992412263947,74.275919065527,13.5555555555556,5.615,144.640716
Poland,2015,Europe,Europe & Central Asia,High income,POL,5.835,77.4512195121951,12637.5220324406,67.9969871556415,60.3362886805635,27.3913043478261,7.475,37.986412
Republic of Korea,2015,Asia,East Asia & Pacific,High income,KOR,5.835,82.0243902439024,30171.7906545222,89.8962557995106,81.639489860678,16.3333333333333,3.546,51.014947
Bolivia,2015,Americas,Latin America & Caribbean,Lower middle income,BOL,5.822,67.205,2996.01289811344,37.4868176324391,68.3958051297665,53.0769230769231,3.111,11.014705
Lithuania,2015,Europe,Europe & Central Asia,High income,LTU,5.813,74.3219512195122,14269.8039878287,71.3780590101754,67.2282485961914,23.4042553191489,9.12,2.911109
Belarus,2015,Europe,Europe & Central Asia,Upper middle income,BLR,5.802,73.6243902439025,5967.05595058777,62.230360906803,76.6263885498047,27.2727272727273,5.881,9.461076
North Cyprus,2015,Asia,Europe & Central Asia,High income,CYP,5.771,81.464,23088.4296875,71.7157409175171,67.0402477918073,12.5,15.026,1.219502
Slovenia,2015,Europe,Europe & Central Asia,High income,SVN,5.768,80.7756097560976,20697.2748530619,73.0986599745829,53.6612160294144,36.6666666666667,8.962,2.063531
Peru,2015,Americas,Latin America & Caribbean,Upper middle income,PER,5.743,75.732,6231.71150338894,40.8526009090468,80.698277662669,22.3076923076923,3.272,30.4576
Turkmenistan,2015,Asia,Europe & Central Asia,Upper middle income,TKM,5.658,69.061,5759.497903834,14.99680042,47.0100189007695,25.8064516129032,4.016,6.21577
Mauritius,2015,Africa,Sub-Saharan Africa,Upper middle income,MUS,5.648,74.3531707317073,9630.5437837507,50.1393184766711,39.6709610617726,11.5942028985507,7.41,1.262879
Libya,2015,Africa,"Middle East, North Africa, Afghanistan & Pakistan",Upper middle income,LBY,5.615,71.644,7458.48917756374,25,87.8159103393555,15.9574468085106,19.69,6.531819
Latvia,2015,Europe,Europe & Central Asia,High income,LVA,5.56,74.4804878048781,13321.9753140616,79.2005829239344,67.8965395668259,18,9.873,1.977527
Cyprus,2015,Asia,Europe & Central Asia,High income,CYP,5.546,81.464,23088.4296875,71.7157409175171,67.0402477918073,12.5,15.026,1.219502
Paraguay,2015,Americas,Latin America & Caribbean,Upper middle income,PRY,5.538,73.454,5879.33792308671,49.716304663966,61.3302768533263,15,4.556,6.159103
Romania,2015,Europe,Europe & Central Asia,High income,ROU,5.528,74.9121951219512,8977.01748158196,55.7631556336233,53.7071839518893,13.715710723192,6.812,19.815616
Estonia,2015,Europe,Europe & Central Asia,High income,EST,5.517,77.590243902439,17722.1557669523,88.4097035040431,68.4796609690553,23.7623762376238,6.412,1.315407
Jamaica,2015,Americas,Latin America & Caribbean,Upper middle income,JAM,5.51,72.214,5339.30718256806,42.2212211907441,55.1995248014924,12.6984126984127,8.825,2.802534
Croatia,2015,Europe,Europe & Central Asia,High income,HRV,5.488,77.2756097560976,12283.8750299177,69.8450359238281,55.5812594509004,15.2317880794702,16.15,4.151725
Hong Kong SAR of China,2015,Asia,East Asia & Pacific,High income,HKG,5.458,84.2526829268293,42432.1619740441,84.9483529634062,100,NA,3.314,7.2913
Somalia,2015,Africa,Sub-Saharan Africa,Low income,SOM,5.44,55.056,445.583080073396,1.75999999,43.8618107408479,13.8181818181818,18.495,13.806963
Kosovo,2015,Europe,Europe & Central Asia,Upper middle income,XKX,5.401,76.024,3520.62685324451,NA,39.917681154075,NA,NA,1.788274
Türkiye,2015,Asia,Europe & Central Asia,Upper middle income,TUR,5.389,76.539,11064.6494504662,53.7449791423583,87.2167107972537,14.9090909090909,10.304,78.218479
Indonesia,2015,Asia,East Asia & Pacific,Upper middle income,IDN,5.314,69.52,3288.22269725538,22.062742603379,53.1720771789551,17.1171171171171,4.514,261.799249
Jordan,2015,Asia,"Middle East, North Africa, Afghanistan & Pakistan",Upper middle income,JOR,5.303,75.06,4441.61896013754,54.22000122,89.8881391939133,12,13.075,9.544729
Azerbaijan,2015,Asia,Europe & Central Asia,Upper middle income,AZE,5.291,72.349,5500.50364628486,77,55.1570486328276,16.9354838709677,4.96,9.649341
Philippines,2015,Asia,East Asia & Pacific,Upper middle income,PHL,5.279,69.45,2909.85818010301,36.90000153,51.1549047745227,27.2413793103448,3.068,105.312992
China,2015,Asia,East Asia & Pacific,Upper middle income,CHN,5.245,76.975,8175.33285077393,50.29999924,57.3297843933105,23.6228455559311,4.65,1379.86
Bhutan,2015,Asia,South Asia,Lower middle income,BTN,5.196,70.797,2954.04081911097,39.79999924,36.6983375690037,8.51063829787234,2.45,0.740618
Kyrgyzstan,2015,Asia,Europe & Central Asia,Lower middle income,KGZ,5.185,70.6512195121951,1105.65193844261,30.24699974,35.1008937681291,19.1666666666667,4.138,6.040036
Serbia,2015,Europe,Europe & Central Asia,Upper middle income,SRB,5.177,75.2878048780488,5820.3215576888,65.3170254003801,60.1388092041016,34,17.66,7.095383
Bosnia and Herzegovina,2015,Europe,Europe & Central Asia,Upper middle income,BIH,5.163,77.073,4662.25869219448,52.59999847,47.5711645087011,21.4285714285714,27.695,3.518541
Montenegro,2015,Europe,Europe & Central Asia,Upper middle income,MNE,5.161,76.6024390243903,6421.00005731419,68.1197860085679,64.8181652937171,17.2839506172839,17.555,0.624651
Dominican Republic,2015,Americas,Latin America & Caribbean,Upper middle income,DOM,5.155,72.982,6800.95309395474,54.2157663369785,74.1372305958285,20.7650273224044,7.605,10.434829
Morocco,2015,Africa,"Middle East, North Africa, Afghanistan & Pakistan",Lower middle income,MAR,5.151,72.894,3146.24780273438,57.0799993486116,60.6417124737154,16.9620253164557,9.46,34.607588
Hungary,2015,Europe,Europe & Central Asia,High income,HUN,5.145,75.5682926829269,12782.9412577973,72.8347370323805,70.4847717285156,10.1010101010101,6.813,9.797755
Pakistan,2015,Asia,"Middle East, North Africa, Afghanistan & Pakistan",Lower middle income,PAK,5.132,65.641,1380.47020838317,11,35.9017325715342,20.5882352941176,3.566,217.290883
Lebanon,2015,Asia,"Middle East, North Africa, Afghanistan & Pakistan",Lower middle income,LBN,5.129,78.275,7714.1099998804,74,88.6246882038608,3.125,9.312,6.472469
Portugal,2015,Europe,Europe & Central Asia,High income,PRT,5.123,81.1243902439025,19215.7813014347,68.6328614804299,61.137469211538,34.7826086956522,12.405,10.358076
North Macedonia,2015,Europe,Europe & Central Asia,Upper middle income,MKD,5.121,75.4024390243902,5262.68671928674,70.3802030766689,59.0700383784659,33.3333333333333,26.395,1.91243
Viet Nam,2015,Asia,East Asia & Pacific,Upper middle income,VNM,5.061,73.955,2577.56885340113,45,32.3810945365679,24.2971887550201,1.848,92.823254
Tunisia,2015,Africa,"Middle East, North Africa, Afghanistan & Pakistan",Lower middle income,TUN,5.045,74.875,4014.94773686432,46.4999943435776,67.8807907104492,31.3364055299539,15.159,11.402264
Greece,2015,Europe,Europe & Central Asia,High income,GRC,5.033,81.0365853658537,17980.7298238137,66.8349594911035,77.5194426317545,19.6666666666667,24.981,10.820883
Tajikistan,2015,Asia,Europe & Central Asia,Lower middle income,TJK,4.996,69.665,956.916310930656,18.97999954,26.478832244873,19.047619047619,7.033,8.64384
Mongolia,2015,Asia,East Asia & Pacific,Upper middle income,MNG,4.907,70.810243902439,3838.92126989984,22.5000041337688,67.9999999906095,14.4736842105263,4.861,3.0268640000000002
Lao PDR,2015,Asia,East Asia & Pacific,Lower middle income,LAO,4.876,66.688,2121.01339097363,18.200000760000002,33.1240204432199,25,2.006,6.801645
Nigeria,2015,Africa,Sub-Saharan Africa,Lower middle income,NGA,4.875,51.939,2585.73360671797,22.51420021,55.7325682057138,5.55555555555556,4.134,190.671878
Honduras,2015,Americas,Latin America & Caribbean,Lower middle income,HND,4.871,71.323,2271.20265980349,27.1395454833776,54.3828473751434,25.78125,6.147,9.237305
Iran,2015,Asia,"Middle East, North Africa, Afghanistan & Pakistan",Upper middle income,IRN,4.813,75.907,4952.73355532178,45.3349761533285,73.3561403575949,3.10344827586207,11.166,82.619362
Zambia,2015,Africa,Sub-Saharan Africa,Lower middle income,ZMB,4.795,60.728,1295.87788680068,8.8,41.9555104679652,12.6582278481013,5.951,16.399089
Nepal,2015,Asia,South Asia,Lower middle income,NPL,4.793,67.374,875.543635474862,17.58160019,64.9510094249155,29.5492487479132,10.643,27.823629
State of Palestine,2015,Asia,"Middle East, North Africa, Afghanistan & Pakistan",Lower middle income,PSE,4.754,74.577,3272.15432360708,56.70000076,85.2182174537886,NA,23.005,4.270092
Albania,2015,Europe,Europe & Central Asia,Upper middle income,ALB,4.655,78.358,4199.53912925398,56.90000153,55.1579291374894,20.7142857142857,17.193,2.731293
Bangladesh,2015,Asia,South Asia,Lower middle income,BGD,4.643,70.543,1224.38647668165,12.36880016,29.5395099477892,20,4.397,159.383179
Sierra Leone,2015,Africa,Sub-Saharan Africa,Low income,SLE,4.635,55.454,964.575980888989,6.344399929,40.7669565187099,12.396694214876,4.483,7.037655
Iraq,2015,Asia,"Middle East, North Africa, Afghanistan & Pakistan",Upper middle income,IRQ,4.575,69.977,4440.14189252367,15.21440029,69.920524597168,26.5243902439024,10.865,37.560535
Namibia,2015,Africa,Sub-Saharan Africa,Lower middle income,NAM,4.574,60.008,4774.10650865775,25.68790054,45.5103554445325,41.3461538461538,20.791,2.3743
Cameroon,2015,Africa,Sub-Saharan Africa,Lower middle income,CMR,4.513,59.687,1415.00009710569,18.299999239999998,52.6440863142742,31.1111111111111,3.518,22.763414
Ethiopia,2015,Africa,Sub-Saharan Africa,Low income,ETH,4.508,63.592,597.912113218663,13.8551755555556,19.451566696167,38.7568555758684,2.442,103.867135
South Africa,2015,Africa,Sub-Saharan Africa,Upper middle income,ZAF,4.459,64.053,6112.27382485974,51.91910172,63.2096349937231,42,25.149,56.723537
Sri Lanka,2015,Asia,South Asia,Upper middle income,LKA,4.415,75.99,4057.71582716521,15.26249981,18.796256612131,4.88888888888889,4.519,20.97
India,2015,Asia,South Asia,Lower middle income,IND,4.404,69.326,1583.99815907985,14.899999619999999,32.5472990022299,11.9705340699816,7.629,1328.024498
Myanmar,2015,Asia,East Asia & Pacific,Lower middle income,MMR,4.395,65.288,1166.73305546337,10.899999619999999,29.7166821191682,12.6934984520124,0.766,51.089056
Egypt,2015,Africa,"Middle East, North Africa, Afghanistan & Pakistan",Lower middle income,EGY,4.362,70.135,3306.98159414141,37.8193834276939,42.6056314089048,NA,13.052,99.597342
Armenia,2015,Asia,Europe & Central Asia,Upper middle income,ARM,4.36,74.8707317073171,3512.39350276709,59.1008337674937,64.4929623431549,10.6870229007634,18.261,3.0046
Kenya,2015,Africa,Sub-Saharan Africa,Lower middle income,KEN,4.356,62.279,1489.11959777284,16.5878548475992,31.7338026039958,19.7142857142857,2.762,47.088526
Ukraine,2015,Europe,Europe & Central Asia,Upper middle income,UKR,4.324,72.686,2094.47387695313,48.8846436813218,69.1587317201337,12.085308056872,9.14,45.784896
Ghana,2015,Africa,Sub-Saharan Africa,Lower middle income,GHA,4.276,63.175,1722.77282833606,23,53.6226415210752,10.9090909090909,6.806,28.696068
DR Congo,2015,Africa,Sub-Saharan Africa,Low income,COD,4.272,58.658,495.826633014883,3.799999952,41.3435764444694,8.94308943089431,4.441,81.035531
Georgia,2015,Asia,Europe & Central Asia,Upper middle income,GEO,4.252,73.241,4086.6223465965,47.5697596438736,57.3803800455672,11.3333333333333,16.506,3.725276
Congo,2015,Africa,Sub-Saharan Africa,Lower middle income,COG,4.236,63.662,2439.35189403696,7.616000175,63.135592763847,7.35294117647059,20.02,5.097581
Senegal,2015,Africa,Sub-Saharan Africa,Lower middle income,SEN,4.219,66.451,1218.00613555438,21.700000760000002,46.2747669629858,42.6666666666667,6.757,14.593331
Bulgaria,2015,Europe,Europe & Central Asia,High income,BGR,4.217,74.6146341463415,7269.02586513711,56.6562516053086,73.1030578613281,20.4166666666667,9.143,6.984225
Mauritania,2015,Africa,Sub-Saharan Africa,Lower middle income,MRT,4.201,66.498,1558.84205473416,17.60000038,51.6680350049622,25.1700680272109,10.104,3.965959
Zimbabwe,2015,Africa,Sub-Saharan Africa,Lower middle income,ZWE,4.193,58.989,1387.12632595026,22.74279976,33.5612641766874,31.4814814814815,5.399,14.399013
Malawi,2015,Africa,Sub-Saharan Africa,Low income,MWI,4.156,62.324,539.605363240686,6,15.8338504946918,16.6666666666667,4.953,17.085587
Sudan,2015,Africa,Sub-Saharan Africa,Low income,SDN,4.139,64.375,1292.37963867188,12,34.0914394628597,30.5164319248826,14.39,40.024431
Gabon,2015,Africa,Sub-Saharan Africa,Upper middle income,GAB,4.121,66.336,7047.12654634355,45.78450012,88.085308383892,14.1666666666667,19.943,2.040989
Mali,2015,Africa,Sub-Saharan Africa,Low income,MLI,4.073,57.852,838.11986940103,10.32999992,25.847015486705,8.84353741496599,1.404,18.593022
Haiti,2015,Americas,Latin America & Caribbean,Lower middle income,HTI,4.028,63.224,1411.12684746796,14.19999981,49.4334707759572,4.21052631578947,13.785,10.523242
Botswana,2015,Africa,Sub-Saharan Africa,Upper middle income,BWA,3.974,63.215,6141.20394726616,38.89379883,65.4103584313295,9.52380952380952,18.915,2.203273
Comoros,2015,Africa,Sub-Saharan Africa,Lower middle income,COM,3.956,64.473,1329.37048235986,7.459199905,30.3732008585112,3.03030303030303,4.031,0.726682
Côte d’Ivoire,2015,Africa,Sub-Saharan Africa,Lower middle income,CIV,3.916,58.281,1814.71855088017,38.4400001654616,49.4694894689553,9.16334661354582,2.573,25.246342
Cambodia,2015,Asia,East Asia & Pacific,Lower middle income,KHM,3.907,69.398,1547.32010444393,6.43319107021405,30.0669222549819,20.3252032520325,0.393,15.623251
Angola,2015,Africa,Sub-Saharan Africa,Lower middle income,AGO,3.866,61.042,3641.72893920253,22,63.51567832685,36.8181818181818,16.472,28.157798
Niger,2015,Africa,Sub-Saharan Africa,Low income,NER,3.856,58.85,485.662574175279,2.476200104,16.3035606587493,13.2743362831858,0.556,19.939498
South Sudan,2015,Africa,Sub-Saharan Africa,Low income,SSD,3.832,39.757,1080.14718624765,3,18.8092619601773,26.5060240963855,12.464,11.107561
Chad,2015,Africa,Sub-Saharan Africa,Low income,TCD,3.763,51.32,993.990730610869,3.5,22.8011258828974,14.8936170212766,1.032,14.647621
Burkina Faso,2015,Africa,Sub-Saharan Africa,Low income,BFA,3.739,58.778,630.124750752312,6.545700073,25.621432645225,9.44881889763779,4.472,18.777487
Uganda,2015,Africa,Sub-Saharan Africa,Low income,UGA,3.739,63.831,862.934610355811,5.699999809,24.9777856560427,34.9740932642487,2.681,37.531446
Yemen,2015,Asia,"Middle East, North Africa, Afghanistan & Pakistan",Low income,YEM,3.724,66.761,1362.1738120601,24.08539963,32.3883178702702,0,17.9,31.159379
Madagascar,2015,Africa,Sub-Saharan Africa,Low income,MDG,3.695,63.362,445.320069480568,4.173999786,29.1731079210354,20.5298013245033,1.785,25.426702
Tanzania,2015,Africa,Sub-Saharan Africa,Lower middle income,TZA,3.666,63.928,939.127319335938,10,31.2061566592472,36,2.009,52.020962
Liberia,2015,Africa,Sub-Saharan Africa,Low income,LBR,3.622,59.248,692.590082351257,10,50.7434382961363,10.958904109589,2.557,4.659431
Guinea,2015,Africa,Sub-Saharan Africa,Lower middle income,GIN,3.607,57.899,747.356966759448,9.199999809,35.0373191833496,21.9298245614035,5.15,11.76707
Rwanda,2015,Africa,Sub-Saharan Africa,Low income,RWA,3.515,65.419,725.691418696952,12.45600033,18.1953149858416,63.75,11.831,11.640022
Benin,2015,Africa,Sub-Saharan Africa,Lower middle income,BEN,3.484,59.123,1002.41886879614,11.25500011,45.9407403257663,7.2289156626506,1.886,11.360681
Afghanistan,2015,Asia,"Middle East, North Africa, Afghanistan & Pakistan",Low income,AFG,3.36,62.27,565.569730408751,8.260000229,24.4649118421568,27.710843373494,9.032,33.831764
Togo,2015,Africa,Sub-Saharan Africa,Lower middle income,TGO,3.303,59.23,813.894676975085,7.1199998859999996,39.7162551272934,17.5824175824176,2.204,7.071502
Syria,2015,Asia,"Middle East, North Africa, Afghanistan & Pakistan",Low income,SYR,3.069,63.265,847.731545352582,29.97979927,75.7529067188542,12.4,14.244,19.424618
Burundi,2015,Africa,Sub-Saharan Africa,Low income,BDI,2.905,60.107,254.402585226788,2,14.6695085474754,36.3636363636364,1.449,11.04758
Switzerland,2014,Europe,Europe & Central Asia,High income,CHE,7.587,83.1975609756098,85004.8134534,83.6172512621702,74.7402679059582,31,4.826,8.188649
Iceland,2014,Europe,Europe & Central Asia,High income,ISL,7.561,82.8609756097561,52102.575810195,98.1580233097118,93.6196716315805,39.6825396825397,4.897,0.327386
Denmark,2014,Europe,Europe & Central Asia,High income,DNK,7.527,80.7,52368.3625969272,95.9935053764454,87.6823985731907,39.1061452513966,6.925,5.643475
Norway,2014,Europe,Europe & Central Asia,High income,NOR,7.522,82.1,76430.7374974687,96.3005098242892,80.6117159535579,39.6449704142012,3.486,5.137232
Canada,2014,Americas,North America,High income,CAN,7.427,81.7843902439025,43643.2794910996,87.12000275,81.211183161556,25.0814332247557,7.023,35.434066
Finland,2014,Europe,Europe & Central Asia,High income,FIN,7.406,81.1804878048781,42502.4880199858,86.5303927529377,70.9879168940753,42.5,8.663,5.461512
Netherlands,2014,Europe,Europe & Central Asia,High income,NLD,7.378,81.7073170731707,45042.0515907444,91.6666666666667,89.8364787097165,38.6666666666667,7.419,16.865008
Sweden,2014,Europe,Europe & Central Asia,High income,SWE,7.364,82.2536585365854,49557.6183647959,92.5236065037579,86.2563838747314,44.6991404011461,7.954,9.69611
New Zealand,2014,Oceania,East Asia & Pacific,High income,NZL,7.286,81.4568292682927,38025.4674998632,84,85.5076659530411,29.7520661157025,5.428,4.5165
Australia,2014,Oceania,East Asia & Pacific,High income,AUS,7.284,82.3,56571.8062524437,84,86.7221289343356,26,6.078,23.475686
Israel,2014,Asia,"Middle East, North Africa, Afghanistan & Pakistan",High income,ISR,7.278,82.1536585365854,36055.08530225,75.0177531628076,91.7151980935716,22.5,5.789,8.2157
Costa Rica,2014,Americas,Latin America & Caribbean,High income,CRI,7.226,80.231,11422.6735972442,53,74.4866963181212,33.3333333333333,8.499,4.767119
Austria,2014,Europe,Europe & Central Asia,High income,AUT,7.2,81.490243902439,43838.8345892137,80.9958249574764,67.4154327591781,32.2404371584699,5.674,8.546356
Mexico,2014,Americas,Latin America & Caribbean,Upper middle income,MEX,7.187,74.404,9862.4812534745,44.3856962723411,76.9741367091766,37.4,4.819,119.784261
United States,2014,Americas,North America,High income,USA,7.119,78.8414634146341,55665.2411187802,73,80.6242231779766,19.3103448275862,6.168,319.25756
Brazil,2014,Americas,Latin America & Caribbean,Upper middle income,BRA,6.983,74.823,9338.34278278114,54.5510018796392,85.4331367898168,9.94152046783626,6.755,200.085127
Luxembourg,2014,Europe,Europe & Central Asia,High income,LUX,6.946,82.2292682926829,105585.401767492,94.6702052774766,90.4577807676859,28.3333333333333,6.044,0.556319
Ireland,2014,Europe,Europe & Central Asia,High income,IRL,6.94,81.3487804878049,52044.6201181887,83.4917223351728,62.535401730577,15.6626506024096,11.858,4.65774
Belgium,2014,Europe,Europe & Central Asia,High income,BEL,6.937,81.2878048780488,40533.9135027898,85.0012379539925,85.9848336685807,39.3333333333333,8.523,11.209057
United Arab Emirates,2014,Asia,"Middle East, North Africa, Afghanistan & Pakistan",High income,ARE,6.901,81.99,44257.6652085451,90.4000107121939,84.1438806787019,17.5,1.999,8.05944
United Kingdom,2014,Europe,Europe & Central Asia,High income,GBR,6.867,81.3048780487805,44628.5724578217,91.6133009176453,81.6355750750722,22.6153846153846,6.398,64.619
Oman,2014,Asia,"Middle East, North Africa, Afghanistan & Pakistan",High income,OMN,6.853,79.03,18726.2026946971,70.22000122,76.8892576748951,1.19047619047619,3.453,4.002439
Venezuela,2014,Americas,Latin America & Caribbean,Lower middle income,VEN,6.81,72.837,4412.9795921313,57,88.9163913525251,16.969696969697,6.821,30.254079
Singapore,2014,Asia,East Asia & Pacific,High income,SGP,6.798,82.4951219512195,54681.9336458253,79.0292358633435,100,25.2525252525253,3.74,5.469724
Panama,2014,Americas,Latin America & Caribbean,High income,PAN,6.786,77.365,13611.5490809559,44.9238152577893,65.4531164770096,19.2982456140351,4.391,3.892101
Germany,2014,Europe,Europe & Central Asia,High income,DEU,6.75,81.090243902439,41602.4661281668,86.1937006578756,80.57574023743,36.4500792393027,4.979,80.9825
Chile,2014,Americas,Latin America & Caribbean,High income,CHL,6.67,79.714,13285.9540361192,61.11000061,87.3133701497978,15.8333333333333,6.761,17.864195
Qatar,2014,Asia,"Middle East, North Africa, Afghanistan & Pakistan",High income,QAT,6.611,81.395,71756.0649338302,91.48999786,98.901627838826,0,0.2,2.151745
France,2014,Europe,Europe & Central Asia,High income,FRA,6.575,82.719512195122,36444.3949089146,83.7510996681821,77.3524296788613,26.1698440207972,10.273,66.312067
Argentina,2014,Americas,Latin America & Caribbean,Upper middle income,ARG,6.574,76.268,13456.1319159151,64.69999695,91.3975345472954,36.5758754863813,7.268,43.024071
Czechia,2014,Europe,Europe & Central Asia,High income,CZE,6.505,78.8243902439024,17118.0425571578,74.2317116367383,73.0995921041469,19.5,6.108,10.525347
Uruguay,2014,Americas,Latin America & Caribbean,High income,URY,6.485,77.194,17122.0364563225,61.4624951684405,94.9897821210514,13.1313131313131,6.547,3.356334
Colombia,2014,Americas,Latin America & Caribbean,Upper middle income,COL,6.477,75.95,6121.83982019825,52.568136539247,77.1058449419909,19.8795180722892,8.799,46.565429
Thailand,2014,Asia,East Asia & Pacific,Upper middle income,THA,6.455,76.279,5541.46599361845,34.8860535783465,46.3138799467897,6.09137055837564,0.576,70.216367
Saudi Arabia,2014,Asia,"Middle East, North Africa, Afghanistan & Pakistan",High income,SAU,6.411,77.116,23404.7306039825,64.713657369019,82.7822571294871,19.8675496688742,5.877,28.309273
Spain,2014,Europe,Europe & Central Asia,High income,ESP,6.329,83.2292682926829,24947.8512505913,76.1867089778712,79.1196713833488,39.7142857142857,24.441,46.460733
Malta,2014,Europe,"Middle East, North Africa, Afghanistan & Pakistan",High income,MLT,6.302,81.8951219512195,23866.0555833557,73.1141157845193,94.412512773898,14.2857142857143,5.737,0.433481
Kuwait,2014,Asia,"Middle East, North Africa, Afghanistan & Pakistan",High income,KWT,6.295,79.0803414634146,31073.1537300624,78.69999695,100,1.53846153846154,2.9,3.665876
Suriname,2014,Americas,Latin America & Caribbean,Upper middle income,SUR,6.269,70.33,9224.24378410547,40.08000183,66.2249266178037,11.7647058823529,6.94,0.575373
Trinidad and Tobago,2014,Americas,Latin America & Caribbean,High income,TTO,6.168,72.898,20032.5402001718,62.40000153,53.9259699537793,28.5714285714286,2.477,1.345343
El Salvador,2014,Americas,Latin America & Caribbean,Upper middle income,SLV,6.13,71.144,3713.94992016222,24.7617121459061,68.9166664266223,27.3809523809524,4.154,6.162955
Guatemala,2014,Americas,Latin America & Caribbean,Upper middle income,GTM,6.123,70.942,3809.61584332802,23.39999962,53.1458479013964,13.2911392405063,2.717,15.681725
Uzbekistan,2014,Asia,Europe & Central Asia,Lower middle income,UZB,6.003,70.973,2990.56339751192,35.5,50.8868713378906,22,5.09,30.222994
Slovakia,2014,Europe,Europe & Central Asia,High income,SVK,5.995,76.8121951219512,15647.6491763517,79.9843017656729,54.0029125499893,18.6666666666667,11.536,5.418649
Japan,2014,Asia,East Asia & Pacific,High income,JPN,5.987,83.5878048780488,34996.8796756631,89.1068330166075,91.2548945132333,8.125,3.589,127.276
Republic of Korea,2014,Asia,East Asia & Pacific,High income,KOR,5.984,81.7219512195122,29470.6732991655,87.5568264944747,81.7315682816954,16.3333333333333,3.082,50.746659
Ecuador,2014,Americas,Latin America & Caribbean,Upper middle income,ECU,5.975,76.141,6055.04172761485,45.5903906666095,62.9232432195799,41.6058394160584,3.48,16.035124
Bahrain,2014,Asia,"Middle East, North Africa, Afghanistan & Pakistan",High income,BHR,5.96,80.214,24135.4991304849,90.5031334814656,100,7.5,1.144,1.314562
Italy,2014,Europe,Europe & Central Asia,High income,ITA,5.948,83.090243902439,30325.0287793923,55.6384602242293,69.5807638614879,31.4285714285714,12.683,60.320707
Bolivia,2014,Americas,Latin America & Caribbean,Lower middle income,BOL,5.89,66.97,2900.90241571477,34.6016202324676,68.037425413,53.0769230769231,2.021,10.848888
Republic of Moldova,2014,Europe,Europe & Central Asia,Upper middle income,MDA,5.889,70.241,2737.80185056647,66.9999982002077,39.6298484802246,17.8217821782178,1.45,2.857815
Paraguay,2014,Americas,Latin America & Caribbean,Upper middle income,PRY,5.878,73.415,5794.4764468976,43.0073750122614,60.7101965948157,15,5.034,6.069811
Kazakhstan,2014,Asia,Europe & Central Asia,Upper middle income,KAZ,5.855,71.415,10226.7100539683,66,55.5524361787178,25.2173913043478,5.06,17.816285
Slovenia,2014,Europe,Europe & Central Asia,High income,SVN,5.848,81.0780487804878,20228.7081986391,71.5862515855601,50.983470916748,35.5555555555556,9.668,2.06198
Lithuania,2014,Europe,Europe & Central Asia,High income,LTU,5.833,74.5170731707317,13753.1895982305,72.1335378644566,67.1514937628023,24.113475177305,10.698,2.937253
Nicaragua,2014,Americas,Latin America & Caribbean,Lower middle income,NIC,5.828,72.792,2006.64869646533,17.60000038,57.6222653742564,42.3913043478261,4.52,6.066492
Peru,2014,Americas,Latin America & Caribbean,Upper middle income,PER,5.824,75.26,6103.91864749969,40.2446560091704,79.9945465682649,22.3076923076923,3.208,30.115826
Belarus,2014,Europe,Europe & Central Asia,Upper middle income,BLR,5.813,72.9707317073171,6212.91667418659,59.0163187101542,76.3405227661133,26.605504587156,5.908,9.448515
Poland,2014,Europe,Europe & Central Asia,High income,POL,5.791,77.6024390243903,12093.1622787394,66.5987360557248,60.4340063344328,24.3478260869565,8.971,38.011735
Malaysia,2014,Asia,East Asia & Pacific,Upper middle income,MYS,5.77,75.345,9341.73055971278,63.6654258813225,72.9802206910773,10.3603603603604,2.88,30.696137
Croatia,2014,Europe,Europe & Central Asia,High income,HRV,5.759,77.7243902439024,11862.7815706266,68.5678992528467,55.4591834926844,23.841059602649,17.209,4.201598
Libya,2014,Africa,"Middle East, North Africa, Afghanistan & Pakistan",Upper middle income,LBY,5.754,71.3,7644.24843947404,17.76000023,88.0142059326172,15.9574468085106,19.295,6.427252
Russian Federation,2014,Europe,Europe & Central Asia,High income,RUS,5.716,70.7436585365854,9493.8125,70.5175682574413,74.1776476748791,13.5555555555556,5.212,144.237223
Jamaica,2014,Americas,Latin America & Caribbean,Upper middle income,JAM,5.709,72.357,5307.19165380801,40.4027351046672,54.8660395670395,12.6984126984127,9.046,2.793749
North Cyprus,2014,Asia,Europe & Central Asia,High income,CYP,5.695,81.337,22373.56640625,69.3286967086473,67.1230558819804,12.5,16.277,1.201801
Cyprus,2014,Asia,Europe & Central Asia,High income,CYP,5.689,81.337,22373.56640625,69.3286967086473,67.1230558819804,12.5,16.277,1.201801
Algeria,2014,Africa,"Middle East, North Africa, Afghanistan & Pakistan",Upper middle income,DZA,5.605,74.992,4634.10149179952,29.5,69.5468765157615,31.6017316017316,10.207,39.205031
Kosovo,2014,Europe,Europe & Central Asia,Upper middle income,XKX,5.589,76.179,3279.02345017707,NA,39.1938922761744,NA,NA,1.812788
Turkmenistan,2014,Asia,Europe & Central Asia,Upper middle income,TKM,5.548,69.001,5535.50161297771,12.19999981,46.9954085410955,26.4,4.005,6.075283
Mauritius,2014,Africa,Sub-Saharan Africa,Upper middle income,MUS,5.477,74.1943902439024,9297.64820128968,44.8032753683379,39.7887571971735,18.8405797101449,7.467,1.261208
Hong Kong SAR of China,2014,Asia,East Asia & Pacific,High income,HKG,5.474,83.9356097560976,41796.8593150091,79.8662704309064,100,NA,3.296,7.2295
Estonia,2014,Europe,Europe & Central Asia,High income,EST,5.429,77.0341463414634,17413.6867560212,84.2415280294352,68.2668382808032,19,7.352,1.314545
Indonesia,2014,Asia,East Asia & Pacific,Upper middle income,IDN,5.399,69.292,3170.72103011429,17.1431598350566,52.5002136230469,16.9369369369369,4.049,258.877399
Viet Nam,2014,Asia,East Asia & Pacific,Upper middle income,VNM,5.36,73.886,2439.28655744423,41,31.9480269945454,24.2971887550201,1.256,91.679578
Türkiye,2014,Asia,Europe & Central Asia,Upper middle income,TUR,5.332,76.452,10597.9801881716,51.0373665521645,83.6024850744433,14.4160583941606,9.901,77.181884
Kyrgyzstan,2014,Asia,Europe & Central Asia,Lower middle income,KGZ,5.286,70.4024390243902,1088.58214229508,28.299999239999998,35.1455493029297,23.3333333333333,4.02,5.905848
Nigeria,2014,Africa,Sub-Saharan Africa,Lower middle income,NGA,5.268,51.94,2583.61556958171,21,54.9232435340404,6.66666666666667,3.9,185.896915
Bhutan,2014,Asia,South Asia,Lower middle income,BTN,5.253,70.504,2797.81883971908,30.299999239999998,36.1326606084122,8.51063829787234,2.63,0.733139
Azerbaijan,2014,Asia,Europe & Central Asia,Upper middle income,AZE,5.212,71.93,5508.60265612676,75.0000156363396,54.6319175926151,15.5737704918033,4.91,9.535079
Pakistan,2014,Asia,"Middle East, North Africa, Afghanistan & Pakistan",Lower middle income,PAK,5.194,65.374,1343.30778121043,10,35.6595549759128,20.7430340557276,1.827,214.264647
Jordan,2014,Asia,"Middle East, North Africa, Afghanistan & Pakistan",Upper middle income,JOR,5.192,74.606,4703.39944986815,46.2,88.0371754329978,12,11.9,8.79171
Montenegro,2014,Europe,Europe & Central Asia,Upper middle income,MNE,5.192,76.3390243902439,6272.08821761355,63.8868840056697,64.7232143772459,17.2839506172839,18.054,0.623744
China,2014,Asia,East Asia & Pacific,Upper middle income,CHN,5.14,76.714,7686.37369520403,47.90000153,55.7502555847168,23.40140609307,4.63,1371.86
Zambia,2014,Africa,Sub-Saharan Africa,Lower middle income,ZMB,5.129,60.109,1299.01241762504,6.5,41.5634741658525,10.7594936708861,6.576,15.895315
Romania,2014,Europe,Europe & Central Asia,High income,ROU,5.124,74.909756097561,8661.47397274241,54.0783206550943,53.8267187624053,13.5135135135135,6.802,19.908979
Serbia,2014,Europe,Europe & Central Asia,Upper middle income,SRB,5.123,75.3365853658537,5716.54047153506,62.0750804639377,59.8779373168945,34,19.223,7.131787
Portugal,2014,Europe,Europe & Central Asia,High income,PRT,5.102,81.1219512195122,18836.8967978906,64.5924200648949,61.1394537361116,31.304347826087,13.88,10.401062
Latvia,2014,Europe,Europe & Central Asia,High income,LVA,5.098,74.1243902439024,12731.6771959342,75.8261041383556,67.8686035364944,18,10.846,1.993782
Philippines,2014,Asia,East Asia & Pacific,Upper middle income,PHL,5.073,69.311,2776.92005909479,34.70000076,50.2392400212368,27.3356401384083,3.6,103.76713
Morocco,2014,Africa,"Middle East, North Africa, Afghanistan & Pakistan",Lower middle income,MAR,5.013,72.522,3051.458984375,56.7746379160074,60.3030486171654,16.9620253164557,9.7,34.20478
North Macedonia,2014,Europe,Europe & Central Asia,Upper middle income,MKD,5.007,75.4512195121951,5053.75001236367,68.0584815397496,58.8033670608162,33.3333333333333,28.215,1.917557
Mozambique,2014,Africa,Sub-Saharan Africa,Low income,MOZ,4.971,57.965,585.266716133984,6,31.8972245802342,NA,3.377,25.788475
Albania,2014,Europe,Europe & Central Asia,Upper middle income,ALB,4.959,78.029,4045.11934884933,54.29999924,54.7325813178673,20,18.055,2.773767
Bosnia and Herzegovina,2014,Europe,Europe & Central Asia,Upper middle income,BIH,4.949,77.089,4412.67617817734,49.91770172,47.130783484831,21.4285714285714,27.517,3.564829
Lesotho,2014,Africa,Sub-Saharan Africa,Lower middle income,LSO,4.898,50.786,1100.04993684215,22,32.6404409096604,26.6666666666667,16.066,2.080089
Dominican Republic,2014,Americas,Latin America & Caribbean,Upper middle income,DOM,4.885,73.145,6430.27811051339,49.58000183,74.1931533822153,20.7650273224044,6.719,10.315528
Lao PDR,2014,Asia,East Asia & Pacific,Lower middle income,LAO,4.876,66.35,2006.31195444447,14.26000023,32.6638235172635,25,1.733,6.703172
Mongolia,2014,Asia,East Asia & Pacific,Upper middle income,MNG,4.874,70.5831707317073,3830.35892049593,19.9424474349209,67.9941357229626,14.8648648648649,4.798,2.963113
Swaziland,2014,Africa,Sub-Saharan Africa,Lower middle income,SWZ,4.867,53.491,3381.79292071291,25,23.026850446568,6.15384615384615,23.931,1.136299
Greece,2014,Europe,Europe & Central Asia,High income,GRC,4.857,81.3853658536585,17903.5252440012,63.2073404784561,77.3130486275866,21,26.708,10.892413
Lebanon,2014,Asia,"Middle East, North Africa, Afghanistan & Pakistan",Lower middle income,LBN,4.839,78.148,7830.4151113336,73,88.4182574811842,3.125,8.84,6.34699
Hungary,2014,Europe,Europe & Central Asia,High income,HUN,4.8,75.7634146341463,12287.3779441033,75.6531974544103,70.3071053512008,10.0502512562814,7.725,9.833038
Honduras,2014,Americas,Latin America & Caribbean,Lower middle income,HND,4.788,71.032,2229.24772232218,23,53.8768089124249,25.78125,7.078,9.063122
Tajikistan,2014,Asia,Europe & Central Asia,Lower middle income,TJK,4.786,69.697,925.970961482804,17.48999977,26.5633735656738,16.9491525423729,7.024,8.425552
Tunisia,2014,Africa,"Middle East, North Africa, Afghanistan & Pakistan",Lower middle income,TUN,4.739,74.784,4021.59954703591,46.15999985,67.7524643379101,31.3364055299539,14.259,11.274288
State of Palestine,2014,Asia,"Middle East, North Africa, Afghanistan & Pakistan",Lower middle income,PSE,4.715,72.781,3227.84934482645,53.6651997924171,85.0433335176723,NA,20.526,4.173398
Bangladesh,2014,Asia,South Asia,Lower middle income,BGD,4.694,70.016,1159.40753475981,9.052900314,29.1944442321013,19.8275862068966,4.417,157.964929
Iran,2014,Asia,"Middle East, North Africa, Afghanistan & Pakistan",Upper middle income,IRN,4.686,75.635,5093.20319702187,39.353614505223,72.8324070385223,3.10344827586207,10.68,81.502045
Ukraine,2014,Europe,Europe & Central Asia,Upper middle income,UKR,4.681,71.803,2308.6435546875,46.2359754571651,69.0554339301313,11.6666666666667,9.27,45.97238
Iraq,2014,Asia,"Middle East, North Africa, Afghanistan & Pakistan",Upper middle income,IRQ,4.677,69.679,4446.97343234862,11.6453267304545,69.6666641235352,25.3048780487805,10.59,36.550059
South Africa,2014,Africa,Sub-Saharan Africa,Upper middle income,ZAF,4.642,63.184,6155.00589462516,49,63.1352327065742,41.5,24.89,55.594838
Ghana,2014,Africa,Sub-Saharan Africa,Lower middle income,GHA,4.633,62.832,1726.36930134647,19,53.0663398797148,10.9090909090909,4.403,28.041592
Zimbabwe,2014,Africa,Sub-Saharan Africa,Lower middle income,ZWE,4.61,58.106,1381.25404125871,16.3647399572904,33.1628075970801,31.4814814814815,4.774,14.207359
Liberia,2014,Africa,Sub-Saharan Africa,Low income,LBR,4.571,59.21,707.157694930142,5.409999847,50.2198153156642,10.958904109589,2.079,4.564293
India,2014,Asia,South Asia,Lower middle income,IND,4.565,68.932,1484.31640682961,13.5,32.2288233408821,11.4180478821363,7.656,1312.277191
Sudan,2014,Africa,Sub-Saharan Africa,Low income,SDN,4.55,63.99,1307.3896484375,NA,33.762458240811704,24.2937853107345,15.41,38.823318
Haiti,2014,Americas,Latin America & Caribbean,Lower middle income,HTI,4.518,62.969,1411.76834802154,11.399999619999999,48.7723916158687,4.21052631578947,13.808,10.373235
DR Congo,2014,Africa,Sub-Saharan Africa,Low income,COD,4.517,58.236,481.830241883776,3,40.9563873534225,10.6425702811245,4.436,78.403242
Nepal,2014,Asia,South Asia,Lower middle income,NPL,4.514,67.812,846.665541773599,15.43999958,64.5640847098488,29.4807370184255,10.62,27.67237
Ethiopia,2014,Africa,Sub-Saharan Africa,Low income,ETH,4.512,62.927,556.362532243867,7.699999809,19.0262870788574,27.7879341864717,2.361,101.11561
Sierra Leone,2014,Africa,Sub-Saharan Africa,Low income,SLE,4.507,54.281,1032.23789355905,6.057300091,40.3272406886245,12.0967741935484,4.678,6.876385
Mauritania,2014,Africa,Sub-Saharan Africa,Lower middle income,MRT,4.436,66.207,1524.45340969502,11.80000019,50.4694791226856,25.1700680272109,10.026,3.848514
Kenya,2014,Africa,Sub-Saharan Africa,Lower middle income,KEN,4.419,61.99,1450.59338202277,16.5,31.7931545274563,19.1428571428571,2.767,46.05144
Djibouti,2014,Africa,"Middle East, North Africa, Afghanistan & Pakistan",Lower middle income,DJI,4.369,62.427,2253.14082249768,17,70.8899032189478,12.7272727272727,26.16,1.002717
Armenia,2014,Asia,Europe & Central Asia,Upper middle income,ARM,4.35,74.8731707317073,3393.09252326884,54.6228058583362,64.4142934233291,10.6870229007634,17.498,3.0138
Botswana,2014,Africa,Sub-Saharan Africa,Upper middle income,BWA,4.332,62.167,6547.12254115892,36.74474744423,65.0965122400825,9.52380952380952,18.484,2.172044
Myanmar,2014,Asia,East Asia & Pacific,Lower middle income,MMR,4.307,64.994,1099.24387750099,7.400000095,29.6164342116462,5.59440559440559,0.763,50.681634
Georgia,2014,Asia,Europe & Central Asia,Upper middle income,GEO,4.297,73.105,3960.35080091901,49.1024547144647,57.0237612994258,12,17.439,3.719414
Malawi,2014,Africa,Sub-Saharan Africa,Low income,MWI,4.292,61.651,539.562601918057,5.829999924,15.766154187056,16.6666666666667,4.967,16.621538
Sri Lanka,2014,Asia,South Asia,Upper middle income,LKA,4.271,75.757,3929.92061307909,10.5000026214106,18.6153877203724,5.77777777777778,4.157,20.778
Cameroon,2014,Africa,Sub-Saharan Africa,Lower middle income,CMR,4.252,59.13,1381.81938454907,16.2148722257524,52.2993944376709,31.1111111111111,3.534,22.059893
Bulgaria,2014,Europe,Europe & Central Asia,High income,BGR,4.218,74.4658536585366,6941.37319825776,55.4903766299262,73.0844879150391,20,11.424,7.073572
Egypt,2014,Africa,"Middle East, North Africa, Afghanistan & Pakistan",Lower middle income,EGY,4.194,69.911,3235.66246235519,33.8946039115275,42.6825522284408,NA,13.105,97.528654
Yemen,2014,Asia,"Middle East, North Africa, Afghanistan & Pakistan",Low income,YEM,4.077,68.003,1950.1625450589,22.549999239999998,31.8626162180918,0.332225913621262,13.467,30.226309
Angola,2014,Africa,Sub-Saharan Africa,Lower middle income,AGO,4.033,60.396,3746.81619978931,21.3623407584103,62.723115793241,36.8181818181818,16.372,27.160769
Mali,2014,Africa,Sub-Saharan Africa,Low income,MLI,3.995,57.482,813.97566128646,7,25.2656728660325,9.52380952380952,1.476,18.020267
Congo,2014,Africa,Sub-Saharan Africa,Lower middle income,COG,3.989,63.349,2488.68118548992,7.110000134,63.0075415618859,7.35294117647059,19.696,4.97588
Comoros,2014,Africa,Sub-Saharan Africa,Lower middle income,COM,3.956,64.143,1342.3295858321,6.980000019,30.0302906552932,3.03030303030303,3.984,0.711503
Uganda,2014,Africa,Sub-Saharan Africa,Low income,UGA,3.931,63.057,845.978664791099,5.400000095,24.1938503391826,34.9740932642487,2.357,36.395539
Senegal,2014,Africa,Sub-Saharan Africa,Lower middle income,SEN,3.904,66.001,1180.7987108505,17.700000760000002,45.6020905341588,43.3333333333333,5.849,14.152102
Gabon,2014,Africa,Sub-Saharan Africa,Upper middle income,GAB,3.896,66.07,6998.60545439576,38.07120132,87.6236017962969,15,19.873,1.978399
Niger,2014,Africa,Sub-Saharan Africa,Low income,NER,3.845,58.693,482.74524741946,1.24867568902241,16.2450424611665,13.2743362831858,0.524,19.215909
Cambodia,2014,Asia,East Asia & Pacific,Lower middle income,KHM,3.819,69.117,1464.53115866927,14,27.8179557823331,20.3252032520325,0.692,15.396772
Tanzania,2014,Africa,Sub-Saharan Africa,Lower middle income,TZA,3.781,63.364,913.811218261719,7,30.6443077170742,36,2.125,50.351512
Madagascar,2014,Africa,Sub-Saharan Africa,Low income,MDG,3.681,63.261,443.343869908205,3.700000048,28.9185894345838,20.5298013245033,1.385,24.764348
Central African Republic,2014,Africa,Sub-Saharan Africa,Low income,CAF,3.678,40.265,351.561554911625,2.700000048,39.6226521868738,NA,5.633,4.623182
Chad,2014,Africa,Sub-Saharan Africa,Low income,TCD,3.667,51.141,993.321157706456,2.9000000950000002,22.5294513486009,14.8936170212766,0.984,14.188678
Guinea,2014,Africa,Sub-Saharan Africa,Lower middle income,GIN,3.656,57.581,738.272274481308,6.400000095,34.8177920826682,21.9298245614035,5.044,11.472924
Côte d’Ivoire,2014,Africa,Sub-Saharan Africa,Lower middle income,CIV,3.655,57.772,1742.53693001178,10,49.0173144557368,9.44881889763779,3.274,24.527395
Burkina Faso,2014,Africa,Sub-Saharan Africa,Low income,BFA,3.587,58.331,624.576885187665,6,25.3814155996643,NA,4.255,18.229461
Afghanistan,2014,Asia,"Middle East, North Africa, Afghanistan & Pakistan",Low income,AFG,3.575,62.26,575.146245808546,7,24.1910166387726,27.710843373494,7.915,32.792523
Rwanda,2014,Africa,Sub-Saharan Africa,Low income,RWA,3.465,65.088,682.709499066795,10.600000380000001,17.5020716539756,63.75,11.837,11.364757000000001
Benin,2014,Africa,Sub-Saharan Africa,Lower middle income,BEN,3.34,59.008,1014.4330062135,6,45.2880529235999,8.43373493975904,1.952,11.030004
Syria,2014,Asia,"Middle East, North Africa, Afghanistan & Pakistan",Low income,SYR,3.006,65.492,847.658909813856,28.09000015,76,12,14.782,20.273659
Burundi,2014,Africa,Sub-Saharan Africa,Low income,BDI,2.906,59.764,261.296721752002,1.04239212643994,13.7839781740413,30.4761904761905,1.572,10.799785
Togo,2014,Africa,Sub-Saharan Africa,Lower middle income,TGO,2.839,58.776,786.587399651446,5.699999809,39.2839506458368,17.5824175824176,2.141,6.937644
Denmark,2012,Europe,Europe & Central Asia,High income,DNK,7.693,80.0512195121951,51470.689845427,92.2600117153012,87.2336196899414,39.1061452513966,7.798,5.591572
Norway,2012,Europe,Europe & Central Asia,High income,NOR,7.655,81.4512195121951,75669.0612719716,94.6499780533304,79.4905925441617,39.6449704142012,3.129,5.018573
Switzerland,2012,Europe,Europe & Central Asia,High income,CHE,7.65,82.6975609756098,83354.0207485188,85.2,73.7522629583622,29,4.491,7.996861
Netherlands,2012,Europe,Europe & Central Asia,High income,NLD,7.512,81.1048780487805,44631.8855633239,92.859992359525,88.5342462391333,38.6666666666667,5.821,16.754962
Sweden,2012,Europe,Europe & Central Asia,High income,SWE,7.48,81.7048780487805,48789.7906883637,93.1799880065108,85.6250668883122,44.6991404011461,7.976,9.519374
Canada,2012,Americas,North America,High income,CAN,7.477,81.6636585365854,42320.6856530018,83,81.1513483248791,24.6753246753247,7.392,34.713395
Finland,2012,Europe,Europe & Central Asia,High income,FIN,7.389,80.6268292682927,43507.9345371578,89.879997974222,70.3661363168712,42.5,7.689,5.413971
Austria,2012,Europe,Europe & Central Asia,High income,AUT,7.369,80.9365853658537,44221.4599530893,80.0299939169903,67.2085909812279,27.8688524590164,4.909,8.429991
Iceland,2012,Europe,Europe & Central Asia,High income,ISL,7.355,82.9170731707317,50375.4117054195,96.2097995545657,93.514892578125,39.6825396825397,6,0.320716
Australia,2012,Oceania,East Asia & Pacific,High income,AUS,7.35,82.0463414634146,55465.4462872577,79,86.4451259136625,24.6666666666667,5.225,22.733465
Israel,2012,Asia,"Middle East, North Africa, Afghanistan & Pakistan",High income,ISR,7.301,81.7048780487805,34685.0915981013,70.8,91.7276502819515,20,6.762,7.9105
Costa Rica,2012,Americas,Latin America & Caribbean,High income,CRI,7.257,79.925,11001.5193084396,47.5,73.3895020668217,38.5964912280702,9.11,4.663934
New Zealand,2012,Oceania,East Asia & Pacific,High income,NZL,7.221,81.4073170731707,36588.819747177,81.644470179502,85.777700676896,32.2314049586777,6.931,4.4081
United Arab Emirates,2012,Asia,"Middle East, North Africa, Afghanistan & Pakistan",High income,ARE,7.144,81.913,43958.5779670713,84.9999915049492,83.7643244751488,17.5,2.323,7.391448
Panama,2012,Americas,Latin America & Caribbean,High income,PAN,7.143,76.877,12668.2945474105,40.3018952210488,65.2829468288151,8.45070422535211,3.691,3.759256
Mexico,2012,Americas,Latin America & Caribbean,Upper middle income,MEX,7.088,74.128,9782.51776251839,39.75,76.6585199140734,36.8,4.892,116.818208
United States,2012,Americas,North America,High income,USA,7.082,78.7414634146342,54000.8410778217,74.7,80.6837493386238,17.9723502304147,8.069,314.339099
Ireland,2012,Europe,Europe & Central Asia,High income,IRL,7.076,80.8463414634146,47147.1604669421,76.919992540097,62.2529318511038,15.0602409638554,15.451,4.599533
Luxembourg,2012,Europe,Europe & Central Asia,High income,LUX,7.054,81.3926829268293,104489.298083328,91.9499237417387,89.4405768017292,21.6666666666667,5.03,0.530946
Venezuela,2012,Americas,Latin America & Caribbean,Lower middle income,VEN,7.039,73.086,4638.41209800487,49.0500830729861,88.8401868543141,16.969696969697,6.601,29.553826
Belgium,2012,Europe,Europe & Central Asia,High income,BEL,6.967,80.3853658536585,40074.492800399,80.7199905482042,85.4915403816388,38,7.542,11.106932
United Kingdom,2012,Europe,Europe & Central Asia,High income,GBR,6.883,80.9048780487805,43136.7006795996,87.4799984242111,81.2905667759508,22.4615384615385,8.279,63.711
Oman,2012,Asia,"Middle East, North Africa, Afghanistan & Pakistan",High income,OMN,6.853,78.187,19824.1215485946,60,76.088156621068,1.19047619047619,3.753,3.547106
Brazil,2012,Americas,Latin America & Caribbean,Upper middle income,BRA,6.849,74.335,9167.49923929815,48.56,84.8973874181312,8.57699805068226,7.251,196.876111
France,2012,Europe,Europe & Central Asia,High income,FRA,6.764,81.9682926829268,36161.2918253465,81.44,77.1669464919916,26.8630849220104,9.841,65.657659
Germany,2012,Europe,Europe & Central Asia,High income,DEU,6.672,80.5390243902439,40834.5088218456,82.3499984738392,80.393447520218,32.9032258064516,5.372,80.425823
Qatar,2012,Asia,"Middle East, North Africa, Afghanistan & Pakistan",High income,QAT,6.666,80.499,82441.7405083009,69.3,98.7428010471968,0,0.48,1.722438
Chile,2012,Americas,Latin America & Caribbean,High income,CHL,6.587,79.221,12882.834417927,55.04999924,87.0824943735696,14.1666666666667,6.79,17.519119
Argentina,2012,Americas,Latin America & Caribbean,Upper middle income,ARG,6.562,75.802,13754.4254235596,55.79999924,91.2041217246797,37.3540856031128,7.217,42.161721
Singapore,2012,Asia,East Asia & Pacific,High income,SGP,6.546,81.9951219512195,51679.352717333,72,100,24.2424242424242,3.72,5.312437
Trinidad and Tobago,2012,Americas,Latin America & Caribbean,High income,TTO,6.519,72.513,18835.6674122954,57.5,53.9254053431618,28.5714285714286,3.718,1.335194
Kuwait,2012,Asia,"Middle East, North Africa, Afghanistan & Pakistan",High income,KWT,6.515,78.3950243902439,33578.3309651964,70.44999695,100,6.15384615384615,2.227,3.337109
Saudi Arabia,2012,Asia,"Middle East, North Africa, Afghanistan & Pakistan",High income,SAU,6.48,76.09,23643.0358324647,54,82.4311918025358,0,5.622,26.168861
Cyprus,2012,Asia,Europe & Central Asia,High income,CYP,6.466,81.128,24285.484375,60.6898684001903,67.3010289148738,10.7142857142857,12.097,1.165397
Colombia,2012,Americas,Latin America & Caribbean,Upper middle income,COL,6.416,75.611,5675.75617978305,48.98,76.942211203265,12.1212121212121,9.959,45.71581
Thailand,2012,Asia,East Asia & Pacific,Upper middle income,THA,6.371,75.59,5403.87846036273,26.46,45.373565813715,15.8,0.58,69.436098
Uruguay,2012,Americas,Latin America & Caribbean,High income,URY,6.355,76.691,15949.3176985435,54.453768680746,94.7606597546186,12.1212121212121,6.451,3.335401
Spain,2012,Europe,Europe & Central Asia,High income,ESP,6.322,82.4268292682927,24763.568274484,69.8099999420024,78.8455680301618,36,24.789,46.773055
Czechia,2012,Europe,Europe & Central Asia,High income,CZE,6.29,78.0756097560976,16772.3539223328,73.4300078241036,73.2249239592898,22,6.979,10.510785
Suriname,2012,Americas,Latin America & Caribbean,Upper middle income,SUR,6.269,69.957,9140.92898611536,34.68119812,66.3132562693376,11.7647058823529,8.1,0.562633
Republic of Korea,2012,Asia,East Asia & Pacific,High income,KOR,6.267,80.819512195122,27944.0564190045,84.07,81.9087898200378,15.6666666666667,2.812,50.199853
Japan,2012,Asia,East Asia & Pacific,High income,JPN,6.064,83.0960975609756,33909.4911855243,79.4964,91.0265277326652,7.91666666666667,4.358,127.629
Slovenia,2012,Europe,Europe & Central Asia,High income,SVN,6.06,80.1243902439024,19894.8697964548,68.3499745287825,49.7619476318359,32.2222222222222,8.841,2.057159
Italy,2012,Europe,Europe & Central Asia,High income,ITA,6.021,82.2390243902439,30953.4147447427,55.829997993283,68.7608794235259,21.4285714285714,10.655,60.191247
Slovakia,2012,Europe,Europe & Central Asia,High income,SVK,5.969,76.109756097561,15159.657042000401,76.7099901181121,54.2764528316182,18.6666666666667,13.966,5.407579
Guatemala,2012,Americas,Latin America & Caribbean,Upper middle income,GTM,5.965,70.722,3655.57490299412,16,52.3523385176,13.2911392405063,2.765,15.089647
Malta,2012,Europe,"Middle East, North Africa, Afghanistan & Pakistan",High income,MLT,5.964,80.7463414634146,21529.3882643778,68.1998742928975,94.3626256493653,8.69565217391304,6.203,0.420028
Ecuador,2012,Americas,Latin America & Caribbean,Upper middle income,ECU,5.865,75.486,5579.85624282158,35.1351464545516,62.8408732819135,32.258064516129,3.235,15.572194
Bolivia,2012,Americas,Latin America & Caribbean,Lower middle income,BOL,5.857,66.586,2657.2388497837,35.34,67.2581444827699,25.3846153846154,2.066,10.515807
Poland,2012,Europe,Europe & Central Asia,High income,POL,5.822,76.7463414634146,11542.2353368014,62.3099972714691,60.6341632788866,23.695652173913,10.031,38.063164
El Salvador,2012,Americas,Latin America & Caribbean,Upper middle income,SLV,5.809,71.42,3600.31912505518,20.3213877242007,67.2232666950659,26.1904761904762,3.843,6.113975
Republic of Moldova,2012,Europe,Europe & Central Asia,Upper middle income,MDA,5.791,70.344,2389.08666147529,34.65000153,39.3614196777344,19.8019801980198,2.189,2.860324
Paraguay,2012,Americas,Latin America & Caribbean,Upper middle income,PRY,5.779,73.105,5230.26244858764,29.34,59.9212909454702,12.5,4.085,5.897008
Peru,2012,Americas,Latin America & Caribbean,Upper middle income,PER,5.776,73.979,5740.04346272472,38.2,78.6488061451268,21.5384615384615,3.238,29.550366
Malaysia,2012,Asia,East Asia & Pacific,Upper middle income,MYS,5.76,75.552,8710.52671359902,65.8,71.9680127926087,10.4072398190045,3.04,29.662831
Kazakhstan,2012,Asia,Europe & Central Asia,Upper middle income,KAZ,5.671,69.939,9531.91477617058,61.9066274652008,54.69208192838,24.2990654205607,5.29,17.306106
Croatia,2012,Europe,Europe & Central Asia,High income,HRV,5.661,77.1682926829268,11780.5853491253,61.9399731527956,55.3042888624873,23.841059602649,16.046,4.260368
Turkmenistan,2012,Asia,Europe & Central Asia,Upper middle income,TKM,5.628,68.961,4762.66047536389,7.195799828,46.9603023107661,16.8,3.994,5.808546
Uzbekistan,2012,Asia,Europe & Central Asia,Lower middle income,UZB,5.623,70.411,2657.0990908417202,23.60000038,51.3359680175781,22,4.87,29.261903
Angola,2012,Africa,Sub-Saharan Africa,Lower middle income,AGO,5.589,58.916,3682.35229323075,7.699999809,61.5114223949332,34.0909090909091,16.539,25.177394
Albania,2012,Europe,Europe & Central Asia,Upper middle income,ALB,5.55,78.084,3771.84781862015,49.40000153,53.8637553661449,15.7142857142857,13.376,2.860708
Viet Nam,2012,Asia,East Asia & Pacific,Upper middle income,VNM,5.533,73.762,2224.11404253256,36.79999924,31.1222779403029,24.4,1.027,89.510356
Hong Kong SAR of China,2012,Asia,East Asia & Pacific,High income,HKG,5.523,83.450243902439,39887.8192650568,72.9,100,NA,3.285,7.1501
Nicaragua,2012,Americas,Latin America & Caribbean,Lower middle income,NIC,5.507,72.435,1876.1759720149,13.5,57.2316842226606,40.2173913043478,5.208,5.901287
Belarus,2012,Europe,Europe & Central Asia,Upper middle income,BLR,5.504,71.9658536585366,6052.6373706236,46.91,75.5281066894531,26.605504587156,5.962,9.446836
Mauritius,2012,Africa,Sub-Saharan Africa,Upper middle income,MUS,5.477,73.8634146341464,8694.84560747968,35.42,40.0369511615085,18.8405797101449,7.472,1.255882
Russian Federation,2012,Europe,Europe & Central Asia,High income,RUS,5.464,70.0721951219512,9464.0107421875,66,73.97265625,13.5555555555556,5.484,143.378447
North Cyprus,2012,Asia,Europe & Central Asia,High income,CYP,5.463,81.128,24285.484375,60.6898684001903,67.3010289148738,10.7142857142857,12.097,1.165397
Greece,2012,Europe,Europe & Central Asia,High income,GRC,5.435,80.6341463414634,17924.6620496886,55.0699934418411,76.8679797449322,21,24.731,11.045011
Lithuania,2012,Europe,Europe & Central Asia,High income,LTU,5.426,73.8634146341464,12516.6184065667,67.2299893276414,66.8536758422852,24.4604316546763,13.365,2.989139
Estonia,2012,Europe,Europe & Central Asia,High income,EST,5.426,76.3268292682927,16460.6843479001,78.3899259259259,67.9629593320316,20.7920792079208,10.021,1.322696
Algeria,2012,Africa,"Middle East, North Africa, Afghanistan & Pakistan",Upper middle income,DZA,5.422,74.609,4518.43978956464,18.200000760000002,68.3421258553675,31.6017316017316,10.97,37.646166
Jordan,2012,Asia,"Middle East, North Africa, Afghanistan & Pakistan",Upper middle income,JOR,5.414,74.087,5135.0327939589,37,84.9592629639423,10.8333333333333,12.2,7.587127
Jamaica,2012,Americas,Latin America & Caribbean,Upper middle income,JAM,5.374,72.405,5284.00852557589,33.79,54.2478817703732,12.6984126984127,8.695,2.77243
Indonesia,2012,Asia,East Asia & Pacific,Upper middle income,IDN,5.348,68.862,2930.518445323,14.52,51.1593933105469,18.5714285714286,4.468,252.698525
Türkiye,2012,Asia,Europe & Central Asia,Upper middle income,TUR,5.345,75.552,9588.32066531438,45.13,73.7788680234324,14.1818181818182,9.21,75.175827
Libya,2012,Africa,"Middle East, North Africa, Afghanistan & Pakistan",Upper middle income,LBY,5.34,72.188,12599.258882136,15.19999981,88.0727920532227,16.5,19.03,6.179328
Bahrain,2012,Asia,"Middle East, North Africa, Afghanistan & Pakistan",High income,BHR,5.312,79.622,23894.8804447088,88,100,10,1.2,1.208964
Montenegro,2012,Europe,Europe & Central Asia,Upper middle income,MNE,5.299,76.3,5948.37632539014,56.8387825490631,64.5244008658951,17.2839506172839,19.808,0.621418
Pakistan,2012,Asia,"Middle East, North Africa, Afghanistan & Pakistan",Lower middle income,PAK,5.292,64.883,1275.48806898966,8.100000381,35.2160229383731,22.5146198830409,3.667,207.667125
Nigeria,2012,Africa,Sub-Saharan Africa,Lower middle income,NGA,5.248,51.688,2403.65387896987,16.10000038,53.302114902293,6.66666666666667,3.761,176.200625
Kosovo,2012,Europe,Europe & Central Asia,Upper middle income,XKX,5.222,75.75,3021.35000691677,NA,38.2296959226488,NA,NA,1.807126
Honduras,2012,Americas,Latin America & Caribbean,Lower middle income,HND,5.142,70.46,2188.39378817891,18.12,52.6641557109031,19.53125,3.755,8.715076
Portugal,2012,Europe,Europe & Central Asia,High income,PRT,5.101,80.3731707317073,18679.7626789594,60.3399974868057,61.1409793914666,28.695652173913,15.509,10.514844
Ghana,2012,Africa,Sub-Saharan Africa,Lower middle income,GHA,5.091,61.995,1640.54072088003,10.6,51.9197918381031,NA,3.126,26.734268
Ukraine,2012,Europe,Europe & Central Asia,Upper middle income,UKR,5.057,71.09,2426.92944335938,35.27,68.8241983107739,9.43820224719101,7.529,46.210056
Latvia,2012,Europe,Europe & Central Asia,High income,LVA,5.046,73.7780487804878,11971.0107466522,73.1199437663748,67.8331638942219,23,15.047,2.034319
Kyrgyzstan,2012,Asia,Europe & Central Asia,Lower middle income,KGZ,5.042,70.0024390243902,985.8472865972,19.799999239999998,35.218916221918,23.3333333333333,3.786,5.652076
Romania,2012,Europe,Europe & Central Asia,High income,ROU,5.033,74.4121951219512,8234.28553425194,45.8799942529424,53.9563092496073,13.3495145631068,6.794,20.058035
Zambia,2012,Africa,Sub-Saharan Africa,Lower middle income,ZMB,5.006,58.704,1258.78938578996,4.099999905,40.7698556821596,11.4649681528662,7.85,14.913629
Philippines,2012,Asia,East Asia & Pacific,Upper middle income,PHL,4.985,69.237,2533.74141964959,30.799999239999998,47.9182784810426,22.887323943662,3.504,100.175512
China,2012,Asia,East Asia & Pacific,Upper middle income,CHN,4.978,76.2,6723.09003744607,42.30009842,53.1003112792969,21.3230355943586,4.58,1354.19
Mozambique,2012,Africa,Sub-Saharan Africa,Low income,MOZ,4.971,56.46,540.2945177803,5,31.4315251735105,39.2,3.304,24.337846
Dominican Republic,2012,Americas,Latin America & Caribbean,Upper middle income,DOM,4.963,72.817,5860.29893321013,42.32,74.2398679969568,20.7650273224044,6.722,10.070411
South Africa,2012,Africa,Sub-Saharan Africa,Upper middle income,ZAF,4.963,61.737,6121.55783860713,41,62.9616560303263,42.25,24.727,53.782567
Lebanon,2012,Asia,"Middle East, North Africa, Afghanistan & Pakistan",Lower middle income,LBN,4.931,77.941,8920.8056984673,61.24980164,88.0195066808075,3.125,7.952,5.235742
Lesotho,2012,Africa,Sub-Saharan Africa,Lower middle income,LSO,4.898,48.235,1086.39034816283,10,29.8970340055453,26.6666666666667,15.761,2.034354
Morocco,2012,Africa,"Middle East, North Africa, Afghanistan & Pakistan",Lower middle income,MAR,4.885,71.674,2927.45043945313,55.4160531914894,59.4348555979895,16.9620253164557,8.99,33.355241
Swaziland,2012,Africa,Sub-Saharan Africa,Lower middle income,SWZ,4.867,50.714,3218.50138205493,20.78179932,22.6237715926065,13.6363636363636,25.226,1.123863
Mongolia,2012,Asia,East Asia & Pacific,Upper middle income,MNG,4.834,69.500243902439,3318.16496597089,16.4,67.9522782537785,14.8648648648649,3.905,2.839705
Zimbabwe,2012,Africa,Sub-Saharan Africa,Lower middle income,ZWE,4.827,55.386,1360.15230034275,12,32.7931752128328,14.9532710280374,5.057,13.817887
Tunisia,2012,Africa,"Middle East, North Africa, Afghanistan & Pakistan",Lower middle income,TUN,4.826,74.599,3900.04620132702,41.4416008,67.2098922729492,26.7281105990783,17.63,11.009647
Iraq,2012,Asia,"Middle East, North Africa, Afghanistan & Pakistan",Upper middle income,IRQ,4.817,68.827,4387.90469058707,7.099999905,69.2222213745117,25.2307692307692,7.965,33.654842
Serbia,2012,Europe,Europe & Central Asia,Upper middle income,SRB,4.813,74.8365853658537,5739.3075023532,48.09999847,59.3468437194824,33.2,24,7.201497
Bosnia and Herzegovina,2012,Europe,Europe & Central Asia,Upper middle income,BIH,4.813,77.037,4139.91732773657,45.0644989,46.3655655972,21.4285714285714,28.01,3.670113
Bangladesh,2012,Asia,South Asia,Lower middle income,BGD,4.804,68.989,1050.39140404066,5,28.4787972894576,19.7142857142857,4.07,155.070101
Lao PDR,2012,Asia,East Asia & Pacific,Lower middle income,LAO,4.787,65.126,1774.63585203672,10.74769974,31.7422801040872,25,1.208,6.518978
Hungary,2012,Europe,Europe & Central Asia,High income,HUN,4.775,75.0634146341463,11440.7622718825,70.579998153838,69.5772326660156,8.80829015544041,11.003,9.920362
India,2012,Asia,South Asia,Lower middle income,IND,4.772,68.076,1333.09626557649,11.100000380000001,31.5898935604399,11.0091743119266,7.645,1278.674502
Mauritania,2012,Africa,Sub-Saharan Africa,Lower middle income,MRT,4.758,65.808,1492.69966692583,5,48.2732447351525,22.1052631578947,9.864,3.619034
State of Palestine,2012,Asia,"Middle East, North Africa, Afghanistan & Pakistan",Lower middle income,PSE,4.7,73.722,3237.91619995789,43.4,84.5465135943222,NA,19.202,3.979998
Iran,2012,Asia,"Middle East, North Africa, Afghanistan & Pakistan",Upper middle income,IRN,4.643,75.039,5058.64637811835,22.73,71.7633634041294,3.10344827586207,12.275,79.37058
Azerbaijan,2012,Asia,Europe & Central Asia,Upper middle income,AZE,4.604,71.08,5193.17501119552,54.20000076,53.8076442276208,16,5.19,9.295784
DR Congo,2012,Africa,Sub-Saharan Africa,Low income,COD,4.578,57.35,408.966232816288,1.679999948,40.1770385579151,8.94308943089431,4.485,73.254618
North Macedonia,2012,Europe,Europe & Central Asia,Upper middle income,MKD,4.574,74.9024390243903,4708.05168535923,57.449947312961,58.3924217811729,32.520325203252,31.096,1.929821
Ethiopia,2012,Africa,Sub-Saharan Africa,Low income,ETH,4.561,61.443,481.639999909808,2.9000000950000002,18.2061367034912,27.7879341864717,2.252,95.798767
Uganda,2012,Africa,Sub-Saharan Africa,Low income,UGA,4.443,61.579,823.580468285493,4.800000191,21.372369321253,34.9740932642487,3.551,34.337438
Myanmar,2012,Asia,East Asia & Pacific,Lower middle income,MMR,4.439,64.251,953.123081923425,1.399999976,29.3956289363345,6.03248259860789,0.768,49.837446
Cameroon,2012,Africa,Sub-Saharan Africa,Lower middle income,CMR,4.42,58.17,1319.66961634054,7.5,51.5887119982861,13.8888888888889,3.836,20.809529
Kenya,2012,Africa,Sub-Saharan Africa,Lower middle income,KEN,4.403,61.537,1396.30178709756,10.5,31.8558130142761,9.82142857142857,2.678,43.888303
Sudan,2012,Africa,Sub-Saharan Africa,Low income,SDN,4.401,63.427,1288.25854492188,NA,33.1425561614901,24.5762711864407,16.973,36.923178
Tajikistan,2012,Asia,Europe & Central Asia,Lower middle income,TJK,4.38,69.13,849.519080831738,14.51000023,26.4102249145508,19.047619047619,7.022,8.014084
Haiti,2012,Americas,Latin America & Caribbean,Lower middle income,HTI,4.341,62.273,1354.88546124499,9.800000191,47.4314843495779,4.21052631578947,14.1,10.069771
Sierra Leone,2012,Africa,Sub-Saharan Africa,Low income,SLE,4.318,53.159,1025.04366004502,2.5,39.4644094876975,12.396694214876,4.378,6.55108
Armenia,2012,Asia,Europe & Central Asia,Upper middle income,ARM,4.316,74.119512195122,3159.75860786889,37.5,64.3268379506998,10.6870229007634,17.511,3.0241
Congo,2012,Africa,Sub-Saharan Africa,Lower middle income,COG,4.297,62.662,2467.06102906839,6.106699944,62.7187169094345,7.35294117647059,19.491,4.74045
Egypt,2012,Africa,"Middle East, North Africa, Afghanistan & Pakistan",Lower middle income,EGY,4.273,69.464,3220.99194201188,26.4,42.8118514138525,1.96850393700787,12.597,93.161001
Burkina Faso,2012,Africa,Sub-Saharan Africa,Low income,BFA,4.259,57.457,600.731343697818,3.7249999049999998,24.8001912059054,15.748031496063,3.849,17.172287
Mali,2012,Africa,Sub-Saharan Africa,Low income,MLI,4.247,56.696,786.323471337187,2.799999952,24.1606168848588,10.2040816326531,1.462,16.957033
Liberia,2012,Africa,Sub-Saharan Africa,Low income,LBR,4.196,59.785,674.360011422232,2.5999999049999998,49.1773247639526,10.958904109589,2.146,4.373043
Georgia,2012,Asia,Europe & Central Asia,Upper middle income,GEO,4.187,72.672,3609.780798626,36.93999863,56.1683526759979,12,19.653,3.728874
Nepal,2012,Asia,South Asia,Lower middle income,NPL,4.156,67.364,775.310578479839,11.14929962,63.6558406194333,33.1649831649832,10.632,27.534915
Niger,2012,Africa,Sub-Saharan Africa,Low income,NER,4.152,57.987,463.066265496402,1.049999952,16.2141284004355,13.2743362831858,2.177,17.836769
Sri Lanka,2012,Asia,South Asia,Upper middle income,LKA,4.151,75.187,3484.79048392653,9.00039959,18.2617686748284,5.77777777777778,3.88,21.169458
Gabon,2012,Africa,Sub-Saharan Africa,Upper middle income,GAB,4.114,65.438,6803.22668079211,24,86.8838635787001,15.7894736842105,19.661,1.846889
Malawi,2012,Africa,Sub-Saharan Africa,Low income,MWI,4.113,59.87,512.74031797451,4.350599766,15.6253133040464,22.279792746114,4.949,15.709577
Cambodia,2012,Asia,East Asia & Pacific,Lower middle income,KHM,4.067,68.371,1295.25271477893,4.94,23.9411047582349,20.3252032520325,0.505,14.945085
Chad,2012,Africa,Sub-Saharan Africa,Low income,TCD,4.056,50.765,1016.42152061942,2.0999999049999998,22.1061904148178,14.8936170212766,0.886,13.210998
Yemen,2012,Asia,"Middle East, North Africa, Afghanistan & Pakistan",Low income,YEM,4.054,67.569,1981.45800046603,17.44650078,31.2031839858628,0.332225913621262,13.473,28.433647
Afghanistan,2012,Asia,"Middle East, North Africa, Afghanistan & Pakistan",Low income,AFG,4.04,61.735,568.929021458341,5.454500198,23.3434391310979,27.710843373494,7.875,30.560034
Bulgaria,2012,Europe,Europe & Central Asia,High income,BGR,3.981,74.3146341463415,6693.76983060797,51.8999876658503,72.7684860229492,22.9166666666667,12.27,7.305888
Botswana,2012,Africa,Sub-Saharan Africa,Upper middle income,BWA,3.97,60.384,5742.91924452636,16,64.3993247826904,7.93650793650794,17.916,2.108617
Madagascar,2012,Africa,Sub-Saharan Africa,Low income,MDG,3.966,63.007,442.641500123543,2.299999952,28.3988032871081,17.4863387978142,0.599,23.462438
Senegal,2012,Africa,Sub-Saharan Africa,Lower middle income,SEN,3.959,65.229,1154.05677992367,10.80000019,44.5359772452989,42.6666666666667,3.896,13.310495
Syria,2012,Asia,"Middle East, North Africa, Afghanistan & Pakistan",Low income,SYR,3.892,66.206,1142.29215064994,24.30010033,65.0896662830335,12,13.8,22.759763
Comoros,2012,Africa,Sub-Saharan Africa,Lower middle income,COM,3.851,63.463,1313.58187559666,5.975299835,29.397950693899,3.03030303030303,4.091,0.68163
Guinea,2012,Africa,Sub-Saharan Africa,Lower middle income,GIN,3.847,57.117,719.505916794546,3.0999999049999998,34.3313936933767,NA,4.874,10.921581
Tanzania,2012,Africa,Sub-Saharan Africa,Lower middle income,TZA,3.77,62.286,851.910705566406,3.950000048,29.4878764597911,36,3.223,47.37426
Rwanda,2012,Africa,Sub-Saharan Africa,Low income,RWA,3.715,64.189,647.436613845487,8.023900032,16.9410248882148,56.25,11.671,10.829901
Burundi,2012,Africa,Sub-Saharan Africa,Low income,BDI,3.706,58.501,256.180393931874,1.220000029,12.2244596804615,30.4761904761905,1.593,10.071028
Central African Republic,2012,Africa,Sub-Saharan Africa,Low income,CAF,3.623,51.336,553.729578314912,2.4000000950000002,39.0301696038517,12.5,5.58,4.610848
Benin,2012,Africa,Sub-Saharan Africa,Lower middle income,BEN,3.528,58.559,943.918771531001,4.5,44.0475065829838,8.43373493975904,2.458,10.397657
Togo,2012,Africa,Sub-Saharan Africa,Lower middle income,TGO,2.936,57.953,733.683602929868,4,38.4194359598204,11.1111111111111,2.029,6.653718
Denmark,2011,Europe,Europe & Central Asia,High income,DNK,7.856,79.8,51667.5313210425,89.8100133895232,87.1567653955846,39.1061452513966,7.769,5.570572
Finland,2011,Europe,Europe & Central Asia,High income,FIN,7.579,80.4707317073171,44391.4535667984,88.70999491353,70.0583261874252,42.5,7.781,5.388272
Norway,2011,Europe,Europe & Central Asia,High income,NOR,7.524,81.2951219512195,74563.8349085669,93.4899826515194,79.311620451463,39.6449704142012,3.196,4.953088
Netherlands,2011,Europe,Europe & Central Asia,High income,NLD,7.512,81.2048780487805,45239.7198745589,91.4199957622284,88.0059204972573,40.6666666666667,4.977,16.693074
Canada,2011,Americas,North America,High income,CAN,7.499,81.4826829268293,42043.6842044008,83,81.1031425434213,24.7557003257329,7.637,34.339221
Switzerland,2011,Europe,Europe & Central Asia,High income,CHE,7.499,82.6951219512195,83307.3180998465,85.1930281804854,73.65058748615,28.5,4.409,7.912398
Sweden,2011,Europe,Europe & Central Asia,High income,SWE,7.379,81.8024390243903,49356.5905257047,92.7699860554046,85.3600748880524,44.6991404011461,7.804,9.449213
New Zealand,2011,Oceania,East Asia & Pacific,High income,NZL,7.372,81.1560975609756,35961.911959259,81.23000336,85.8233151875134,32.2314049586777,6.491,4.384
Australia,2011,Oceania,East Asia & Pacific,High income,AUS,7.345,81.8951219512195,54296.2321324814,79.4876977139029,86.3268946146423,24.6666666666667,5.083,22.340024
Ireland,2011,Europe,Europe & Central Asia,High income,IRL,7.284,80.7463414634146,47539.9181739968,74.8899729670944,62.0872735820277,15.0602409638554,15.354,4.580084
United States,2011,Americas,North America,High income,USA,7.27,78.6414634146341,53215.5362314388,69.7294607619268,80.6957554256024,16.8202764976959,8.949,311.83946099999997
Costa Rica,2011,Americas,Latin America & Caribbean,High income,CRI,7.251,79.624,10612.4694960426,39.2121959961842,72.8426586679914,38.5964912280702,9.518,4.609833
Austria,2011,Europe,Europe & Central Asia,High income,AUT,7.227,80.9829268292683,44146.1956805294,78.7399930986888,67.1484255415056,27.8688524590164,4.637,8.391643
Israel,2011,Asia,"Middle East, North Africa, Afghanistan & Pakistan",High income,ISR,7.199,81.6560975609756,34499.9509262825,68.8738779907441,91.7304024673781,20,7.139,7.7658
Belgium,2011,Europe,Europe & Central Asia,High income,BEL,7.113,80.5853658536585,40236.9596308558,81.6099959955952,85.2349607044689,38,7.14,11.038264
Luxembourg,2011,Europe,Europe & Central Asia,High income,LUX,7.051,80.9878048780488,105292.012346074,90.0298585646936,88.9562814837254,25,5.122,0.518347
United Arab Emirates,2011,Asia,"Middle East, North Africa, Afghanistan & Pakistan",High income,ARE,6.977,81.898,43687.7919424546,78,83.5695007795347,17.5,2.587,7.104538
United Kingdom,2011,Europe,Europe & Central Asia,High income,GBR,6.936,80.9512195121951,42791.0934313474,85.3799985496322,81.1359685592627,22.3076923076923,8.195,63.25881
Venezuela,2011,Americas,Latin America & Caribbean,Lower middle income,VEN,6.922,73.09,4444.55159079494,40.22,88.8079278904659,16.969696969697,6.902,29.185212
Iceland,2011,Europe,Europe & Central Asia,High income,ISL,6.888,82.3585365853659,50058.8302665144,94.8196868008949,93.41106112427,39.6825396825397,7.028,0.319014
Panama,2011,Americas,Latin America & Caribbean,High income,PAN,6.863,76.659,11761.4988547604,42.7,65.1896678664818,8.45070422535211,4.03,3.693505
Spain,2011,Europe,Europe & Central Asia,High income,ESP,6.761,82.4756097560976,25510.5579678829,67.0899993926581,78.695397956495,36,21.39,46.742697
France,2011,Europe,Europe & Central Asia,High income,FRA,6.746,82.1146341463415,36269.9561530888,77.8199989926706,77.1182717387509,18.8908145580589,9.228,65.34083
Mexico,2011,Americas,Latin America & Caribbean,Upper middle income,MEX,6.74,73.921,9575.93437734618,37.1762954125184,76.5667802279537,26.2,5.175,115.243504
Brazil,2011,Americas,Latin America & Caribbean,Upper middle income,BRA,6.697,74.047,9067.99316348047,45.69,84.6225758599683,8.57699805068226,7.578,195.284734
Saudi Arabia,2011,Asia,"Middle East, North Africa, Afghanistan & Pakistan",High income,SAU,6.597,75.808,23314.5576023168,47.5,82.2543876159947,0,5.77,25.091867
Puerto Rico,2011,Americas,Latin America & Caribbean,High income,PRI,6.593,78.766,28706.0207514856,48,93.7598202101009,NA,15.7,3.693464
Italy,2011,Europe,Europe & Central Asia,High income,ITA,6.578,82.1878048780488,32039.5032494316,54.3899983018814,68.4015073889511,21.5873015873016,8.359,60.026841
Kuwait,2011,Asia,"Middle East, North Africa, Afghanistan & Pakistan",High income,KWT,6.574,78.052243902439,33545.346271839,65.7690706867398,100,7.69230769230769,2.051,3.132814
Germany,2011,Europe,Europe & Central Asia,High income,DEU,6.572,80.4365853658537,40722.4849268242,81.26999953602,80.3405762928198,32.9032258064516,5.967,80.274983
Qatar,2011,Asia,"Middle East, North Africa, Afghanistan & Pakistan",High income,QAT,6.569,79.994,83533.4963791019,69,98.6300610210909,0,0.56,1.624761
Turkmenistan,2011,Asia,Europe & Central Asia,Upper middle income,TKM,6.568,68.87,4383.14380872567,5,46.9397537877858,16.8,4.003,5.683417
Singapore,2011,Asia,East Asia & Pacific,High income,SGP,6.549,81.7439024390244,50713.5326393594,71,100,22.2222222222222,3.89,5.183688
Belize,2011,Americas,Latin America & Caribbean,Upper middle income,BLZ,6.451,70.975,5802.24344531492,30.700000760000002,44.9417819131729,0,8.424,0.327298
Cyprus,2011,Asia,Europe & Central Asia,High income,CYP,6.416,80.855,25538.76953125,56.8598923503507,67.3979892758544,10.7142857142857,7.942,1.146493
Czechia,2011,Europe,Europe & Central Asia,High income,CZE,6.36,77.8731707317073,16926.2846674435,70.49,73.2878338394746,22,6.712,10.496088
Guatemala,2011,Americas,Latin America & Caribbean,Upper middle income,GTM,6.277,70.321,3621.37582644774,12.30000019,51.8657469899423,13.2911392405063,3.169,14.792126
Trinidad and Tobago,2011,Americas,Latin America & Caribbean,High income,TTO,6.263,72.232,17746.509252615,55.2,53.9253615474727,28.5714285714286,3.425,1.328019
Argentina,2011,Americas,Latin America & Caribbean,Upper middle income,ARG,6.242,76.1,14040.6189124444,51,91.1072286738406,37.3540856031128,7.18,41.73066
Jamaica,2011,Americas,Latin America & Caribbean,Upper middle income,JAM,6.208,72.245,5339.62170188798,37.438613414848,53.956586109128,12.6984126984127,8.034,2.760494
Colombia,2011,Americas,Latin America & Caribbean,Upper middle income,COL,6.202,75.18,5517.1011086899,40.3509157546318,76.839003613206,12.1212121212121,10.288,45.259614
Greece,2011,Europe,Europe & Central Asia,High income,GRC,6.133,80.7317073170732,19448.255802525,51.6499951676815,76.6352609929407,18.6666666666667,17.973,11.104899
Chile,2011,Americas,Latin America & Caribbean,High income,CHL,6.128,79.236,12252.8441074615,52.2496072877744,87.0109164653326,14.1666666666667,7.492,17.351816
Japan,2011,Asia,East Asia & Pacific,High income,JPN,6.059,82.5912195121951,33306.1802259719,79.0541135244739,90.8631654434251,10.8333333333333,4.55,127.833
Guyana,2011,Americas,Latin America & Caribbean,High income,GUY,5.993,66.469,5133.89539813637,30,26.3999996185303,31.3432835820896,11.811,0.746153
Malta,2011,Europe,"Middle East, North Africa, Afghanistan & Pakistan",High income,MLT,5.96,80.7463414634146,20867.9213022084,68.0198237885462,94.3155916422812,8.69565217391304,6.388,0.416268
El Salvador,2011,Americas,Latin America & Caribbean,Upper middle income,SLV,5.956,71.192,3515.19664634846,18.89999962,66.334413642034,19.047619047619,4.297,6.090127
Slovenia,2011,Europe,Europe & Central Asia,High income,SVN,5.922,79.9707317073171,20535.4155754108,67.3399948092396,49.9463818748723,32.2222222222222,8.166,2.052843
Uruguay,2011,Americas,Latin America & Caribbean,High income,URY,5.898,76.614,15443.9961926395,51.4046610563616,94.6036824756941,12.1212121212121,6.307,3.326825
Malaysia,2011,Asia,East Asia & Pacific,Upper middle income,MYS,5.823,75.488,8400.32248683558,61,71.4245166681964,10.4072398190045,3.05,29.162039
Thailand,2011,Asia,East Asia & Pacific,Upper middle income,THA,5.804,75.302,5070.23740191942,23.669925618731,44.8048723557374,15.8,0.66,69.007208
Poland,2011,Europe,Europe & Central Asia,High income,POL,5.803,76.6951219512195,11370.313427173,61.94999896898,60.7357090652544,23.695652173913,9.576,38.063255
Jordan,2011,Asia,"Middle East, North Africa, Afghanistan & Pakistan",Upper middle income,JOR,5.706,73.929,5085.98005025386,34.9,83.5505043825064,10.8333333333333,12.9,7.480424
Slovakia,2011,Europe,Europe & Central Asia,High income,SVK,5.657,75.9585365853659,14950.8735178599,74.4399971746757,54.4167387988534,16,13.634,5.398384
Republic of Korea,2011,Asia,East Asia & Pacific,High income,KOR,5.643,80.5682926829269,27393.455357272,83.7591201534472,81.9615408086376,14.7157190635452,2.992,49.936638
Bolivia,2011,Americas,Latin America & Caribbean,Lower middle income,BOL,5.633,66.282,2568.52051674406,30,66.833715633176,25.3846153846154,2.255,10.348929
Croatia,2011,Europe,Europe & Central Asia,High income,HRV,5.623,76.7756097560976,11993.1337166457,57.7899789891444,55.2773793281248,23.841059602649,13.678,4.280622
Kazakhstan,2011,Asia,Europe & Central Asia,Upper middle income,KAZ,5.594,69.108,9223.3021336315,50.6,54.3996086425518,17.7570093457944,5.39,17.066002
Lithuania,2011,Europe,Europe & Central Asia,High income,LTU,5.588,73.5634146341464,11836.7200384033,63.6399774002179,66.7518340055756,19.1489361702128,15.39,3.028115
Bahrain,2011,Asia,"Middle East, North Africa, Afghanistan & Pakistan",High income,BHR,5.568,79.141,23288.0449398313,76.9999665032303,100,10,1.21,1.19502
Belarus,2011,Europe,Europe & Central Asia,Upper middle income,BLR,5.566,70.5536585365854,5941.68999156239,39.6488956598961,75.0597534179688,31.8181818181818,6.024,9.461643
Honduras,2011,Americas,Latin America & Caribbean,Lower middle income,HND,5.564,70.116,2144.56265540491,15.9,51.9908892304951,19.53125,4.474,8.540583
Mauritius,2011,Africa,Sub-Saharan Africa,Upper middle income,MUS,5.477,73.2668292682927,8423.28220250903,34.95000076,40.1665923228716,18.8405797101449,7.447,1.252404
Viet Nam,2011,Asia,East Asia & Pacific,Upper middle income,VNM,5.425,73.713,2132.90453762087,35.07,30.6996041680996,24.4,0.999,88.468314
Ecuador,2011,Americas,Latin America & Caribbean,Upper middle income,ECU,5.425,75.179,5359.45724615639,31.3668083587433,62.7949053547691,32.258064516129,3.458,15.326227
Hong Kong SAR of China,2011,Asia,East Asia & Pacific,High income,HKG,5.424,83.4119512195122,39656.3184510131,72.19999695,100,NA,3.422,7.0716
Kosovo,2011,Europe,Europe & Central Asia,Upper middle income,XKX,5.42,75.323,2995.64811314457,NA,38.0255184272137,NA,NA,1.791949
Cuba,2011,Americas,Latin America & Caribbean,Upper middle income,CUB,5.418,78.051,6902.16397571139,16.0172907996413,76.707663902788,45.221843003413,3.18,11.301571
Paraguay,2011,Americas,Latin America & Caribbean,Upper middle income,PRY,5.398,72.787,5342.19015717376,24.7635158793993,59.693499539898,12.5,4.67,5.814626
Algeria,2011,Africa,"Middle East, North Africa, Afghanistan & Pakistan",Upper middle income,DZA,5.368,74.383,4501.3543013352,14.899999619999999,67.7344007507578,7.96915167095116,9.96,36.903376
Estonia,2011,Europe,Europe & Central Asia,High income,EST,5.33,76.2292682926829,15820.922342204,76.5,67.8775556334506,19.8019801980198,12.328,1.327439
Portugal,2011,Europe,Europe & Central Asia,High income,PRT,5.327,80.4707317073171,19389.6395896162,55.2499968797194,61.1410698395502,28.695652173913,12.715,10.55756
Myanmar,2011,Asia,East Asia & Pacific,Lower middle income,MMR,5.322,63.859,895.512538750361,0.98,29.2724765136213,3.54430379746835,0.749,49.41982
Republic of Moldova,2011,Europe,Europe & Central Asia,Upper middle income,MDA,5.305,70.173,2402.94446306051,32.06999969,39.3469161987305,19.8019801980198,2.677,2.860699
Russian Federation,2011,Europe,Europe & Central Asia,High income,RUS,5.284,69.6839024390244,9120.8203125,58,73.8534851074219,13.5555555555556,6.571,143.018195
Peru,2011,Americas,Latin America & Caribbean,Upper middle income,PER,5.258,73.327,5453.45718713631,36.01,78.0118164985462,21.5384615384615,3.477,29.304086
Türkiye,2011,Asia,Europe & Central Asia,Upper middle income,TUR,5.234,74.823,9265.85910238578,43.065710430925,71.0028723528334,14.1818181818182,9.789,74.223629
Uzbekistan,2011,Asia,Europe & Central Asia,Lower middle income,UZB,5.225,70.143,2512.68783806993,18.6,51.3395500183105,22,4.96,28.823196
Romania,2011,Europe,Europe & Central Asia,High income,ROU,5.178,74.409756097561,8044.57194920892,40.0099967810008,53.9608874244169,11.2121212121212,7.177,20.147528
Libya,2011,Africa,"Middle East, North Africa, Afghanistan & Pakistan",Upper middle income,LBY,5.178,69.95,6569.59477578957,14,88.0970458984375,NA,19.504,6.343203
Lao PDR,2011,Asia,East Asia & Pacific,Lower middle income,LAO,5.161,64.505,1666.40086189871,9,31.2146877128668,25,0.96,6.42659
Indonesia,2011,Asia,East Asia & Pacific,Upper middle income,IDN,5.159,68.629,2799.62468790318,12.28,50.4830017089844,18.2142857142857,5.153,249.470032
Iran,2011,Asia,"Middle East, North Africa, Afghanistan & Pakistan",Upper middle income,IRN,5.149,74.721,5321.75870744453,19,71.204050944517,2.75862068965517,12.491,78.383598
Pakistan,2011,Asia,"Middle East, North Africa, Afghanistan & Pakistan",Lower middle income,PAK,5.149,64.659,1261.83161907857,8,35.0113675889897,22.5146198830409,0.796,203.746065
Montenegro,2011,Europe,Europe & Central Asia,Upper middle income,MNE,5.147,76.0829268292683,6110.65726880215,35.6115412460109,64.4210914835811,12.3456790123457,19.759,0.620345
Tunisia,2011,Africa,"Middle East, North Africa, Afghanistan & Pakistan",Lower middle income,TUN,5.141,74.471,3784.7412903401,39.1,66.9191886197857,26.7281105990783,18.334,10.886035
Albania,2011,Europe,Europe & Central Asia,Upper middle income,ALB,5.134,78.303,3677.89457937717,47,53.2917382892465,15.7142857142857,13.481,2.905195
Nicaragua,2011,Americas,Latin America & Caribbean,Lower middle income,NIC,5.115,72.033,1786.62863418308,10.6,57.0362425004184,40.2173913043478,6.613,5.819051
South Africa,2011,Africa,Sub-Saharan Africa,Upper middle income,ZAF,5.101,60.602,6067.12482726885,33.97,62.850627754452,42.25,24.639,52.995205
Ukraine,2011,Europe,Europe & Central Asia,Upper middle income,UKR,5.089,70.711,2418.12084960938,28.7082628400713,68.7234299826222,8,7.851,46.307853
Lebanon,2011,Asia,"Middle East, North Africa, Afghanistan & Pakistan",Lower middle income,LBN,5.049,77.768,8936.20027462737,52,87.8270813653079,3.125,7.352,5.09602
Dominican Republic,2011,Americas,Latin America & Caribbean,Upper middle income,DOM,5.036,72.496,5773.57403459156,38,74.2440389501301,20.7650273224044,6.087,9.945621
India,2011,Asia,South Asia,Lower middle income,IND,4.975,67.623,1281.61054354937,10.07,31.2746502853309,11.0091743119266,7.609,1261.224954
Hungary,2011,Europe,Europe & Central Asia,High income,HUN,4.943,74.8585365853659,11536.3578996772,68.0199878861296,69.4779934082031,8.80829015544041,11.029,9.971727
Namibia,2011,Africa,Sub-Saharan Africa,Lower middle income,NAM,4.886,56.647,4302.72451368462,12,42.6276075621535,24.3589743589744,19.481,2.146325
Iraq,2011,Asia,"Middle East, North Africa, Afghanistan & Pakistan",Upper middle income,IRQ,4.882,68.435,4030.01686860986,5,69.1252233869916,25.2307692307692,8.193,32.161424
Bosnia and Herzegovina,2011,Europe,Europe & Central Asia,Upper middle income,BIH,4.857,76.963,4094.25329541877,43.88769913,46.0528777644843,21.4285714285714,27.582,3.741798
Nigeria,2011,Africa,Sub-Saharan Africa,Lower middle income,NGA,4.856,51.49,2370.97657091881,13.80000019,52.490352424079,6.81818181818182,3.77,171.379598
Egypt,2011,Africa,"Middle East, North Africa, Afghanistan & Pakistan",Lower middle income,EGY,4.853,69.232,3222.37650111397,25.6,42.8634168470177,1.96850393700787,11.849,91.093059
Kyrgyzstan,2011,Asia,Europe & Central Asia,Lower middle income,KGZ,4.828,69.6024390243903,1005.4831781815,17.5,35.2466507961984,23.3333333333333,3.644,5.546587
Philippines,2011,Asia,East Asia & Pacific,Upper middle income,PHL,4.825,69.096,2416.75212064542,29,46.6833632464759,22.887323943662,3.592,98.248614
Bangladesh,2011,Asia,South Asia,Lower middle income,BGD,4.807,68.499,995.579947155662,4.5,28.1100162712427,19.7142857142857,3.737,153.591076
Morocco,2011,Africa,"Middle East, North Africa, Afghanistan & Pakistan",Lower middle income,MAR,4.793,71.263,2879.53930664063,46.107482597,58.902576690412,16.9620253164557,8.91,32.912588
Latvia,2011,Europe,Europe & Central Asia,High income,LVA,4.762,73.5756097560976,11018.5152421583,69.7499545592245,67.8266897008267,23,16.206,2.059709
Syria,2011,Asia,"Middle East, North Africa, Afghanistan & Pakistan",Low income,SYR,4.735,72.259,1542.71903961106,22.5,58.4817704183521,12.4,8.626,22.878098
Ghana,2011,Africa,Sub-Saharan Africa,Lower middle income,GHA,4.705,61.617,1537.81834019283,9,51.3304086646488,8.26086956521739,4.213,26.095088
Zambia,2011,Africa,Sub-Saharan Africa,Lower middle income,ZMB,4.705,57.843,1208.46424569634,3.5,40.3684491825881,11.4649681528662,10.548,14.437796
Mozambique,2011,Africa,Sub-Saharan Africa,Low income,MOZ,4.693,55.733,514.869957191994,4.599999905,31.2062230032794,39.2,3.295,23.649039
China,2011,Asia,East Asia & Pacific,Upper middle income,CHN,4.68,75.889,6275.71634288814,38.3,51.8300285339355,21.3230355943586,4.55,1345.035
Mauritania,2011,Africa,Sub-Saharan Africa,Lower middle income,MRT,4.643,65.754,1476.23923867862,4.5,47.1350407023691,22.1052631578947,9.976,3.502811
Malawi,2011,Africa,Sub-Saharan Africa,Low income,MWI,4.624,58.859,517.833736624232,3.33,15.5523153908723,22.279792746114,4.829,15.265022
Tajikistan,2011,Asia,Europe & Central Asia,Lower middle income,TJK,4.614,68.698,809.368229154093,13.02999973,26.4792213439941,19.047619047619,7.04,7.824785
Azerbaijan,2011,Asia,Europe & Central Asia,Upper middle income,AZE,4.582,70.565,5149.20665913206,50,53.5085461893249,16,5.42,9.173082
Botswana,2011,Africa,Sub-Saharan Africa,Upper middle income,BWA,4.581,59.715,5850.07858575461,9,64.0187810722889,7.93650793650794,18.049,2.073535
Serbia,2011,Europe,Europe & Central Asia,Upper middle income,SRB,4.564,74.5365853658537,5737.00120175811,42.2,59.4349187787267,22,22.959,7.236519
Mongolia,2011,Asia,East Asia & Pacific,Upper middle income,MNG,4.562,69.109268292683,3010.81642672623,12.4999911084745,67.9196058798676,3.94736842105263,4.769,2.786317
State of Palestine,2011,Asia,"Middle East, North Africa, Afghanistan & Pakistan",Lower middle income,PSE,4.555,73.557,3128.10811061384,41.08000183,84.2340950604341,NA,17.597,3.882986
Nepal,2011,Asia,South Asia,Lower middle income,NPL,4.474,67.123,742.617252662576,9,63.139949798584,33.1649831649832,10.627,27.464494
Armenia,2011,Asia,Europe & Central Asia,Upper middle income,ARM,4.474,73.8170731707317,2943.83687119315,32,64.3207449145194,8.3969465648855,18.884,3.0279
Yemen,2011,Asia,"Middle East, North Africa, Afghanistan & Pakistan",Low income,YEM,4.454,67.412,1994.83663337222,14.90499973,30.9237389467026,0.332225913621262,13.311,27.582897
Sudan,2011,Africa,Sub-Saharan Africa,Low income,SDN,4.424,63.181,1388.21813964844,NA,32.9059760141986,24.5762711864407,17.44,36.140806
Senegal,2011,Africa,Sub-Saharan Africa,Lower middle income,SEN,4.414,64.799,1139.74447892639,9.800000191,44.0689668509475,22.6666666666667,2.853,12.958897
Cameroon,2011,Africa,Sub-Saharan Africa,Lower middle income,CMR,4.376,57.482,1297.3064962694,5,51.2229843034125,13.8888888888889,3.988,20.232304
North Macedonia,2011,Europe,Europe & Central Asia,Upper middle income,MKD,4.369,75.1,4711.13027870081,56.7,58.2409503926967,30.8943089430894,31.502,1.937398
Uganda,2011,Africa,Sub-Saharan Africa,Low income,UGA,4.313,60.791,816.516366587228,4.599999905,20.0561028736631,34.9740932642487,3.523,33.354543
Madagascar,2011,Africa,Sub-Saharan Africa,Low income,MDG,4.309,62.86,441.755158414121,1.899999976,28.1336807024963,12.5,2.516,22.8223
Sri Lanka,2011,Asia,South Asia,Upper middle income,LKA,4.26,74.74,3232.37349786435,7.956399918,17.7881192817964,5.77777777777778,4.118,21.009048
Afghanistan,2011,Asia,"Middle East, North Africa, Afghanistan & Pakistan",Low income,AFG,4.258,61.25,525.42698276582,5,22.8205691572485,27.710843373494,7.83,29.347708
Rwanda,2011,Africa,Sub-Saharan Africa,Low income,RWA,4.204,63.476,610.376236415572,7,16.9323586881273,56.25,11.756,10.573733
Côte d’Ivoire,2011,Africa,Sub-Saharan Africa,Lower middle income,CIV,4.197,55.972,1426.46463864534,2.9000000950000002,47.6797551269623,11.0236220472441,7.144,22.982
Kenya,2011,Africa,Sub-Saharan Africa,Lower middle income,KEN,4.18,61.283,1370.58000874482,8.800000191,31.8673949025409,9.82142857142857,2.699,42.758461
Angola,2011,Africa,Sub-Saharan Africa,Lower middle income,AGO,4.178,58.093,3528.16824373698,4.699999809,60.8431610396073,38.1818181818182,16.77,24.218352
Guinea,2011,Africa,Sub-Saharan Africa,Lower middle income,GIN,4.171,56.778,696.199991395571,2,34.0732054685603,NA,5.024,10.65681
Niger,2011,Africa,Sub-Saharan Africa,Low income,NER,4.122,57.6,434.986264873953,0.9,16.2303066053496,13.2743362831858,0.316,17.176283
Cambodia,2011,Asia,East Asia & Pacific,Lower middle income,KHM,4.101,67.869,1221.38839852454,3.0999999049999998,22.3824788531276,20.3252032520325,0.577,14.722584
Ethiopia,2011,Africa,Sub-Saharan Africa,Low income,ETH,4.064,60.595,455.909628648555,1.100000024,17.863790512085,27.7879341864717,2.27,93.14997
Liberia,2011,Africa,Sub-Saharan Africa,Low income,LBR,4.04,59.486,646.908727016597,2.5,48.6583302770849,9.58904109589041,2.211,4.221178
DR Congo,2011,Africa,Sub-Saharan Africa,Low income,COD,3.984,56.911,389.119308449762,1.200000048,39.7849692825859,NA,4.317,70.849311
Zimbabwe,2011,Africa,Sub-Saharan Africa,Lower middle income,ZWE,3.978,53.911,1184.93421020563,8.399999619,32.7567295776968,14.9532710280374,5.368,13.595424
Mali,2011,Africa,Sub-Saharan Africa,Low income,MLI,3.967,56.367,818.399030997125,2.2,23.6379674039304,10.2040816326531,1.403,16.469049
Burkina Faso,2011,Africa,Sub-Saharan Africa,Low income,BFA,3.926,57.001,581.603658737407,3,24.4682976845657,15.3153153153153,3.827,16.661908
Chad,2011,Africa,Sub-Saharan Africa,Low income,TCD,3.919,50.426,965.286963559567,1.899999976,21.9558736797638,12.7659574468085,0.92,12.754997
Georgia,2011,Asia,Europe & Central Asia,Upper middle income,GEO,3.892,72.485,3362.1030031968,31.52000046,55.6899257648533,6.56934306569343,19.632,3.756441
Bulgaria,2011,Europe,Europe & Central Asia,High income,BGR,3.889,74.1634146341463,6605.64616736859,47.9799930506026,72.6101653885532,20.8333333333333,11.26,7.348328
Congo,2011,Africa,Sub-Saharan Africa,Lower middle income,COG,3.82,62.286,2307.49384399715,5.6,62.5597508130231,7.2992700729927,19.435,4.609724
Tanzania,2011,Africa,Sub-Saharan Africa,Lower middle income,TZA,3.8,61.618,838.999267578125,3.200000048,28.865726405543,36,3.47,46.029367
Haiti,2011,Americas,Latin America & Caribbean,Lower middle income,HTI,3.789,61.581,1369.16921255852,9,46.7523749519985,4.21052631578947,14.506,9.914904
Comoros,2011,Africa,Sub-Saharan Africa,Lower middle income,COM,3.7,63.105,1299.11093449408,5.5,29.1136750253686,3.03030303030303,4.12,0.668056
Burundi,2011,Africa,Sub-Saharan Africa,Low income,BDI,3.678,57.804,254.242110648215,1.110000014,11.5616652230006,30.4761904761905,1.602,9.717978
Sierra Leone,2011,Africa,Sub-Saharan Africa,Low income,SLE,3.586,52.594,950.760763054593,0.899999976,39.0472153491602,12.9032258064516,4.388,6.387251
Central African Republic,2011,Africa,Sub-Saharan Africa,Low income,CAF,3.568,50.107,532.38295493852,2.200000048,38.8030669465007,12.5,5.638,4.565021
Benin,2011,Africa,Sub-Saharan Africa,Lower middle income,BEN,3.493,58.462,927.716412836707,4.14832306562512,43.4616136137276,8.43373493975904,2.647,10.093623
Togo,2011,Africa,Sub-Saharan Africa,Lower middle income,TGO,3.007,57.624,706.442158827353,3.5,37.9872305648732,11.1111111111111,1.982,6.500582
